ISO-10303-21;
HEADER;
FILE_DESCRIPTION(('auto-generated'),'2;1');
FILE_SCHEMA(('CONFIG_CONTROL_DESIGN'));
ENDSEC;
DATA;
#10=CARTESIAN_POINT('',(0.0,0.0,0.0));
#11=DIRECTION('',(0.0,0.0,1.0));
#12=DIRECTION('',(1.0,0.0,0.0));
#13=AXIS2_PLACEMENT_3D('',#10,#11,#12);
#14=CARTESIAN_POINT('',(-0.010976,-0.046714,-0.8));
#15=VERTEX_POINT('',#14);
#16=CARTESIAN_POINT('',(-0.010976,-0.05769,-0.8));
#17=VERTEX_POINT('',#16);
#18=CARTESIAN_POINT('',(0.042683,-0.05769,-0.8));
#19=VERTEX_POINT('',#18);
#20=CARTESIAN_POINT('',(-0.008537,0.031335,-0.8));
#21=VERTEX_POINT('',#20);
#22=CARTESIAN_POINT('',(0.029268,0.031335,-0.8));
#23=VERTEX_POINT('',#22);
#24=CARTESIAN_POINT('',(0.029268,-0.001592,-0.8));
#25=VERTEX_POINT('',#24);
#26=CARTESIAN_POINT('',(0.062195,-0.052507,-0.8));
#27=VERTEX_POINT('',#26);
#28=CARTESIAN_POINT('',(0.062195,-0.041531,-0.8));
#29=VERTEX_POINT('',#28);
#30=CARTESIAN_POINT('',(0.042683,0.04231,-0.8));
#31=VERTEX_POINT('',#30);
#32=CARTESIAN_POINT('',(0.029268,-0.012568,-0.8));
#33=VERTEX_POINT('',#32);
#34=CARTESIAN_POINT('',(0.029268,-0.046714,-0.8));
#35=VERTEX_POINT('',#34);
#36=CARTESIAN_POINT('',(-0.006098,-0.012568,-0.8));
#37=VERTEX_POINT('',#36);
#38=CARTESIAN_POINT('',(-0.006098,-0.001592,-0.8));
#39=VERTEX_POINT('',#38);
#40=CARTESIAN_POINT('',(0.111726,-0.054295,-0.8));
#41=VERTEX_POINT('',#40);
#42=CARTESIAN_POINT('',(0.145122,-0.05769,-0.8));
#43=VERTEX_POINT('',#42);
#44=CARTESIAN_POINT('',(0.102034,-0.057631,-0.8));
#45=VERTEX_POINT('',#44);
#46=CARTESIAN_POINT('',(0.095591,-0.0583,-0.8));
#47=VERTEX_POINT('',#46);
#48=CARTESIAN_POINT('',(-0.008537,0.04231,-0.8));
#49=VERTEX_POINT('',#48);
#50=CARTESIAN_POINT('',(0.131308,0.015972,-0.8));
#51=VERTEX_POINT('',#50);
#52=CARTESIAN_POINT('',(0.125447,0.025321,-0.8));
#53=VERTEX_POINT('',#52);
#54=CARTESIAN_POINT('',(0.182927,0.04231,-0.8));
#55=VERTEX_POINT('',#54);
#56=CARTESIAN_POINT('',(0.09546,0.031448,-0.8));
#57=VERTEX_POINT('',#56);
#58=CARTESIAN_POINT('',(0.102945,0.028747,-0.8));
#59=VERTEX_POINT('',#58);
#60=CARTESIAN_POINT('',(0.063987,-0.042524,-0.8));
#61=VERTEX_POINT('',#60);
#62=CARTESIAN_POINT('',(0.109867,0.024117,-0.8));
#63=VERTEX_POINT('',#62);
#64=CARTESIAN_POINT('',(0.115905,0.01745,-0.8));
#65=VERTEX_POINT('',#64);
#66=CARTESIAN_POINT('',(0.123171,-0.008757,-0.8));
#67=VERTEX_POINT('',#66);
#68=CARTESIAN_POINT('',(0.122158,-0.019582,-0.8));
#69=VERTEX_POINT('',#68);
#70=CARTESIAN_POINT('',(0.119441,-0.028184,-0.8));
#71=VERTEX_POINT('',#70);
#72=CARTESIAN_POINT('',(0.097189,-0.046887,-0.8));
#73=VERTEX_POINT('',#72);
#74=CARTESIAN_POINT('',(0.087862,-0.047934,-0.8));
#75=VERTEX_POINT('',#74);
#76=CARTESIAN_POINT('',(0.104476,-0.044205,-0.8));
#77=VERTEX_POINT('',#76);
#78=CARTESIAN_POINT('',(0.110613,-0.040068,-0.8));
#79=VERTEX_POINT('',#78);
#80=CARTESIAN_POINT('',(0.115306,-0.035118,-0.8));
#81=VERTEX_POINT('',#80);
#82=CARTESIAN_POINT('',(0.074588,-0.04646,-0.8));
#83=VERTEX_POINT('',#82);
#84=CARTESIAN_POINT('',(0.120028,0.009729,-0.8));
#85=VERTEX_POINT('',#84);
#86=CARTESIAN_POINT('',(0.122694,-0.000976,-0.8));
#87=VERTEX_POINT('',#86);
#88=CARTESIAN_POINT('',(0.116418,0.034004,-0.8));
#89=VERTEX_POINT('',#88);
#90=CARTESIAN_POINT('',(0.196341,0.04231,-0.8));
#91=VERTEX_POINT('',#90);
#92=CARTESIAN_POINT('',(0.196341,-0.05769,-0.8));
#93=VERTEX_POINT('',#92);
#94=CARTESIAN_POINT('',(0.11977,-0.049159,-0.8));
#95=VERTEX_POINT('',#94);
#96=CARTESIAN_POINT('',(0.127281,-0.041251,-0.8));
#97=VERTEX_POINT('',#96);
#98=CARTESIAN_POINT('',(0.145122,-0.046714,-0.8));
#99=VERTEX_POINT('',#98);
#100=CARTESIAN_POINT('',(0.132609,-0.031742,-0.8));
#101=VERTEX_POINT('',#100);
#102=CARTESIAN_POINT('',(0.182927,-0.046714,-0.8));
#103=VERTEX_POINT('',#102);
#104=CARTESIAN_POINT('',(0.135618,-0.021157,-0.8));
#105=VERTEX_POINT('',#104);
#106=CARTESIAN_POINT('',(0.136585,-0.009576,-0.8));
#107=VERTEX_POINT('',#106);
#108=CARTESIAN_POINT('',(0.135147,0.004641,-0.8));
#109=VERTEX_POINT('',#108);
#110=CARTESIAN_POINT('',(0.10692,0.039471,-0.8));
#111=VERTEX_POINT('',#110);
#112=CARTESIAN_POINT('',(0.095772,0.04271,-0.8));
#113=VERTEX_POINT('',#112);
#114=CARTESIAN_POINT('',(0.085728,0.04353,-0.8));
#115=VERTEX_POINT('',#114);
#116=CARTESIAN_POINT('',(0.073757,0.042704,-0.8));
#117=VERTEX_POINT('',#116);
#118=CARTESIAN_POINT('',(0.062195,0.039566,-0.8));
#119=VERTEX_POINT('',#118);
#120=CARTESIAN_POINT('',(0.062195,0.026152,-0.8));
#121=VERTEX_POINT('',#120);
#122=CARTESIAN_POINT('',(0.073459,0.030975,-0.8));
#123=VERTEX_POINT('',#122);
#124=CARTESIAN_POINT('',(0.085614,0.032554,-0.8));
#125=VERTEX_POINT('',#124);
#126=CARTESIAN_POINT('',(0.08971,-0.058909,-0.8));
#127=VERTEX_POINT('',#126);
#128=CARTESIAN_POINT('',(0.086976,-0.058862,-0.8));
#129=VERTEX_POINT('',#128);
#130=CARTESIAN_POINT('',(0.082959,-0.0583,-0.8));
#131=VERTEX_POINT('',#130);
#132=CARTESIAN_POINT('',(0.072855,-0.056884,-0.8));
#133=VERTEX_POINT('',#132);
#134=CARTESIAN_POINT('',(-0.118293,-0.05769,-0.8));
#135=VERTEX_POINT('',#134);
#136=CARTESIAN_POINT('',(-0.105982,-0.030282,-0.8));
#137=VERTEX_POINT('',#136);
#138=CARTESIAN_POINT('',(-0.100247,-0.039226,-0.8));
#139=VERTEX_POINT('',#138);
#140=CARTESIAN_POINT('',(-0.193902,-0.05769,-0.8));
#141=VERTEX_POINT('',#140);
#142=CARTESIAN_POINT('',(-0.208537,-0.05769,-0.8));
#143=VERTEX_POINT('',#142);
#144=CARTESIAN_POINT('',(-0.169512,0.04231,-0.8));
#145=VERTEX_POINT('',#144);
#146=CARTESIAN_POINT('',(-0.156098,0.04231,-0.8));
#147=VERTEX_POINT('',#146);
#148=CARTESIAN_POINT('',(-0.092016,-0.047107,-0.8));
#149=VERTEX_POINT('',#148);
#150=CARTESIAN_POINT('',(-0.081575,-0.053175,-0.8));
#151=VERTEX_POINT('',#150);
#152=CARTESIAN_POINT('',(-0.070052,-0.05661,-0.8));
#153=VERTEX_POINT('',#152);
#154=CARTESIAN_POINT('',(-0.057679,-0.05769,-0.8));
#155=VERTEX_POINT('',#154);
#156=CARTESIAN_POINT('',(-0.030488,-0.05769,-0.8));
#157=VERTEX_POINT('',#156);
#158=CARTESIAN_POINT('',(-0.030488,0.04231,-0.8));
#159=VERTEX_POINT('',#158);
#160=CARTESIAN_POINT('',(-0.058708,0.04231,-0.8));
#161=VERTEX_POINT('',#160);
#162=CARTESIAN_POINT('',(-0.095844,0.029271,-0.8));
#163=VERTEX_POINT('',#162);
#164=CARTESIAN_POINT('',(-0.102916,0.02143,-0.8));
#165=VERTEX_POINT('',#164);
#166=CARTESIAN_POINT('',(-0.107563,0.01283,-0.8));
#167=VERTEX_POINT('',#166);
#168=CARTESIAN_POINT('',(-0.073155,0.040766,-0.8));
#169=VERTEX_POINT('',#168);
#170=CARTESIAN_POINT('',(-0.084855,0.036657,-0.8));
#171=VERTEX_POINT('',#170);
#172=CARTESIAN_POINT('',(-0.09574,0.029363,-0.8));
#173=VERTEX_POINT('',#172);
#174=CARTESIAN_POINT('',(-0.132927,-0.05769,-0.8));
#175=VERTEX_POINT('',#174);
#176=CARTESIAN_POINT('',(-0.142473,-0.029641,-0.8));
#177=VERTEX_POINT('',#176);
#178=CARTESIAN_POINT('',(-0.183784,-0.029641,-0.8));
#179=VERTEX_POINT('',#178);
#180=CARTESIAN_POINT('',(-0.110249,0.002977,-0.8));
#181=VERTEX_POINT('',#180);
#182=CARTESIAN_POINT('',(-0.110976,-0.006432,-0.8));
#183=VERTEX_POINT('',#182);
#184=CARTESIAN_POINT('',(-0.109572,-0.019815,-0.8));
#185=VERTEX_POINT('',#184);
#186=CARTESIAN_POINT('',(-1.47,-0.6,0.0));
#187=VERTEX_POINT('',#186);
#188=CARTESIAN_POINT('',(-1.47,0.6,0.0));
#189=VERTEX_POINT('',#188);
#190=CARTESIAN_POINT('',(-1.6,0.6,-0.13));
#191=VERTEX_POINT('',#190);
#192=CARTESIAN_POINT('',(-1.6,-0.6,-0.13));
#193=VERTEX_POINT('',#192);
#194=CARTESIAN_POINT('',(-1.503646,0.6,-0.00443));
#195=VERTEX_POINT('',#194);
#196=CARTESIAN_POINT('',(-1.535,0.6,-0.017417));
#197=VERTEX_POINT('',#196);
#198=CARTESIAN_POINT('',(-1.59557,0.6,-0.096354));
#199=VERTEX_POINT('',#198);
#200=CARTESIAN_POINT('',(-1.582583,0.6,-0.065));
#201=VERTEX_POINT('',#200);
#202=CARTESIAN_POINT('',(-1.561924,0.6,-0.038076));
#203=VERTEX_POINT('',#202);
#204=CARTESIAN_POINT('',(-1.503646,-0.6,-0.00443));
#205=VERTEX_POINT('',#204);
#206=CARTESIAN_POINT('',(-1.535,-0.6,-0.017417));
#207=VERTEX_POINT('',#206);
#208=CARTESIAN_POINT('',(-1.561924,-0.6,-0.038076));
#209=VERTEX_POINT('',#208);
#210=CARTESIAN_POINT('',(-1.582583,-0.6,-0.065));
#211=VERTEX_POINT('',#210);
#212=CARTESIAN_POINT('',(-1.59557,-0.6,-0.096354));
#213=VERTEX_POINT('',#212);
#214=CARTESIAN_POINT('',(-0.169512,0.04231,-0.7));
#215=VERTEX_POINT('',#214);
#216=CARTESIAN_POINT('',(-0.208537,-0.05769,-0.7));
#217=VERTEX_POINT('',#216);
#218=CARTESIAN_POINT('',(-0.193902,-0.05769,-0.7));
#219=VERTEX_POINT('',#218);
#220=CARTESIAN_POINT('',(-0.183784,-0.029641,-0.7));
#221=VERTEX_POINT('',#220);
#222=CARTESIAN_POINT('',(-0.142473,-0.029641,-0.7));
#223=VERTEX_POINT('',#222);
#224=CARTESIAN_POINT('',(-0.132927,-0.05769,-0.7));
#225=VERTEX_POINT('',#224);
#226=CARTESIAN_POINT('',(-0.118293,-0.05769,-0.7));
#227=VERTEX_POINT('',#226);
#228=CARTESIAN_POINT('',(-0.156098,0.04231,-0.7));
#229=VERTEX_POINT('',#228);
#230=CARTESIAN_POINT('',(-0.145846,-0.018665,-0.7));
#231=VERTEX_POINT('',#230);
#232=CARTESIAN_POINT('',(-0.179287,-0.018665,-0.7));
#233=VERTEX_POINT('',#232);
#234=CARTESIAN_POINT('',(-0.160766,0.023103,-0.7));
#235=VERTEX_POINT('',#234);
#236=CARTESIAN_POINT('',(-0.161728,0.026571,-0.7));
#237=VERTEX_POINT('',#236);
#238=CARTESIAN_POINT('',(-0.162367,0.030115,-0.7));
#239=VERTEX_POINT('',#238);
#240=CARTESIAN_POINT('',(-0.162691,0.030115,-0.7));
#241=VERTEX_POINT('',#240);
#242=CARTESIAN_POINT('',(-0.163343,0.026582,-0.7));
#243=VERTEX_POINT('',#242);
#244=CARTESIAN_POINT('',(-0.164234,0.023103,-0.7));
#245=VERTEX_POINT('',#244);
#246=CARTESIAN_POINT('',(-0.145846,-0.018665,-0.8));
#247=VERTEX_POINT('',#246);
#248=CARTESIAN_POINT('',(-0.179287,-0.018665,-0.8));
#249=VERTEX_POINT('',#248);
#250=CARTESIAN_POINT('',(-0.160766,0.023103,-0.8));
#251=VERTEX_POINT('',#250);
#252=CARTESIAN_POINT('',(-0.161728,0.026571,-0.8));
#253=VERTEX_POINT('',#252);
#254=CARTESIAN_POINT('',(-0.162367,0.030115,-0.8));
#255=VERTEX_POINT('',#254);
#256=CARTESIAN_POINT('',(-0.162691,0.030115,-0.8));
#257=VERTEX_POINT('',#256);
#258=CARTESIAN_POINT('',(-0.163343,0.026582,-0.8));
#259=VERTEX_POINT('',#258);
#260=CARTESIAN_POINT('',(-0.164234,0.023103,-0.8));
#261=VERTEX_POINT('',#260);
#262=CARTESIAN_POINT('',(-0.057679,-0.05769,-0.7));
#263=VERTEX_POINT('',#262);
#264=CARTESIAN_POINT('',(-0.030488,-0.05769,-0.7));
#265=VERTEX_POINT('',#264);
#266=CARTESIAN_POINT('',(-0.030488,0.04231,-0.7));
#267=VERTEX_POINT('',#266);
#268=CARTESIAN_POINT('',(-0.058708,0.04231,-0.7));
#269=VERTEX_POINT('',#268);
#270=CARTESIAN_POINT('',(-0.110976,-0.006432,-0.7));
#271=VERTEX_POINT('',#270);
#272=CARTESIAN_POINT('',(-0.110249,0.002977,-0.7));
#273=VERTEX_POINT('',#272);
#274=CARTESIAN_POINT('',(-0.107563,0.01283,-0.7));
#275=VERTEX_POINT('',#274);
#276=CARTESIAN_POINT('',(-0.102916,0.02143,-0.7));
#277=VERTEX_POINT('',#276);
#278=CARTESIAN_POINT('',(-0.095844,0.029271,-0.7));
#279=VERTEX_POINT('',#278);
#280=CARTESIAN_POINT('',(-0.09574,0.029363,-0.7));
#281=VERTEX_POINT('',#280);
#282=CARTESIAN_POINT('',(-0.084855,0.036657,-0.7));
#283=VERTEX_POINT('',#282);
#284=CARTESIAN_POINT('',(-0.073155,0.040766,-0.7));
#285=VERTEX_POINT('',#284);
#286=CARTESIAN_POINT('',(-0.070052,-0.05661,-0.7));
#287=VERTEX_POINT('',#286);
#288=CARTESIAN_POINT('',(-0.081575,-0.053175,-0.7));
#289=VERTEX_POINT('',#288);
#290=CARTESIAN_POINT('',(-0.092016,-0.047107,-0.7));
#291=VERTEX_POINT('',#290);
#292=CARTESIAN_POINT('',(-0.100247,-0.039226,-0.7));
#293=VERTEX_POINT('',#292);
#294=CARTESIAN_POINT('',(-0.105982,-0.030282,-0.7));
#295=VERTEX_POINT('',#294);
#296=CARTESIAN_POINT('',(-0.109572,-0.019815,-0.7));
#297=VERTEX_POINT('',#296);
#298=CARTESIAN_POINT('',(-0.090903,0.017312,-0.7));
#299=VERTEX_POINT('',#298);
#300=CARTESIAN_POINT('',(-0.086046,0.022469,-0.7));
#301=VERTEX_POINT('',#300);
#302=CARTESIAN_POINT('',(-0.078741,0.027188,-0.7));
#303=VERTEX_POINT('',#302);
#304=CARTESIAN_POINT('',(-0.070487,0.030076,-0.7));
#305=VERTEX_POINT('',#304);
#306=CARTESIAN_POINT('',(-0.058651,0.031335,-0.7));
#307=VERTEX_POINT('',#306);
#308=CARTESIAN_POINT('',(-0.043902,0.031335,-0.7));
#309=VERTEX_POINT('',#308);
#310=CARTESIAN_POINT('',(-0.043902,-0.046714,-0.7));
#311=VERTEX_POINT('',#310);
#312=CARTESIAN_POINT('',(-0.058098,-0.046714,-0.7));
#313=VERTEX_POINT('',#312);
#314=CARTESIAN_POINT('',(-0.068648,-0.045732,-0.7));
#315=VERTEX_POINT('',#314);
#316=CARTESIAN_POINT('',(-0.077064,-0.043105,-0.7));
#317=VERTEX_POINT('',#316);
#318=CARTESIAN_POINT('',(-0.083883,-0.039056,-0.7));
#319=VERTEX_POINT('',#318);
#320=CARTESIAN_POINT('',(-0.089492,-0.033516,-0.7));
#321=VERTEX_POINT('',#320);
#322=CARTESIAN_POINT('',(-0.09371,-0.026621,-0.7));
#323=VERTEX_POINT('',#322);
#324=CARTESIAN_POINT('',(-0.096643,-0.017221,-0.7));
#325=VERTEX_POINT('',#324);
#326=CARTESIAN_POINT('',(-0.097561,-0.006718,-0.7));
#327=VERTEX_POINT('',#326);
#328=CARTESIAN_POINT('',(-0.096711,0.003235,-0.7));
#329=VERTEX_POINT('',#328);
#330=CARTESIAN_POINT('',(-0.094377,0.011144,-0.7));
#331=VERTEX_POINT('',#330);
#332=CARTESIAN_POINT('',(-0.058651,0.031335,-0.8));
#333=VERTEX_POINT('',#332);
#334=CARTESIAN_POINT('',(-0.043902,0.031335,-0.8));
#335=VERTEX_POINT('',#334);
#336=CARTESIAN_POINT('',(-0.070487,0.030076,-0.8));
#337=VERTEX_POINT('',#336);
#338=CARTESIAN_POINT('',(-0.078741,0.027188,-0.8));
#339=VERTEX_POINT('',#338);
#340=CARTESIAN_POINT('',(-0.086046,0.022469,-0.8));
#341=VERTEX_POINT('',#340);
#342=CARTESIAN_POINT('',(-0.090903,0.017312,-0.8));
#343=VERTEX_POINT('',#342);
#344=CARTESIAN_POINT('',(-0.094377,0.011144,-0.8));
#345=VERTEX_POINT('',#344);
#346=CARTESIAN_POINT('',(-0.096711,0.003235,-0.8));
#347=VERTEX_POINT('',#346);
#348=CARTESIAN_POINT('',(-0.097561,-0.006718,-0.8));
#349=VERTEX_POINT('',#348);
#350=CARTESIAN_POINT('',(-0.096643,-0.017221,-0.8));
#351=VERTEX_POINT('',#350);
#352=CARTESIAN_POINT('',(-0.09371,-0.026621,-0.8));
#353=VERTEX_POINT('',#352);
#354=CARTESIAN_POINT('',(-0.089492,-0.033516,-0.8));
#355=VERTEX_POINT('',#354);
#356=CARTESIAN_POINT('',(-0.083883,-0.039056,-0.8));
#357=VERTEX_POINT('',#356);
#358=CARTESIAN_POINT('',(-0.077064,-0.043105,-0.8));
#359=VERTEX_POINT('',#358);
#360=CARTESIAN_POINT('',(-0.068648,-0.045732,-0.8));
#361=VERTEX_POINT('',#360);
#362=CARTESIAN_POINT('',(-0.058098,-0.046714,-0.8));
#363=VERTEX_POINT('',#362);
#364=CARTESIAN_POINT('',(-0.043902,-0.046714,-0.8));
#365=VERTEX_POINT('',#364);
#366=CARTESIAN_POINT('',(-0.010976,-0.046714,-0.7));
#367=VERTEX_POINT('',#366);
#368=CARTESIAN_POINT('',(-0.010976,-0.05769,-0.7));
#369=VERTEX_POINT('',#368);
#370=CARTESIAN_POINT('',(0.042683,-0.05769,-0.7));
#371=VERTEX_POINT('',#370);
#372=CARTESIAN_POINT('',(0.042683,0.04231,-0.7));
#373=VERTEX_POINT('',#372);
#374=CARTESIAN_POINT('',(-0.008537,0.04231,-0.7));
#375=VERTEX_POINT('',#374);
#376=CARTESIAN_POINT('',(-0.008537,0.031335,-0.7));
#377=VERTEX_POINT('',#376);
#378=CARTESIAN_POINT('',(0.029268,0.031335,-0.7));
#379=VERTEX_POINT('',#378);
#380=CARTESIAN_POINT('',(0.029268,-0.001592,-0.7));
#381=VERTEX_POINT('',#380);
#382=CARTESIAN_POINT('',(-0.006098,-0.001592,-0.7));
#383=VERTEX_POINT('',#382);
#384=CARTESIAN_POINT('',(-0.006098,-0.012568,-0.7));
#385=VERTEX_POINT('',#384);
#386=CARTESIAN_POINT('',(0.029268,-0.012568,-0.7));
#387=VERTEX_POINT('',#386);
#388=CARTESIAN_POINT('',(0.029268,-0.046714,-0.7));
#389=VERTEX_POINT('',#388);
#390=CARTESIAN_POINT('',(0.062195,-0.041531,-0.7));
#391=VERTEX_POINT('',#390);
#392=CARTESIAN_POINT('',(0.062195,-0.052507,-0.7));
#393=VERTEX_POINT('',#392);
#394=CARTESIAN_POINT('',(0.072855,-0.056884,-0.7));
#395=VERTEX_POINT('',#394);
#396=CARTESIAN_POINT('',(0.08971,-0.058909,-0.7));
#397=VERTEX_POINT('',#396);
#398=CARTESIAN_POINT('',(0.086976,-0.058862,-0.7));
#399=VERTEX_POINT('',#398);
#400=CARTESIAN_POINT('',(0.102034,-0.057631,-0.7));
#401=VERTEX_POINT('',#400);
#402=CARTESIAN_POINT('',(0.111726,-0.054295,-0.7));
#403=VERTEX_POINT('',#402);
#404=CARTESIAN_POINT('',(0.11977,-0.049159,-0.7));
#405=VERTEX_POINT('',#404);
#406=CARTESIAN_POINT('',(0.127281,-0.041251,-0.7));
#407=VERTEX_POINT('',#406);
#408=CARTESIAN_POINT('',(0.132609,-0.031742,-0.7));
#409=VERTEX_POINT('',#408);
#410=CARTESIAN_POINT('',(0.135618,-0.021157,-0.7));
#411=VERTEX_POINT('',#410);
#412=CARTESIAN_POINT('',(0.136585,-0.009576,-0.7));
#413=VERTEX_POINT('',#412);
#414=CARTESIAN_POINT('',(0.085728,0.04353,-0.7));
#415=VERTEX_POINT('',#414);
#416=CARTESIAN_POINT('',(0.095772,0.04271,-0.7));
#417=VERTEX_POINT('',#416);
#418=CARTESIAN_POINT('',(0.10692,0.039471,-0.7));
#419=VERTEX_POINT('',#418);
#420=CARTESIAN_POINT('',(0.116418,0.034004,-0.7));
#421=VERTEX_POINT('',#420);
#422=CARTESIAN_POINT('',(0.125447,0.025321,-0.7));
#423=VERTEX_POINT('',#422);
#424=CARTESIAN_POINT('',(0.131308,0.015972,-0.7));
#425=VERTEX_POINT('',#424);
#426=CARTESIAN_POINT('',(0.135147,0.004641,-0.7));
#427=VERTEX_POINT('',#426);
#428=CARTESIAN_POINT('',(0.062195,0.039566,-0.7));
#429=VERTEX_POINT('',#428);
#430=CARTESIAN_POINT('',(0.073757,0.042704,-0.7));
#431=VERTEX_POINT('',#430);
#432=CARTESIAN_POINT('',(0.062195,0.026152,-0.7));
#433=VERTEX_POINT('',#432);
#434=CARTESIAN_POINT('',(0.085614,0.032554,-0.7));
#435=VERTEX_POINT('',#434);
#436=CARTESIAN_POINT('',(0.073459,0.030975,-0.7));
#437=VERTEX_POINT('',#436);
#438=CARTESIAN_POINT('',(0.123171,-0.008757,-0.7));
#439=VERTEX_POINT('',#438);
#440=CARTESIAN_POINT('',(0.122694,-0.000976,-0.7));
#441=VERTEX_POINT('',#440);
#442=CARTESIAN_POINT('',(0.120028,0.009729,-0.7));
#443=VERTEX_POINT('',#442);
#444=CARTESIAN_POINT('',(0.115905,0.01745,-0.7));
#445=VERTEX_POINT('',#444);
#446=CARTESIAN_POINT('',(0.109867,0.024117,-0.7));
#447=VERTEX_POINT('',#446);
#448=CARTESIAN_POINT('',(0.102945,0.028747,-0.7));
#449=VERTEX_POINT('',#448);
#450=CARTESIAN_POINT('',(0.09546,0.031448,-0.7));
#451=VERTEX_POINT('',#450);
#452=CARTESIAN_POINT('',(0.087862,-0.047934,-0.7));
#453=VERTEX_POINT('',#452);
#454=CARTESIAN_POINT('',(0.097189,-0.046887,-0.7));
#455=VERTEX_POINT('',#454);
#456=CARTESIAN_POINT('',(0.104476,-0.044205,-0.7));
#457=VERTEX_POINT('',#456);
#458=CARTESIAN_POINT('',(0.110613,-0.040068,-0.7));
#459=VERTEX_POINT('',#458);
#460=CARTESIAN_POINT('',(0.115306,-0.035118,-0.7));
#461=VERTEX_POINT('',#460);
#462=CARTESIAN_POINT('',(0.119441,-0.028184,-0.7));
#463=VERTEX_POINT('',#462);
#464=CARTESIAN_POINT('',(0.122158,-0.019582,-0.7));
#465=VERTEX_POINT('',#464);
#466=CARTESIAN_POINT('',(0.063987,-0.042524,-0.7));
#467=VERTEX_POINT('',#466);
#468=CARTESIAN_POINT('',(0.074588,-0.04646,-0.7));
#469=VERTEX_POINT('',#468);
#470=CARTESIAN_POINT('',(0.145122,-0.046714,-0.7));
#471=VERTEX_POINT('',#470);
#472=CARTESIAN_POINT('',(0.145122,-0.05769,-0.7));
#473=VERTEX_POINT('',#472);
#474=CARTESIAN_POINT('',(0.196341,-0.05769,-0.7));
#475=VERTEX_POINT('',#474);
#476=CARTESIAN_POINT('',(0.196341,0.04231,-0.7));
#477=VERTEX_POINT('',#476);
#478=CARTESIAN_POINT('',(0.182927,0.04231,-0.7));
#479=VERTEX_POINT('',#478);
#480=CARTESIAN_POINT('',(0.182927,-0.046714,-0.7));
#481=VERTEX_POINT('',#480);
#482=DIRECTION('',(0.0,-1.0,0.0));
#483=VECTOR('',#482,1000.0);
#484=LINE('',#190,#483);
#485=EDGE_CURVE('',#191,#193,#484,.T.);
#486=DIRECTION('',(0.1305383593715947,0.0,0.9914432594619687));
#487=VECTOR('',#486,1000.0);
#488=LINE('',#192,#487);
#489=EDGE_CURVE('',#193,#213,#488,.T.);
#490=DIRECTION('',(-0.0036901912973874413,0.9996003514367434,-0.028027127853700567));
#491=VECTOR('',#490,1000.0);
#492=LINE('',#212,#491);
#493=EDGE_CURVE('',#213,#191,#492,.T.);
#494=ORIENTED_EDGE('',*,*,#485,.T.);
#495=ORIENTED_EDGE('',*,*,#489,.T.);
#496=ORIENTED_EDGE('',*,*,#493,.T.);
#497=DIRECTION('',(-0.9914432594619687,0.0,0.1305383593715947));
#498=AXIS2_PLACEMENT_3D('',#190,#497,#482);
#499=PLANE('',#498);
#500=EDGE_LOOP('',(#494,#495,#496));
#501=FACE_BOUND('',#500,.T.);
#502=ADVANCED_FACE('',(#501),#499,.T.);
#503=DIRECTION('',(0.0,1.0,0.0));
#504=VECTOR('',#503,1000.0);
#505=LINE('',#212,#504);
#506=EDGE_CURVE('',#213,#199,#505,.T.);
#507=DIRECTION('',(-0.1305383593715947,0.0,-0.9914432594619687));
#508=VECTOR('',#507,1000.0);
#509=LINE('',#198,#508);
#510=EDGE_CURVE('',#199,#191,#509,.T.);
#511=ORIENTED_EDGE('',*,*,#493,.F.);
#512=ORIENTED_EDGE('',*,*,#506,.T.);
#513=ORIENTED_EDGE('',*,*,#510,.T.);
#514=DIRECTION('',(0.0036901912973874413,-0.9996003514367434,0.028027127853700567));
#515=AXIS2_PLACEMENT_3D('',#190,#497,#514);
#516=PLANE('',#515);
#517=EDGE_LOOP('',(#511,#512,#513));
#518=FACE_BOUND('',#517,.T.);
#519=ADVANCED_FACE('',(#518),#516,.T.);
#520=DIRECTION('',(0.3826770934464053,0.0,0.9238821581518996));
#521=VECTOR('',#520,1000.0);
#522=LINE('',#212,#521);
#523=EDGE_CURVE('',#213,#211,#522,.T.);
#524=DIRECTION('',(-0.0108181745884758,0.9996003315755062,-0.026117890663515348));
#525=VECTOR('',#524,1000.0);
#526=LINE('',#210,#525);
#527=EDGE_CURVE('',#211,#199,#526,.T.);
#528=ORIENTED_EDGE('',*,*,#506,.F.);
#529=ORIENTED_EDGE('',*,*,#523,.T.);
#530=ORIENTED_EDGE('',*,*,#527,.T.);
#531=DIRECTION('',(-0.9238821581518994,0.0,0.38267709344640527));
#532=AXIS2_PLACEMENT_3D('',#198,#531,#482);
#533=PLANE('',#532);
#534=EDGE_LOOP('',(#528,#529,#530));
#535=FACE_BOUND('',#534,.T.);
#536=ADVANCED_FACE('',(#535),#533,.T.);
#537=LINE('',#210,#504);
#538=EDGE_CURVE('',#211,#201,#537,.T.);
#539=DIRECTION('',(-0.3826770934464053,0.0,-0.9238821581518996));
#540=VECTOR('',#539,1000.0);
#541=LINE('',#200,#540);
#542=EDGE_CURVE('',#201,#199,#541,.T.);
#543=ORIENTED_EDGE('',*,*,#527,.F.);
#544=ORIENTED_EDGE('',*,*,#538,.T.);
#545=ORIENTED_EDGE('',*,*,#542,.T.);
#546=DIRECTION('',(0.0108181745884758,-0.9996003315755062,0.026117890663515348));
#547=AXIS2_PLACEMENT_3D('',#198,#531,#546);
#548=PLANE('',#547);
#549=EDGE_LOOP('',(#543,#544,#545));
#550=FACE_BOUND('',#549,.T.);
#551=ADVANCED_FACE('',(#550),#548,.T.);
#552=DIRECTION('',(0.6087519363623439,0.0,0.7933606241647594));
#553=VECTOR('',#552,1000.0);
#554=LINE('',#210,#553);
#555=EDGE_CURVE('',#211,#209,#554,.T.);
#556=DIRECTION('',(-0.0172089529437557,0.999600345249376,-0.022427699746245172));
#557=VECTOR('',#556,1000.0);
#558=LINE('',#208,#557);
#559=EDGE_CURVE('',#209,#201,#558,.T.);
#560=ORIENTED_EDGE('',*,*,#538,.F.);
#561=ORIENTED_EDGE('',*,*,#555,.T.);
#562=ORIENTED_EDGE('',*,*,#559,.T.);
#563=DIRECTION('',(-0.7933606241647596,0.0,0.6087519363623439));
#564=AXIS2_PLACEMENT_3D('',#200,#563,#482);
#565=PLANE('',#564);
#566=EDGE_LOOP('',(#560,#561,#562));
#567=FACE_BOUND('',#566,.T.);
#568=ADVANCED_FACE('',(#567),#565,.T.);
#569=LINE('',#208,#504);
#570=EDGE_CURVE('',#209,#203,#569,.T.);
#571=DIRECTION('',(-0.6087519363623439,0.0,-0.7933606241647594));
#572=VECTOR('',#571,1000.0);
#573=LINE('',#202,#572);
#574=EDGE_CURVE('',#203,#201,#573,.T.);
#575=ORIENTED_EDGE('',*,*,#559,.F.);
#576=ORIENTED_EDGE('',*,*,#570,.T.);
#577=ORIENTED_EDGE('',*,*,#574,.T.);
#578=DIRECTION('',(0.0172089529437557,-0.999600345249376,0.022427699746245172));
#579=AXIS2_PLACEMENT_3D('',#200,#563,#578);
#580=PLANE('',#579);
#581=EDGE_LOOP('',(#575,#576,#577));
#582=FACE_BOUND('',#581,.T.);
#583=ADVANCED_FACE('',(#582),#580,.T.);
#584=DIRECTION('',(0.793360624164761,0.0,0.6087519363623419));
#585=VECTOR('',#584,1000.0);
#586=LINE('',#208,#585);
#587=EDGE_CURVE('',#209,#207,#586,.T.);
#588=DIRECTION('',(-0.02242769974624531,0.999600345249376,-0.01720895294375572));
#589=VECTOR('',#588,1000.0);
#590=LINE('',#206,#589);
#591=EDGE_CURVE('',#207,#203,#590,.T.);
#592=ORIENTED_EDGE('',*,*,#570,.F.);
#593=ORIENTED_EDGE('',*,*,#587,.T.);
#594=ORIENTED_EDGE('',*,*,#591,.T.);
#595=DIRECTION('',(-0.6087519363623419,0.0,0.793360624164761));
#596=AXIS2_PLACEMENT_3D('',#202,#595,#482);
#597=PLANE('',#596);
#598=EDGE_LOOP('',(#592,#593,#594));
#599=FACE_BOUND('',#598,.T.);
#600=ADVANCED_FACE('',(#599),#597,.T.);
#601=LINE('',#206,#504);
#602=EDGE_CURVE('',#207,#197,#601,.T.);
#603=DIRECTION('',(-0.793360624164761,0.0,-0.6087519363623419));
#604=VECTOR('',#603,1000.0);
#605=LINE('',#196,#604);
#606=EDGE_CURVE('',#197,#203,#605,.T.);
#607=ORIENTED_EDGE('',*,*,#591,.F.);
#608=ORIENTED_EDGE('',*,*,#602,.T.);
#609=ORIENTED_EDGE('',*,*,#606,.T.);
#610=DIRECTION('',(-0.6087519363623419,0.0,0.793360624164761));
#611=DIRECTION('',(0.02242769974624531,-0.999600345249376,0.01720895294375572));
#612=AXIS2_PLACEMENT_3D('',#202,#610,#611);
#613=PLANE('',#612);
#614=EDGE_LOOP('',(#607,#608,#609));
#615=FACE_BOUND('',#614,.T.);
#616=ADVANCED_FACE('',(#615),#613,.T.);
#617=DIRECTION('',(0.9238821581518976,0.0,0.38267709344640993));
#618=VECTOR('',#617,1000.0);
#619=LINE('',#206,#618);
#620=EDGE_CURVE('',#207,#205,#619,.T.);
#621=DIRECTION('',(-0.026117890663515254,0.9996003315755062,-0.010818174588475915));
#622=VECTOR('',#621,1000.0);
#623=LINE('',#204,#622);
#624=EDGE_CURVE('',#205,#197,#623,.T.);
#625=ORIENTED_EDGE('',*,*,#602,.F.);
#626=ORIENTED_EDGE('',*,*,#620,.T.);
#627=ORIENTED_EDGE('',*,*,#624,.T.);
#628=DIRECTION('',(-0.38267709344640993,0.0,0.9238821581518974));
#629=AXIS2_PLACEMENT_3D('',#196,#628,#482);
#630=PLANE('',#629);
#631=EDGE_LOOP('',(#625,#626,#627));
#632=FACE_BOUND('',#631,.T.);
#633=ADVANCED_FACE('',(#632),#630,.T.);
#634=LINE('',#204,#504);
#635=EDGE_CURVE('',#205,#195,#634,.T.);
#636=DIRECTION('',(-0.9238821581518976,0.0,-0.38267709344640993));
#637=VECTOR('',#636,1000.0);
#638=LINE('',#194,#637);
#639=EDGE_CURVE('',#195,#197,#638,.T.);
#640=ORIENTED_EDGE('',*,*,#624,.F.);
#641=ORIENTED_EDGE('',*,*,#635,.T.);
#642=ORIENTED_EDGE('',*,*,#639,.T.);
#643=DIRECTION('',(-0.38267709344640993,0.0,0.9238821581518974));
#644=DIRECTION('',(0.026117890663515254,-0.9996003315755062,0.010818174588475915));
#645=AXIS2_PLACEMENT_3D('',#196,#643,#644);
#646=PLANE('',#645);
#647=EDGE_LOOP('',(#640,#641,#642));
#648=FACE_BOUND('',#647,.T.);
#649=ADVANCED_FACE('',(#648),#646,.T.);
#650=DIRECTION('',(0.9914432594619691,0.0,0.13053835937158992));
#651=VECTOR('',#650,1000.0);
#652=LINE('',#204,#651);
#653=EDGE_CURVE('',#205,#187,#652,.T.);
#654=DIRECTION('',(-0.028027127853700613,0.9996003514367434,-0.003690191297387311));
#655=VECTOR('',#654,1000.0);
#656=LINE('',#186,#655);
#657=EDGE_CURVE('',#187,#195,#656,.T.);
#658=ORIENTED_EDGE('',*,*,#635,.F.);
#659=ORIENTED_EDGE('',*,*,#653,.T.);
#660=ORIENTED_EDGE('',*,*,#657,.T.);
#661=DIRECTION('',(-0.13053835937158995,0.0,0.9914432594619693));
#662=AXIS2_PLACEMENT_3D('',#194,#661,#482);
#663=PLANE('',#662);
#664=EDGE_LOOP('',(#658,#659,#660));
#665=FACE_BOUND('',#664,.T.);
#666=ADVANCED_FACE('',(#665),#663,.T.);
#667=LINE('',#186,#504);
#668=EDGE_CURVE('',#187,#189,#667,.T.);
#669=DIRECTION('',(-0.9914432594619691,0.0,-0.13053835937158992));
#670=VECTOR('',#669,1000.0);
#671=LINE('',#188,#670);
#672=EDGE_CURVE('',#189,#195,#671,.T.);
#673=ORIENTED_EDGE('',*,*,#657,.F.);
#674=ORIENTED_EDGE('',*,*,#668,.T.);
#675=ORIENTED_EDGE('',*,*,#672,.T.);
#676=DIRECTION('',(-0.13053835937158995,0.0,0.9914432594619693));
#677=DIRECTION('',(0.028027127853700613,-0.9996003514367434,0.003690191297387311));
#678=AXIS2_PLACEMENT_3D('',#194,#676,#677);
#679=PLANE('',#678);
#680=EDGE_LOOP('',(#673,#674,#675));
#681=FACE_BOUND('',#680,.T.);
#682=ADVANCED_FACE('',(#681),#679,.T.);
#683=DIRECTION('',(-0.3635474152557121,-0.9315756957225165,0.0));
#684=VECTOR('',#683,1000.0);
#685=LINE('',#214,#684);
#686=EDGE_CURVE('',#215,#217,#685,.T.);
#687=DIRECTION('',(0.26600635182331506,0.6816306260687125,-0.681630626068713));
#688=VECTOR('',#687,1000.0);
#689=LINE('',#216,#688);
#690=EDGE_CURVE('',#217,#145,#689,.T.);
#691=VECTOR('',#11,1000.0);
#692=LINE('',#144,#691);
#693=EDGE_CURVE('',#145,#215,#692,.T.);
#694=ORIENTED_EDGE('',*,*,#686,.T.);
#695=ORIENTED_EDGE('',*,*,#690,.T.);
#696=ORIENTED_EDGE('',*,*,#693,.T.);
#697=DIRECTION('',(0.9315756957225165,-0.36354741525571216,0.0));
#698=AXIS2_PLACEMENT_3D('',#214,#697,#683);
#699=PLANE('',#698);
#700=EDGE_LOOP('',(#694,#695,#696));
#701=FACE_BOUND('',#700,.T.);
#702=ADVANCED_FACE('',(#701),#699,.T.);
#703=DIRECTION('',(0.0,0.0,-1.0));
#704=VECTOR('',#703,1000.0);
#705=LINE('',#216,#704);
#706=EDGE_CURVE('',#217,#143,#705,.T.);
#707=DIRECTION('',(0.3635474152557121,0.9315756957225165,0.0));
#708=VECTOR('',#707,1000.0);
#709=LINE('',#142,#708);
#710=EDGE_CURVE('',#143,#145,#709,.T.);
#711=ORIENTED_EDGE('',*,*,#690,.F.);
#712=ORIENTED_EDGE('',*,*,#706,.T.);
#713=ORIENTED_EDGE('',*,*,#710,.T.);
#714=DIRECTION('',(-0.26600635182331506,-0.6816306260687125,0.681630626068713));
#715=AXIS2_PLACEMENT_3D('',#144,#697,#714);
#716=PLANE('',#715);
#717=EDGE_LOOP('',(#711,#712,#713));
#718=FACE_BOUND('',#717,.T.);
#719=ADVANCED_FACE('',(#718),#716,.T.);
#720=VECTOR('',#12,1000.0);
#721=LINE('',#216,#720);
#722=EDGE_CURVE('',#217,#219,#721,.T.);
#723=DIRECTION('',(-0.14480744962226486,0.0,-0.9894598539273309));
#724=VECTOR('',#723,1000.0);
#725=LINE('',#218,#724);
#726=EDGE_CURVE('',#219,#143,#725,.T.);
#727=ORIENTED_EDGE('',*,*,#722,.T.);
#728=ORIENTED_EDGE('',*,*,#726,.T.);
#729=ORIENTED_EDGE('',*,*,#706,.F.);
#730=DIRECTION('',(-0.0,1.0,0.0));
#731=AXIS2_PLACEMENT_3D('',#216,#730,#12);
#732=PLANE('',#731);
#733=EDGE_LOOP('',(#727,#728,#729));
#734=FACE_BOUND('',#733,.T.);
#735=ADVANCED_FACE('',(#734),#732,.T.);
#736=DIRECTION('',(0.0,0.0,-1.0));
#737=VECTOR('',#736,1000.0);
#738=LINE('',#218,#737);
#739=EDGE_CURVE('',#219,#141,#738,.T.);
#740=DIRECTION('',(-1.0,0.0,0.0));
#741=VECTOR('',#740,1000.0);
#742=LINE('',#140,#741);
#743=EDGE_CURVE('',#141,#143,#742,.T.);
#744=ORIENTED_EDGE('',*,*,#726,.F.);
#745=ORIENTED_EDGE('',*,*,#739,.T.);
#746=ORIENTED_EDGE('',*,*,#743,.T.);
#747=DIRECTION('',(0.14480744962226486,0.0,0.9894598539273309));
#748=AXIS2_PLACEMENT_3D('',#142,#730,#747);
#749=PLANE('',#748);
#750=EDGE_LOOP('',(#744,#745,#746));
#751=FACE_BOUND('',#750,.T.);
#752=ADVANCED_FACE('',(#751),#749,.T.);
#753=DIRECTION('',(0.33932386568494183,0.9406696094679723,0.0));
#754=VECTOR('',#753,1000.0);
#755=LINE('',#218,#754);
#756=EDGE_CURVE('',#219,#221,#755,.T.);
#757=DIRECTION('',(-0.09696126585181855,-0.26879487506203414,-0.9583046634890171));
#758=VECTOR('',#757,1000.0);
#759=LINE('',#220,#758);
#760=EDGE_CURVE('',#221,#141,#759,.T.);
#761=ORIENTED_EDGE('',*,*,#756,.T.);
#762=ORIENTED_EDGE('',*,*,#760,.T.);
#763=ORIENTED_EDGE('',*,*,#739,.F.);
#764=DIRECTION('',(-0.9406696094679724,0.3393238656849419,0.0));
#765=AXIS2_PLACEMENT_3D('',#218,#764,#753);
#766=PLANE('',#765);
#767=EDGE_LOOP('',(#761,#762,#763));
#768=FACE_BOUND('',#767,.T.);
#769=ADVANCED_FACE('',(#768),#766,.T.);
#770=DIRECTION('',(0.0,0.0,-1.0));
#771=VECTOR('',#770,1000.0);
#772=LINE('',#220,#771);
#773=EDGE_CURVE('',#221,#179,#772,.T.);
#774=DIRECTION('',(-0.33932386568494183,-0.9406696094679723,0.0));
#775=VECTOR('',#774,1000.0);
#776=LINE('',#178,#775);
#777=EDGE_CURVE('',#179,#141,#776,.T.);
#778=ORIENTED_EDGE('',*,*,#760,.F.);
#779=ORIENTED_EDGE('',*,*,#773,.T.);
#780=ORIENTED_EDGE('',*,*,#777,.T.);
#781=DIRECTION('',(0.09696126585181855,0.26879487506203414,0.9583046634890171));
#782=AXIS2_PLACEMENT_3D('',#140,#764,#781);
#783=PLANE('',#782);
#784=EDGE_LOOP('',(#778,#779,#780));
#785=FACE_BOUND('',#784,.T.);
#786=ADVANCED_FACE('',(#785),#783,.T.);
#787=LINE('',#220,#720);
#788=EDGE_CURVE('',#221,#223,#787,.T.);
#789=DIRECTION('',(-0.3818126753958971,0.0,-0.9242397312965005));
#790=VECTOR('',#789,1000.0);
#791=LINE('',#222,#790);
#792=EDGE_CURVE('',#223,#179,#791,.T.);
#793=ORIENTED_EDGE('',*,*,#788,.T.);
#794=ORIENTED_EDGE('',*,*,#792,.T.);
#795=ORIENTED_EDGE('',*,*,#773,.F.);
#796=AXIS2_PLACEMENT_3D('',#220,#730,#12);
#797=PLANE('',#796);
#798=EDGE_LOOP('',(#793,#794,#795));
#799=FACE_BOUND('',#798,.T.);
#800=ADVANCED_FACE('',(#799),#797,.T.);
#801=DIRECTION('',(0.0,0.0,-1.0));
#802=VECTOR('',#801,1000.0);
#803=LINE('',#222,#802);
#804=EDGE_CURVE('',#223,#177,#803,.T.);
#805=LINE('',#176,#741);
#806=EDGE_CURVE('',#177,#179,#805,.T.);
#807=ORIENTED_EDGE('',*,*,#792,.F.);
#808=ORIENTED_EDGE('',*,*,#804,.T.);
#809=ORIENTED_EDGE('',*,*,#806,.T.);
#810=DIRECTION('',(0.3818126753958971,0.0,0.9242397312965005));
#811=AXIS2_PLACEMENT_3D('',#178,#730,#810);
#812=PLANE('',#811);
#813=EDGE_LOOP('',(#807,#808,#809));
#814=FACE_BOUND('',#813,.T.);
#815=ADVANCED_FACE('',(#814),#812,.T.);
#816=DIRECTION('',(0.3221852866849686,-0.9466766296068181,0.0));
#817=VECTOR('',#816,1000.0);
#818=LINE('',#222,#817);
#819=EDGE_CURVE('',#223,#225,#818,.T.);
#820=DIRECTION('',(-0.09152704636384205,0.2689338071924791,-0.9587999828602781));
#821=VECTOR('',#820,1000.0);
#822=LINE('',#224,#821);
#823=EDGE_CURVE('',#225,#177,#822,.T.);
#824=ORIENTED_EDGE('',*,*,#819,.T.);
#825=ORIENTED_EDGE('',*,*,#823,.T.);
#826=ORIENTED_EDGE('',*,*,#804,.F.);
#827=DIRECTION('',(0.9466766296068181,0.32218528668496865,0.0));
#828=AXIS2_PLACEMENT_3D('',#222,#827,#816);
#829=PLANE('',#828);
#830=EDGE_LOOP('',(#824,#825,#826));
#831=FACE_BOUND('',#830,.T.);
#832=ADVANCED_FACE('',(#831),#829,.T.);
#833=DIRECTION('',(0.0,0.0,-1.0));
#834=VECTOR('',#833,1000.0);
#835=LINE('',#224,#834);
#836=EDGE_CURVE('',#225,#175,#835,.T.);
#837=DIRECTION('',(-0.3221852866849686,0.9466766296068181,0.0));
#838=VECTOR('',#837,1000.0);
#839=LINE('',#174,#838);
#840=EDGE_CURVE('',#175,#177,#839,.T.);
#841=ORIENTED_EDGE('',*,*,#823,.F.);
#842=ORIENTED_EDGE('',*,*,#836,.T.);
#843=ORIENTED_EDGE('',*,*,#840,.T.);
#844=DIRECTION('',(0.09152704636384205,-0.2689338071924791,0.9587999828602781));
#845=AXIS2_PLACEMENT_3D('',#176,#827,#844);
#846=PLANE('',#845);
#847=EDGE_LOOP('',(#841,#842,#843));
#848=FACE_BOUND('',#847,.T.);
#849=ADVANCED_FACE('',(#848),#846,.T.);
#850=LINE('',#224,#720);
#851=EDGE_CURVE('',#225,#227,#850,.T.);
#852=LINE('',#226,#724);
#853=EDGE_CURVE('',#227,#175,#852,.T.);
#854=ORIENTED_EDGE('',*,*,#851,.T.);
#855=ORIENTED_EDGE('',*,*,#853,.T.);
#856=ORIENTED_EDGE('',*,*,#836,.F.);
#857=AXIS2_PLACEMENT_3D('',#224,#730,#12);
#858=PLANE('',#857);
#859=EDGE_LOOP('',(#854,#855,#856));
#860=FACE_BOUND('',#859,.T.);
#861=ADVANCED_FACE('',(#860),#858,.T.);
#862=DIRECTION('',(0.0,0.0,-1.0));
#863=VECTOR('',#862,1000.0);
#864=LINE('',#226,#863);
#865=EDGE_CURVE('',#227,#135,#864,.T.);
#866=LINE('',#134,#741);
#867=EDGE_CURVE('',#135,#175,#866,.T.);
#868=ORIENTED_EDGE('',*,*,#853,.F.);
#869=ORIENTED_EDGE('',*,*,#865,.T.);
#870=ORIENTED_EDGE('',*,*,#867,.T.);
#871=AXIS2_PLACEMENT_3D('',#174,#730,#747);
#872=PLANE('',#871);
#873=EDGE_LOOP('',(#868,#869,#870));
#874=FACE_BOUND('',#873,.T.);
#875=ADVANCED_FACE('',(#874),#872,.T.);
#876=DIRECTION('',(-0.3536233904005291,0.9353878862598313,0.0));
#877=VECTOR('',#876,1000.0);
#878=LINE('',#226,#877);
#879=EDGE_CURVE('',#227,#229,#878,.T.);
#880=DIRECTION('',(0.2582534195002236,-0.6831197447433506,-0.6831197447433511));
#881=VECTOR('',#880,1000.0);
#882=LINE('',#228,#881);
#883=EDGE_CURVE('',#229,#135,#882,.T.);
#884=ORIENTED_EDGE('',*,*,#879,.T.);
#885=ORIENTED_EDGE('',*,*,#883,.T.);
#886=ORIENTED_EDGE('',*,*,#865,.F.);
#887=DIRECTION('',(-0.9353878862598313,-0.35362339040052915,0.0));
#888=AXIS2_PLACEMENT_3D('',#226,#887,#876);
#889=PLANE('',#888);
#890=EDGE_LOOP('',(#884,#885,#886));
#891=FACE_BOUND('',#890,.T.);
#892=ADVANCED_FACE('',(#891),#889,.T.);
#893=DIRECTION('',(0.0,0.0,-1.0));
#894=VECTOR('',#893,1000.0);
#895=LINE('',#228,#894);
#896=EDGE_CURVE('',#229,#147,#895,.T.);
#897=DIRECTION('',(0.3536233904005291,-0.9353878862598313,0.0));
#898=VECTOR('',#897,1000.0);
#899=LINE('',#146,#898);
#900=EDGE_CURVE('',#147,#135,#899,.T.);
#901=ORIENTED_EDGE('',*,*,#883,.F.);
#902=ORIENTED_EDGE('',*,*,#896,.T.);
#903=ORIENTED_EDGE('',*,*,#900,.T.);
#904=DIRECTION('',(-0.9353878862598313,-0.35362339040052915,-0.0));
#905=DIRECTION('',(-0.2582534195002236,0.6831197447433506,0.6831197447433511));
#906=AXIS2_PLACEMENT_3D('',#134,#904,#905);
#907=PLANE('',#906);
#908=EDGE_LOOP('',(#901,#902,#903));
#909=FACE_BOUND('',#908,.T.);
#910=ADVANCED_FACE('',(#909),#907,.T.);
#911=LINE('',#228,#741);
#912=EDGE_CURVE('',#229,#215,#911,.T.);
#913=DIRECTION('',(0.13294921918866381,0.0,-0.9911228506684348));
#914=VECTOR('',#913,1000.0);
#915=LINE('',#214,#914);
#916=EDGE_CURVE('',#215,#147,#915,.T.);
#917=ORIENTED_EDGE('',*,*,#912,.T.);
#918=ORIENTED_EDGE('',*,*,#916,.T.);
#919=ORIENTED_EDGE('',*,*,#896,.F.);
#920=DIRECTION('',(-0.0,-1.0,-0.0));
#921=AXIS2_PLACEMENT_3D('',#228,#920,#740);
#922=PLANE('',#921);
#923=EDGE_LOOP('',(#917,#918,#919));
#924=FACE_BOUND('',#923,.T.);
#925=ADVANCED_FACE('',(#924),#922,.T.);
#926=LINE('',#144,#720);
#927=EDGE_CURVE('',#145,#147,#926,.T.);
#928=ORIENTED_EDGE('',*,*,#916,.F.);
#929=ORIENTED_EDGE('',*,*,#693,.F.);
#930=ORIENTED_EDGE('',*,*,#927,.T.);
#931=DIRECTION('',(-0.13294921918866381,0.0,0.9911228506684348));
#932=AXIS2_PLACEMENT_3D('',#146,#920,#931);
#933=PLANE('',#932);
#934=EDGE_LOOP('',(#928,#929,#930));
#935=FACE_BOUND('',#934,.T.);
#936=ADVANCED_FACE('',(#935),#933,.T.);
#937=DIRECTION('',(0.2937492456217043,-0.955882514065761,0.0));
#938=VECTOR('',#937,1000.0);
#939=LINE('',#230,#938);
#940=EDGE_CURVE('',#231,#223,#939,.T.);
#941=DIRECTION('',(-0.9583135232300721,0.28571872741275783,0.0));
#942=VECTOR('',#941,1000.0);
#943=LINE('',#222,#942);
#944=EDGE_CURVE('',#223,#233,#943,.T.);
#945=LINE('',#232,#720);
#946=EDGE_CURVE('',#233,#231,#945,.T.);
#947=ORIENTED_EDGE('',*,*,#940,.T.);
#948=ORIENTED_EDGE('',*,*,#944,.T.);
#949=ORIENTED_EDGE('',*,*,#946,.T.);
#950=DIRECTION('',(-0.0,-0.0,-1.0));
#951=AXIS2_PLACEMENT_3D('',#230,#950,#937);
#952=PLANE('',#951);
#953=EDGE_LOOP('',(#947,#948,#949));
#954=FACE_BOUND('',#953,.T.);
#955=ADVANCED_FACE('',(#954),#952,.T.);
#956=DIRECTION('',(0.37912520031379704,0.9253453855112821,0.0));
#957=VECTOR('',#956,1000.0);
#958=LINE('',#220,#957);
#959=EDGE_CURVE('',#221,#233,#958,.T.);
#960=ORIENTED_EDGE('',*,*,#944,.F.);
#961=ORIENTED_EDGE('',*,*,#788,.F.);
#962=ORIENTED_EDGE('',*,*,#959,.T.);
#963=DIRECTION('',(0.9583135232300721,-0.28571872741275783,0.0));
#964=AXIS2_PLACEMENT_3D('',#232,#950,#963);
#965=PLANE('',#964);
#966=EDGE_LOOP('',(#960,#961,#962));
#967=FACE_BOUND('',#966,.T.);
#968=ADVANCED_FACE('',(#967),#965,.T.);
#969=DIRECTION('',(0.23616180363105538,0.9717137451460317,0.0));
#970=VECTOR('',#969,1000.0);
#971=LINE('',#234,#970);
#972=EDGE_CURVE('',#235,#229,#971,.T.);
#973=DIRECTION('',(0.16580719564348226,-0.9861581890715322,0.0));
#974=VECTOR('',#973,1000.0);
#975=LINE('',#228,#974);
#976=EDGE_CURVE('',#229,#231,#975,.T.);
#977=DIRECTION('',(-0.33639352773911585,0.9417215058047855,0.0));
#978=VECTOR('',#977,1000.0);
#979=LINE('',#230,#978);
#980=EDGE_CURVE('',#231,#235,#979,.T.);
#981=ORIENTED_EDGE('',*,*,#972,.T.);
#982=ORIENTED_EDGE('',*,*,#976,.T.);
#983=ORIENTED_EDGE('',*,*,#980,.T.);
#984=DIRECTION('',(0.0,0.0,-1.0));
#985=AXIS2_PLACEMENT_3D('',#234,#984,#969);
#986=PLANE('',#985);
#987=EDGE_LOOP('',(#981,#982,#983));
#988=FACE_BOUND('',#987,.T.);
#989=ADVANCED_FACE('',(#988),#986,.T.);
#990=DIRECTION('',(-0.5767662013527691,0.8169092660614745,0.0));
#991=VECTOR('',#990,1000.0);
#992=LINE('',#226,#991);
#993=EDGE_CURVE('',#227,#231,#992,.T.);
#994=ORIENTED_EDGE('',*,*,#976,.F.);
#995=ORIENTED_EDGE('',*,*,#879,.F.);
#996=ORIENTED_EDGE('',*,*,#993,.T.);
#997=DIRECTION('',(0.0,0.0,-1.0));
#998=DIRECTION('',(-0.16580719564348226,0.9861581890715322,0.0));
#999=AXIS2_PLACEMENT_3D('',#230,#997,#998);
#1000=PLANE('',#999);
#1001=EDGE_LOOP('',(#994,#995,#996));
#1002=FACE_BOUND('',#1001,.T.);
#1003=ADVANCED_FACE('',(#1002),#1000,.T.);
#1004=DIRECTION('',(-0.6529369512185732,0.7574122640500316,0.0));
#1005=VECTOR('',#1004,1000.0);
#1006=LINE('',#226,#1005);
#1007=EDGE_CURVE('',#227,#223,#1006,.T.);
#1008=ORIENTED_EDGE('',*,*,#993,.F.);
#1009=ORIENTED_EDGE('',*,*,#1007,.T.);
#1010=ORIENTED_EDGE('',*,*,#940,.F.);
#1011=DIRECTION('',(0.5767662013527691,-0.8169092660614745,0.0));
#1012=AXIS2_PLACEMENT_3D('',#230,#950,#1011);
#1013=PLANE('',#1012);
#1014=EDGE_LOOP('',(#1008,#1009,#1010));
#1015=FACE_BOUND('',#1014,.T.);
#1016=ADVANCED_FACE('',(#1015),#1013,.T.);
#1017=ORIENTED_EDGE('',*,*,#1007,.F.);
#1018=ORIENTED_EDGE('',*,*,#851,.F.);
#1019=ORIENTED_EDGE('',*,*,#819,.F.);
#1020=DIRECTION('',(0.6529369512185732,-0.7574122640500316,0.0));
#1021=AXIS2_PLACEMENT_3D('',#222,#950,#1020);
#1022=PLANE('',#1021);
#1023=EDGE_LOOP('',(#1017,#1018,#1019));
#1024=FACE_BOUND('',#1023,.T.);
#1025=ADVANCED_FACE('',(#1024),#1022,.T.);
#1026=DIRECTION('',(-0.2672999072340154,0.9636133869932935,0.0));
#1027=VECTOR('',#1026,1000.0);
#1028=LINE('',#234,#1027);
#1029=EDGE_CURVE('',#235,#237,#1028,.T.);
#1030=DIRECTION('',(0.3368100752462244,0.9415726064476561,0.0));
#1031=VECTOR('',#1030,1000.0);
#1032=LINE('',#236,#1031);
#1033=EDGE_CURVE('',#237,#229,#1032,.T.);
#1034=ORIENTED_EDGE('',*,*,#1029,.T.);
#1035=ORIENTED_EDGE('',*,*,#1033,.T.);
#1036=ORIENTED_EDGE('',*,*,#972,.F.);
#1037=DIRECTION('',(0.0,0.0,-1.0));
#1038=AXIS2_PLACEMENT_3D('',#234,#1037,#1026);
#1039=PLANE('',#1038);
#1040=EDGE_LOOP('',(#1034,#1035,#1036));
#1041=FACE_BOUND('',#1040,.T.);
#1042=ADVANCED_FACE('',(#1041),#1039,.T.);
#1043=DIRECTION('',(-0.17744348311931632,0.9841309924489142,0.0));
#1044=VECTOR('',#1043,1000.0);
#1045=LINE('',#236,#1044);
#1046=EDGE_CURVE('',#237,#239,#1045,.T.);
#1047=DIRECTION('',(0.45719146022069085,0.8893682975580322,0.0));
#1048=VECTOR('',#1047,1000.0);
#1049=LINE('',#238,#1048);
#1050=EDGE_CURVE('',#239,#229,#1049,.T.);
#1051=ORIENTED_EDGE('',*,*,#1033,.F.);
#1052=ORIENTED_EDGE('',*,*,#1046,.T.);
#1053=ORIENTED_EDGE('',*,*,#1050,.T.);
#1054=DIRECTION('',(-0.0,0.0,-1.0));
#1055=DIRECTION('',(-0.3368100752462244,-0.9415726064476561,0.0));
#1056=AXIS2_PLACEMENT_3D('',#228,#1054,#1055);
#1057=PLANE('',#1056);
#1058=EDGE_LOOP('',(#1051,#1052,#1053));
#1059=FACE_BOUND('',#1058,.T.);
#1060=ADVANCED_FACE('',(#1059),#1057,.T.);
#1061=DIRECTION('',(-0.505519753934911,0.8628150313836604,0.0));
#1062=VECTOR('',#1061,1000.0);
#1063=LINE('',#238,#1062);
#1064=EDGE_CURVE('',#239,#215,#1063,.T.);
#1065=ORIENTED_EDGE('',*,*,#1050,.F.);
#1066=ORIENTED_EDGE('',*,*,#1064,.T.);
#1067=ORIENTED_EDGE('',*,*,#912,.F.);
#1068=DIRECTION('',(-0.45719146022069085,-0.8893682975580322,0.0));
#1069=AXIS2_PLACEMENT_3D('',#228,#1054,#1068);
#1070=PLANE('',#1069);
#1071=EDGE_LOOP('',(#1065,#1066,#1067));
#1072=FACE_BOUND('',#1071,.T.);
#1073=ADVANCED_FACE('',(#1072),#1070,.T.);
#1074=LINE('',#238,#741);
#1075=EDGE_CURVE('',#239,#241,#1074,.T.);
#1076=DIRECTION('',(-0.48815655773240463,0.8727560799804546,0.0));
#1077=VECTOR('',#1076,1000.0);
#1078=LINE('',#240,#1077);
#1079=EDGE_CURVE('',#241,#215,#1078,.T.);
#1080=ORIENTED_EDGE('',*,*,#1064,.F.);
#1081=ORIENTED_EDGE('',*,*,#1075,.T.);
#1082=ORIENTED_EDGE('',*,*,#1079,.T.);
#1083=DIRECTION('',(0.505519753934911,-0.8628150313836604,0.0));
#1084=AXIS2_PLACEMENT_3D('',#214,#950,#1083);
#1085=PLANE('',#1084);
#1086=EDGE_LOOP('',(#1080,#1081,#1082));
#1087=FACE_BOUND('',#1086,.T.);
#1088=ADVANCED_FACE('',(#1087),#1085,.T.);
#1089=DIRECTION('',(-0.18148122149102722,-0.9833944103187311,0.0));
#1090=VECTOR('',#1089,1000.0);
#1091=LINE('',#240,#1090);
#1092=EDGE_CURVE('',#241,#243,#1091,.T.);
#1093=DIRECTION('',(-0.3651468764761966,0.9309499227131808,0.0));
#1094=VECTOR('',#1093,1000.0);
#1095=LINE('',#242,#1094);
#1096=EDGE_CURVE('',#243,#215,#1095,.T.);
#1097=ORIENTED_EDGE('',*,*,#1079,.F.);
#1098=ORIENTED_EDGE('',*,*,#1092,.T.);
#1099=ORIENTED_EDGE('',*,*,#1096,.T.);
#1100=DIRECTION('',(0.0,-0.0,-1.0));
#1101=DIRECTION('',(0.48815655773240463,-0.8727560799804546,0.0));
#1102=AXIS2_PLACEMENT_3D('',#214,#1100,#1101);
#1103=PLANE('',#1102);
#1104=EDGE_LOOP('',(#1097,#1098,#1099));
#1105=FACE_BOUND('',#1104,.T.);
#1106=ADVANCED_FACE('',(#1105),#1103,.T.);
#1107=DIRECTION('',(-0.2481006674679166,-0.9687342560279234,0.0));
#1108=VECTOR('',#1107,1000.0);
#1109=LINE('',#242,#1108);
#1110=EDGE_CURVE('',#243,#245,#1109,.T.);
#1111=DIRECTION('',(-0.26497328413796994,0.9642557537775642,0.0));
#1112=VECTOR('',#1111,1000.0);
#1113=LINE('',#244,#1112);
#1114=EDGE_CURVE('',#245,#215,#1113,.T.);
#1115=ORIENTED_EDGE('',*,*,#1110,.T.);
#1116=ORIENTED_EDGE('',*,*,#1114,.T.);
#1117=ORIENTED_EDGE('',*,*,#1096,.F.);
#1118=AXIS2_PLACEMENT_3D('',#242,#1054,#1107);
#1119=PLANE('',#1118);
#1120=EDGE_LOOP('',(#1115,#1116,#1117));
#1121=FACE_BOUND('',#1120,.T.);
#1122=ADVANCED_FACE('',(#1121),#1119,.T.);
#1123=LINE('',#244,#775);
#1124=EDGE_CURVE('',#245,#233,#1123,.T.);
#1125=DIRECTION('',(0.15829048855688124,0.987392587187297,0.0));
#1126=VECTOR('',#1125,1000.0);
#1127=LINE('',#232,#1126);
#1128=EDGE_CURVE('',#233,#215,#1127,.T.);
#1129=ORIENTED_EDGE('',*,*,#1114,.F.);
#1130=ORIENTED_EDGE('',*,*,#1124,.T.);
#1131=ORIENTED_EDGE('',*,*,#1128,.T.);
#1132=DIRECTION('',(0.26497328413796994,-0.9642557537775642,0.0));
#1133=AXIS2_PLACEMENT_3D('',#214,#1100,#1132);
#1134=PLANE('',#1133);
#1135=EDGE_LOOP('',(#1129,#1130,#1131));
#1136=FACE_BOUND('',#1135,.T.);
#1137=ADVANCED_FACE('',(#1136),#1134,.T.);
#1138=DIRECTION('',(-0.5997539187311894,-0.8001845018285356,0.0));
#1139=VECTOR('',#1138,1000.0);
#1140=LINE('',#232,#1139);
#1141=EDGE_CURVE('',#233,#217,#1140,.T.);
#1142=ORIENTED_EDGE('',*,*,#1128,.F.);
#1143=ORIENTED_EDGE('',*,*,#1141,.T.);
#1144=ORIENTED_EDGE('',*,*,#686,.F.);
#1145=DIRECTION('',(0.0,0.0,-1.0));
#1146=DIRECTION('',(-0.15829048855688124,-0.987392587187297,0.0));
#1147=AXIS2_PLACEMENT_3D('',#214,#1145,#1146);
#1148=PLANE('',#1147);
#1149=EDGE_LOOP('',(#1142,#1143,#1144));
#1150=FACE_BOUND('',#1149,.T.);
#1151=ADVANCED_FACE('',(#1150),#1148,.T.);
#1152=DIRECTION('',(-0.6616799862974068,-0.7497863667295263,0.0));
#1153=VECTOR('',#1152,1000.0);
#1154=LINE('',#220,#1153);
#1155=EDGE_CURVE('',#221,#217,#1154,.T.);
#1156=ORIENTED_EDGE('',*,*,#1141,.F.);
#1157=ORIENTED_EDGE('',*,*,#959,.F.);
#1158=ORIENTED_EDGE('',*,*,#1155,.T.);
#1159=DIRECTION('',(0.5997539187311894,0.8001845018285356,0.0));
#1160=AXIS2_PLACEMENT_3D('',#216,#1100,#1159);
#1161=PLANE('',#1160);
#1162=EDGE_LOOP('',(#1156,#1157,#1158));
#1163=FACE_BOUND('',#1162,.T.);
#1164=ADVANCED_FACE('',(#1163),#1161,.T.);
#1165=ORIENTED_EDGE('',*,*,#1155,.F.);
#1166=ORIENTED_EDGE('',*,*,#756,.F.);
#1167=ORIENTED_EDGE('',*,*,#722,.F.);
#1168=DIRECTION('',(0.6616799862974068,0.7497863667295263,0.0));
#1169=AXIS2_PLACEMENT_3D('',#216,#1100,#1168);
#1170=PLANE('',#1169);
#1171=EDGE_LOOP('',(#1165,#1166,#1167));
#1172=FACE_BOUND('',#1171,.T.);
#1173=ADVANCED_FACE('',(#1172),#1170,.T.);
#1174=DIRECTION('',(0.31714659450501737,0.0,-0.9483765273317714));
#1175=VECTOR('',#1174,1000.0);
#1176=LINE('',#232,#1175);
#1177=EDGE_CURVE('',#233,#247,#1176,.T.);
#1178=LINE('',#246,#691);
#1179=EDGE_CURVE('',#247,#231,#1178,.T.);
#1180=ORIENTED_EDGE('',*,*,#946,.F.);
#1181=ORIENTED_EDGE('',*,*,#1177,.T.);
#1182=ORIENTED_EDGE('',*,*,#1179,.T.);
#1183=AXIS2_PLACEMENT_3D('',#230,#920,#740);
#1184=PLANE('',#1183);
#1185=EDGE_LOOP('',(#1180,#1181,#1182));
#1186=FACE_BOUND('',#1185,.T.);
#1187=ADVANCED_FACE('',(#1186),#1184,.T.);
#1188=DIRECTION('',(0.0,0.0,-1.0));
#1189=VECTOR('',#1188,1000.0);
#1190=LINE('',#232,#1189);
#1191=EDGE_CURVE('',#233,#249,#1190,.T.);
#1192=LINE('',#248,#720);
#1193=EDGE_CURVE('',#249,#247,#1192,.T.);
#1194=ORIENTED_EDGE('',*,*,#1177,.F.);
#1195=ORIENTED_EDGE('',*,*,#1191,.T.);
#1196=ORIENTED_EDGE('',*,*,#1193,.T.);
#1197=DIRECTION('',(-0.31714659450501737,0.0,0.9483765273317714));
#1198=AXIS2_PLACEMENT_3D('',#246,#920,#1197);
#1199=PLANE('',#1198);
#1200=EDGE_LOOP('',(#1194,#1195,#1196));
#1201=FACE_BOUND('',#1200,.T.);
#1202=ADVANCED_FACE('',(#1201),#1199,.T.);
#1203=DIRECTION('',(-0.1363870238383995,0.3818105369760238,-0.9141221436890062));
#1204=VECTOR('',#1203,1000.0);
#1205=LINE('',#230,#1204);
#1206=EDGE_CURVE('',#231,#251,#1205,.T.);
#1207=LINE('',#250,#691);
#1208=EDGE_CURVE('',#251,#235,#1207,.T.);
#1209=ORIENTED_EDGE('',*,*,#980,.F.);
#1210=ORIENTED_EDGE('',*,*,#1206,.T.);
#1211=ORIENTED_EDGE('',*,*,#1208,.T.);
#1212=DIRECTION('',(0.9417215058047856,0.33639352773911585,0.0));
#1213=DIRECTION('',(0.33639352773911585,-0.9417215058047855,0.0));
#1214=AXIS2_PLACEMENT_3D('',#234,#1212,#1213);
#1215=PLANE('',#1214);
#1216=EDGE_LOOP('',(#1209,#1210,#1211));
#1217=FACE_BOUND('',#1216,.T.);
#1218=ADVANCED_FACE('',(#1217),#1215,.T.);
#1219=LINE('',#246,#978);
#1220=EDGE_CURVE('',#247,#251,#1219,.T.);
#1221=ORIENTED_EDGE('',*,*,#1206,.F.);
#1222=ORIENTED_EDGE('',*,*,#1179,.F.);
#1223=ORIENTED_EDGE('',*,*,#1220,.T.);
#1224=DIRECTION('',(0.1363870238383995,-0.3818105369760238,0.9141221436890062));
#1225=AXIS2_PLACEMENT_3D('',#250,#1212,#1224);
#1226=PLANE('',#1225);
#1227=EDGE_LOOP('',(#1221,#1222,#1223));
#1228=FACE_BOUND('',#1227,.T.);
#1229=ADVANCED_FACE('',(#1228),#1226,.T.);
#1230=LINE('',#250,#1027);
#1231=EDGE_CURVE('',#251,#253,#1230,.T.);
#1232=DIRECTION('',(0.009613775908540886,-0.03465756221498875,0.9993530050458119));
#1233=VECTOR('',#1232,1000.0);
#1234=LINE('',#252,#1233);
#1235=EDGE_CURVE('',#253,#235,#1234,.T.);
#1236=ORIENTED_EDGE('',*,*,#1208,.F.);
#1237=ORIENTED_EDGE('',*,*,#1231,.T.);
#1238=ORIENTED_EDGE('',*,*,#1235,.T.);
#1239=DIRECTION('',(0.9636133869932935,0.2672999072340155,0.0));
#1240=DIRECTION('',(0.0,0.0,-1.0));
#1241=AXIS2_PLACEMENT_3D('',#234,#1239,#1240);
#1242=PLANE('',#1241);
#1243=EDGE_LOOP('',(#1236,#1237,#1238));
#1244=FACE_BOUND('',#1243,.T.);
#1245=ADVANCED_FACE('',(#1244),#1242,.T.);
#1246=LINE('',#252,#691);
#1247=EDGE_CURVE('',#253,#237,#1246,.T.);
#1248=ORIENTED_EDGE('',*,*,#1235,.F.);
#1249=ORIENTED_EDGE('',*,*,#1247,.T.);
#1250=ORIENTED_EDGE('',*,*,#1029,.F.);
#1251=DIRECTION('',(0.9636133869932935,0.2672999072340155,-0.0));
#1252=DIRECTION('',(-0.009613775908540886,0.03465756221498875,-0.9993530050458119));
#1253=AXIS2_PLACEMENT_3D('',#234,#1251,#1252);
#1254=PLANE('',#1253);
#1255=EDGE_LOOP('',(#1248,#1249,#1250));
#1256=FACE_BOUND('',#1255,.T.);
#1257=ADVANCED_FACE('',(#1256),#1254,.T.);
#1258=LINE('',#252,#1044);
#1259=EDGE_CURVE('',#253,#255,#1258,.T.);
#1260=DIRECTION('',(0.006385860667448324,-0.03541704257501851,0.9993522171280631));
#1261=VECTOR('',#1260,1000.0);
#1262=LINE('',#254,#1261);
#1263=EDGE_CURVE('',#255,#237,#1262,.T.);
#1264=ORIENTED_EDGE('',*,*,#1247,.F.);
#1265=ORIENTED_EDGE('',*,*,#1259,.T.);
#1266=ORIENTED_EDGE('',*,*,#1263,.T.);
#1267=DIRECTION('',(0.9841309924489143,0.17744348311931638,0.0));
#1268=DIRECTION('',(0.0,0.0,-1.0));
#1269=AXIS2_PLACEMENT_3D('',#236,#1267,#1268);
#1270=PLANE('',#1269);
#1271=EDGE_LOOP('',(#1264,#1265,#1266));
#1272=FACE_BOUND('',#1271,.T.);
#1273=ADVANCED_FACE('',(#1272),#1270,.T.);
#1274=LINE('',#254,#691);
#1275=EDGE_CURVE('',#255,#239,#1274,.T.);
#1276=ORIENTED_EDGE('',*,*,#1263,.F.);
#1277=ORIENTED_EDGE('',*,*,#1275,.T.);
#1278=ORIENTED_EDGE('',*,*,#1046,.F.);
#1279=DIRECTION('',(0.9841309924489143,0.17744348311931638,-0.0));
#1280=DIRECTION('',(-0.006385860667448324,0.03541704257501851,-0.9993522171280631));
#1281=AXIS2_PLACEMENT_3D('',#236,#1279,#1280);
#1282=PLANE('',#1281);
#1283=EDGE_LOOP('',(#1276,#1277,#1278));
#1284=FACE_BOUND('',#1283,.T.);
#1285=ADVANCED_FACE('',(#1284),#1282,.T.);
#1286=DIRECTION('',(-0.0032399829940217982,0.0,-0.9999947512413245));
#1287=VECTOR('',#1286,1000.0);
#1288=LINE('',#238,#1287);
#1289=EDGE_CURVE('',#239,#257,#1288,.T.);
#1290=LINE('',#256,#691);
#1291=EDGE_CURVE('',#257,#241,#1290,.T.);
#1292=ORIENTED_EDGE('',*,*,#1075,.F.);
#1293=ORIENTED_EDGE('',*,*,#1289,.T.);
#1294=ORIENTED_EDGE('',*,*,#1291,.T.);
#1295=AXIS2_PLACEMENT_3D('',#240,#730,#12);
#1296=PLANE('',#1295);
#1297=EDGE_LOOP('',(#1292,#1293,#1294));
#1298=FACE_BOUND('',#1297,.T.);
#1299=ADVANCED_FACE('',(#1298),#1296,.T.);
#1300=LINE('',#254,#741);
#1301=EDGE_CURVE('',#255,#257,#1300,.T.);
#1302=ORIENTED_EDGE('',*,*,#1289,.F.);
#1303=ORIENTED_EDGE('',*,*,#1275,.F.);
#1304=ORIENTED_EDGE('',*,*,#1301,.T.);
#1305=DIRECTION('',(0.0032399829940217982,0.0,0.9999947512413245));
#1306=AXIS2_PLACEMENT_3D('',#256,#730,#1305);
#1307=PLANE('',#1306);
#1308=EDGE_LOOP('',(#1302,#1303,#1304));
#1309=FACE_BOUND('',#1308,.T.);
#1310=ADVANCED_FACE('',(#1309),#1307,.T.);
#1311=LINE('',#256,#1090);
#1312=EDGE_CURVE('',#257,#259,#1311,.T.);
#1313=DIRECTION('',(0.006515796323968778,0.03530722149169046,0.9993552644124117));
#1314=VECTOR('',#1313,1000.0);
#1315=LINE('',#258,#1314);
#1316=EDGE_CURVE('',#259,#241,#1315,.T.);
#1317=ORIENTED_EDGE('',*,*,#1291,.F.);
#1318=ORIENTED_EDGE('',*,*,#1312,.T.);
#1319=ORIENTED_EDGE('',*,*,#1316,.T.);
#1320=DIRECTION('',(-0.9833944103187311,0.18148122149102722,0.0));
#1321=DIRECTION('',(0.0,0.0,-1.0));
#1322=AXIS2_PLACEMENT_3D('',#240,#1320,#1321);
#1323=PLANE('',#1322);
#1324=EDGE_LOOP('',(#1317,#1318,#1319));
#1325=FACE_BOUND('',#1324,.T.);
#1326=ADVANCED_FACE('',(#1325),#1323,.T.);
#1327=LINE('',#258,#691);
#1328=EDGE_CURVE('',#259,#243,#1327,.T.);
#1329=ORIENTED_EDGE('',*,*,#1316,.F.);
#1330=ORIENTED_EDGE('',*,*,#1328,.T.);
#1331=ORIENTED_EDGE('',*,*,#1092,.F.);
#1332=DIRECTION('',(-0.006515796323968778,-0.03530722149169046,-0.9993552644124117));
#1333=AXIS2_PLACEMENT_3D('',#240,#1320,#1332);
#1334=PLANE('',#1333);
#1335=EDGE_LOOP('',(#1329,#1330,#1331));
#1336=FACE_BOUND('',#1335,.T.);
#1337=ADVANCED_FACE('',(#1336),#1334,.T.);
#1338=LINE('',#258,#1108);
#1339=EDGE_CURVE('',#259,#261,#1338,.T.);
#1340=DIRECTION('',(0.008904259794948103,0.034767586786334875,0.9993557570087634));
#1341=VECTOR('',#1340,1000.0);
#1342=LINE('',#260,#1341);
#1343=EDGE_CURVE('',#261,#243,#1342,.T.);
#1344=ORIENTED_EDGE('',*,*,#1328,.F.);
#1345=ORIENTED_EDGE('',*,*,#1339,.T.);
#1346=ORIENTED_EDGE('',*,*,#1343,.T.);
#1347=DIRECTION('',(-0.9687342560279234,0.2481006674679166,0.0));
#1348=DIRECTION('',(0.0,0.0,-1.0));
#1349=AXIS2_PLACEMENT_3D('',#242,#1347,#1348);
#1350=PLANE('',#1349);
#1351=EDGE_LOOP('',(#1344,#1345,#1346));
#1352=FACE_BOUND('',#1351,.T.);
#1353=ADVANCED_FACE('',(#1352),#1350,.T.);
#1354=LINE('',#260,#691);
#1355=EDGE_CURVE('',#261,#245,#1354,.T.);
#1356=ORIENTED_EDGE('',*,*,#1343,.F.);
#1357=ORIENTED_EDGE('',*,*,#1355,.T.);
#1358=ORIENTED_EDGE('',*,*,#1110,.F.);
#1359=DIRECTION('',(-0.008904259794948103,-0.034767586786334875,-0.9993557570087634));
#1360=AXIS2_PLACEMENT_3D('',#242,#1347,#1359);
#1361=PLANE('',#1360);
#1362=EDGE_LOOP('',(#1356,#1357,#1358));
#1363=FACE_BOUND('',#1362,.T.);
#1364=ADVANCED_FACE('',(#1363),#1361,.T.);
#1365=DIRECTION('',(-0.13757989343887753,-0.38174696001827096,-0.9139699291760949));
#1366=VECTOR('',#1365,1000.0);
#1367=LINE('',#244,#1366);
#1368=EDGE_CURVE('',#245,#249,#1367,.T.);
#1369=ORIENTED_EDGE('',*,*,#1124,.F.);
#1370=ORIENTED_EDGE('',*,*,#1368,.T.);
#1371=ORIENTED_EDGE('',*,*,#1191,.F.);
#1372=AXIS2_PLACEMENT_3D('',#232,#764,#753);
#1373=PLANE('',#1372);
#1374=EDGE_LOOP('',(#1369,#1370,#1371));
#1375=FACE_BOUND('',#1374,.T.);
#1376=ADVANCED_FACE('',(#1375),#1373,.T.);
#1377=LINE('',#260,#775);
#1378=EDGE_CURVE('',#261,#249,#1377,.T.);
#1379=ORIENTED_EDGE('',*,*,#1368,.F.);
#1380=ORIENTED_EDGE('',*,*,#1355,.F.);
#1381=ORIENTED_EDGE('',*,*,#1378,.T.);
#1382=DIRECTION('',(0.13757989343887753,0.38174696001827096,0.9139699291760949));
#1383=AXIS2_PLACEMENT_3D('',#248,#764,#1382);
#1384=PLANE('',#1383);
#1385=EDGE_LOOP('',(#1379,#1380,#1381));
#1386=FACE_BOUND('',#1385,.T.);
#1387=ADVANCED_FACE('',(#1386),#1384,.T.);
#1388=LINE('',#262,#720);
#1389=EDGE_CURVE('',#263,#265,#1388,.T.);
#1390=DIRECTION('',(-0.26238328914343145,0.0,-0.9649637348513541));
#1391=VECTOR('',#1390,1000.0);
#1392=LINE('',#264,#1391);
#1393=EDGE_CURVE('',#265,#155,#1392,.T.);
#1394=LINE('',#154,#691);
#1395=EDGE_CURVE('',#155,#263,#1394,.T.);
#1396=ORIENTED_EDGE('',*,*,#1389,.T.);
#1397=ORIENTED_EDGE('',*,*,#1393,.T.);
#1398=ORIENTED_EDGE('',*,*,#1395,.T.);
#1399=AXIS2_PLACEMENT_3D('',#262,#730,#12);
#1400=PLANE('',#1399);
#1401=EDGE_LOOP('',(#1396,#1397,#1398));
#1402=FACE_BOUND('',#1401,.T.);
#1403=ADVANCED_FACE('',(#1402),#1400,.T.);
#1404=DIRECTION('',(0.0,0.0,-1.0));
#1405=VECTOR('',#1404,1000.0);
#1406=LINE('',#264,#1405);
#1407=EDGE_CURVE('',#265,#157,#1406,.T.);
#1408=LINE('',#156,#741);
#1409=EDGE_CURVE('',#157,#155,#1408,.T.);
#1410=ORIENTED_EDGE('',*,*,#1393,.F.);
#1411=ORIENTED_EDGE('',*,*,#1407,.T.);
#1412=ORIENTED_EDGE('',*,*,#1409,.T.);
#1413=DIRECTION('',(0.26238328914343145,0.0,0.9649637348513541));
#1414=AXIS2_PLACEMENT_3D('',#154,#730,#1413);
#1415=PLANE('',#1414);
#1416=EDGE_LOOP('',(#1410,#1411,#1412));
#1417=FACE_BOUND('',#1416,.T.);
#1418=ADVANCED_FACE('',(#1417),#1415,.T.);
#1419=LINE('',#264,#504);
#1420=EDGE_CURVE('',#265,#267,#1419,.T.);
#1421=DIRECTION('',(0.0,-0.7071067811865472,-0.7071067811865479));
#1422=VECTOR('',#1421,1000.0);
#1423=LINE('',#266,#1422);
#1424=EDGE_CURVE('',#267,#157,#1423,.T.);
#1425=ORIENTED_EDGE('',*,*,#1420,.T.);
#1426=ORIENTED_EDGE('',*,*,#1424,.T.);
#1427=ORIENTED_EDGE('',*,*,#1407,.F.);
#1428=DIRECTION('',(-1.0,0.0,-0.0));
#1429=AXIS2_PLACEMENT_3D('',#264,#1428,#503);
#1430=PLANE('',#1429);
#1431=EDGE_LOOP('',(#1425,#1426,#1427));
#1432=FACE_BOUND('',#1431,.T.);
#1433=ADVANCED_FACE('',(#1432),#1430,.T.);
#1434=DIRECTION('',(0.0,0.0,-1.0));
#1435=VECTOR('',#1434,1000.0);
#1436=LINE('',#266,#1435);
#1437=EDGE_CURVE('',#267,#159,#1436,.T.);
#1438=LINE('',#158,#483);
#1439=EDGE_CURVE('',#159,#157,#1438,.T.);
#1440=ORIENTED_EDGE('',*,*,#1424,.F.);
#1441=ORIENTED_EDGE('',*,*,#1437,.T.);
#1442=ORIENTED_EDGE('',*,*,#1439,.T.);
#1443=DIRECTION('',(0.0,0.7071067811865472,0.7071067811865479));
#1444=AXIS2_PLACEMENT_3D('',#156,#740,#1443);
#1445=PLANE('',#1444);
#1446=EDGE_LOOP('',(#1440,#1441,#1442));
#1447=FACE_BOUND('',#1446,.T.);
#1448=ADVANCED_FACE('',(#1447),#1445,.T.);
#1449=LINE('',#266,#741);
#1450=EDGE_CURVE('',#267,#269,#1449,.T.);
#1451=DIRECTION('',(0.27159274323546334,0.0,-0.9624122722730813));
#1452=VECTOR('',#1451,1000.0);
#1453=LINE('',#268,#1452);
#1454=EDGE_CURVE('',#269,#159,#1453,.T.);
#1455=ORIENTED_EDGE('',*,*,#1450,.T.);
#1456=ORIENTED_EDGE('',*,*,#1454,.T.);
#1457=ORIENTED_EDGE('',*,*,#1437,.F.);
#1458=AXIS2_PLACEMENT_3D('',#266,#920,#740);
#1459=PLANE('',#1458);
#1460=EDGE_LOOP('',(#1455,#1456,#1457));
#1461=FACE_BOUND('',#1460,.T.);
#1462=ADVANCED_FACE('',(#1461),#1459,.T.);
#1463=DIRECTION('',(0.0,0.0,-1.0));
#1464=VECTOR('',#1463,1000.0);
#1465=LINE('',#268,#1464);
#1466=EDGE_CURVE('',#269,#161,#1465,.T.);
#1467=LINE('',#160,#720);
#1468=EDGE_CURVE('',#161,#159,#1467,.T.);
#1469=ORIENTED_EDGE('',*,*,#1454,.F.);
#1470=ORIENTED_EDGE('',*,*,#1466,.T.);
#1471=ORIENTED_EDGE('',*,*,#1468,.T.);
#1472=DIRECTION('',(-0.27159274323546334,0.0,0.9624122722730813));
#1473=AXIS2_PLACEMENT_3D('',#158,#920,#1472);
#1474=PLANE('',#1473);
#1475=EDGE_LOOP('',(#1469,#1470,#1471));
#1476=FACE_BOUND('',#1475,.T.);
#1477=ADVANCED_FACE('',(#1476),#1474,.T.);
#1478=DIRECTION('',(0.0,0.0,-1.0));
#1479=VECTOR('',#1478,1000.0);
#1480=LINE('',#270,#1479);
#1481=EDGE_CURVE('',#271,#183,#1480,.T.);
#1482=DIRECTION('',(0.07703683027983352,0.9970282477344542,0.0));
#1483=VECTOR('',#1482,1000.0);
#1484=LINE('',#182,#1483);
#1485=EDGE_CURVE('',#183,#181,#1484,.T.);
#1486=DIRECTION('',(-0.007237842120635745,-0.0936738053824776,0.9955766328247176));
#1487=VECTOR('',#1486,1000.0);
#1488=LINE('',#180,#1487);
#1489=EDGE_CURVE('',#181,#271,#1488,.T.);
#1490=ORIENTED_EDGE('',*,*,#1481,.T.);
#1491=ORIENTED_EDGE('',*,*,#1485,.T.);
#1492=ORIENTED_EDGE('',*,*,#1489,.T.);
#1493=DIRECTION('',(0.9970282477344543,-0.07703683027983352,0.0));
#1494=DIRECTION('',(0.0,0.0,-1.0));
#1495=AXIS2_PLACEMENT_3D('',#270,#1493,#1494);
#1496=PLANE('',#1495);
#1497=EDGE_LOOP('',(#1490,#1491,#1492));
#1498=FACE_BOUND('',#1497,.T.);
#1499=ADVANCED_FACE('',(#1498),#1496,.T.);
#1500=LINE('',#180,#691);
#1501=EDGE_CURVE('',#181,#273,#1500,.T.);
#1502=DIRECTION('',(-0.07703683027983352,-0.9970282477344542,0.0));
#1503=VECTOR('',#1502,1000.0);
#1504=LINE('',#272,#1503);
#1505=EDGE_CURVE('',#273,#271,#1504,.T.);
#1506=ORIENTED_EDGE('',*,*,#1489,.F.);
#1507=ORIENTED_EDGE('',*,*,#1501,.T.);
#1508=ORIENTED_EDGE('',*,*,#1505,.T.);
#1509=DIRECTION('',(0.007237842120635745,0.0936738053824776,-0.9955766328247176));
#1510=AXIS2_PLACEMENT_3D('',#270,#1493,#1509);
#1511=PLANE('',#1510);
#1512=EDGE_LOOP('',(#1506,#1507,#1508));
#1513=FACE_BOUND('',#1512,.T.);
#1514=ADVANCED_FACE('',(#1513),#1511,.T.);
#1515=DIRECTION('',(0.2630096935555297,0.9647931908423827,0.0));
#1516=VECTOR('',#1515,1000.0);
#1517=LINE('',#180,#1516);
#1518=EDGE_CURVE('',#181,#167,#1517,.T.);
#1519=DIRECTION('',(-0.026721016416217935,-0.09802016930342364,0.9948256297921824));
#1520=VECTOR('',#1519,1000.0);
#1521=LINE('',#166,#1520);
#1522=EDGE_CURVE('',#167,#273,#1521,.T.);
#1523=ORIENTED_EDGE('',*,*,#1501,.F.);
#1524=ORIENTED_EDGE('',*,*,#1518,.T.);
#1525=ORIENTED_EDGE('',*,*,#1522,.T.);
#1526=DIRECTION('',(0.9647931908423828,-0.2630096935555297,0.0));
#1527=DIRECTION('',(0.0,0.0,-1.0));
#1528=AXIS2_PLACEMENT_3D('',#272,#1526,#1527);
#1529=PLANE('',#1528);
#1530=EDGE_LOOP('',(#1523,#1524,#1525));
#1531=FACE_BOUND('',#1530,.T.);
#1532=ADVANCED_FACE('',(#1531),#1529,.T.);
#1533=LINE('',#166,#691);
#1534=EDGE_CURVE('',#167,#275,#1533,.T.);
#1535=DIRECTION('',(-0.2630096935555297,-0.9647931908423827,0.0));
#1536=VECTOR('',#1535,1000.0);
#1537=LINE('',#274,#1536);
#1538=EDGE_CURVE('',#275,#273,#1537,.T.);
#1539=ORIENTED_EDGE('',*,*,#1522,.F.);
#1540=ORIENTED_EDGE('',*,*,#1534,.T.);
#1541=ORIENTED_EDGE('',*,*,#1538,.T.);
#1542=DIRECTION('',(0.026721016416217935,0.09802016930342364,-0.9948256297921824));
#1543=AXIS2_PLACEMENT_3D('',#272,#1526,#1542);
#1544=PLANE('',#1543);
#1545=EDGE_LOOP('',(#1539,#1540,#1541));
#1546=FACE_BOUND('',#1545,.T.);
#1547=ADVANCED_FACE('',(#1546),#1544,.T.);
#1548=DIRECTION('',(0.4753865088788819,0.879777055381617,0.0));
#1549=VECTOR('',#1548,1000.0);
#1550=LINE('',#166,#1549);
#1551=EDGE_CURVE('',#167,#165,#1550,.T.);
#1552=DIRECTION('',(-0.04624955743668957,-0.0855920365731718,0.9952562392229286));
#1553=VECTOR('',#1552,1000.0);
#1554=LINE('',#164,#1553);
#1555=EDGE_CURVE('',#165,#275,#1554,.T.);
#1556=ORIENTED_EDGE('',*,*,#1534,.F.);
#1557=ORIENTED_EDGE('',*,*,#1551,.T.);
#1558=ORIENTED_EDGE('',*,*,#1555,.T.);
#1559=DIRECTION('',(0.879777055381617,-0.4753865088788819,0.0));
#1560=DIRECTION('',(0.0,0.0,-1.0));
#1561=AXIS2_PLACEMENT_3D('',#274,#1559,#1560);
#1562=PLANE('',#1561);
#1563=EDGE_LOOP('',(#1556,#1557,#1558));
#1564=FACE_BOUND('',#1563,.T.);
#1565=ADVANCED_FACE('',(#1564),#1562,.T.);
#1566=LINE('',#164,#691);
#1567=EDGE_CURVE('',#165,#277,#1566,.T.);
#1568=DIRECTION('',(-0.4753865088788819,-0.879777055381617,0.0));
#1569=VECTOR('',#1568,1000.0);
#1570=LINE('',#276,#1569);
#1571=EDGE_CURVE('',#277,#275,#1570,.T.);
#1572=ORIENTED_EDGE('',*,*,#1555,.F.);
#1573=ORIENTED_EDGE('',*,*,#1567,.T.);
#1574=ORIENTED_EDGE('',*,*,#1571,.T.);
#1575=DIRECTION('',(0.04624955743668957,0.0855920365731718,-0.9952562392229286));
#1576=AXIS2_PLACEMENT_3D('',#274,#1559,#1575);
#1577=PLANE('',#1576);
#1578=EDGE_LOOP('',(#1572,#1573,#1574));
#1579=FACE_BOUND('',#1578,.T.);
#1580=ADVANCED_FACE('',(#1579),#1577,.T.);
#1581=DIRECTION('',(0.6697544348892575,0.74258265327583,0.0));
#1582=VECTOR('',#1581,1000.0);
#1583=LINE('',#164,#1582);
#1584=EDGE_CURVE('',#165,#163,#1583,.T.);
#1585=DIRECTION('',(-0.070329021942618,-0.07797650750170645,0.9944714641207314));
#1586=VECTOR('',#1585,1000.0);
#1587=LINE('',#162,#1586);
#1588=EDGE_CURVE('',#163,#277,#1587,.T.);
#1589=ORIENTED_EDGE('',*,*,#1567,.F.);
#1590=ORIENTED_EDGE('',*,*,#1584,.T.);
#1591=ORIENTED_EDGE('',*,*,#1588,.T.);
#1592=DIRECTION('',(0.74258265327583,-0.6697544348892575,0.0));
#1593=DIRECTION('',(0.0,0.0,-1.0));
#1594=AXIS2_PLACEMENT_3D('',#276,#1592,#1593);
#1595=PLANE('',#1594);
#1596=EDGE_LOOP('',(#1589,#1590,#1591));
#1597=FACE_BOUND('',#1596,.T.);
#1598=ADVANCED_FACE('',(#1597),#1595,.T.);
#1599=LINE('',#162,#691);
#1600=EDGE_CURVE('',#163,#279,#1599,.T.);
#1601=DIRECTION('',(-0.6697544348892575,-0.74258265327583,0.0));
#1602=VECTOR('',#1601,1000.0);
#1603=LINE('',#278,#1602);
#1604=EDGE_CURVE('',#279,#277,#1603,.T.);
#1605=ORIENTED_EDGE('',*,*,#1588,.F.);
#1606=ORIENTED_EDGE('',*,*,#1600,.T.);
#1607=ORIENTED_EDGE('',*,*,#1604,.T.);
#1608=DIRECTION('',(0.070329021942618,0.07797650750170645,-0.9944714641207314));
#1609=AXIS2_PLACEMENT_3D('',#276,#1592,#1608);
#1610=PLANE('',#1609);
#1611=EDGE_LOOP('',(#1605,#1606,#1607));
#1612=FACE_BOUND('',#1611,.T.);
#1613=ADVANCED_FACE('',(#1612),#1610,.T.);
#1614=DIRECTION('',(0.7489965624903521,0.6625738822030613,0.0));
#1615=VECTOR('',#1614,1000.0);
#1616=LINE('',#162,#1615);
#1617=EDGE_CURVE('',#163,#173,#1616,.T.);
#1618=DIRECTION('',(-0.0010399989974413787,-0.0009199991131212997,0.999999036001394));
#1619=VECTOR('',#1618,1000.0);
#1620=LINE('',#172,#1619);
#1621=EDGE_CURVE('',#173,#279,#1620,.T.);
#1622=ORIENTED_EDGE('',*,*,#1600,.F.);
#1623=ORIENTED_EDGE('',*,*,#1617,.T.);
#1624=ORIENTED_EDGE('',*,*,#1621,.T.);
#1625=DIRECTION('',(0.6625738822030615,-0.7489965624903521,0.0));
#1626=DIRECTION('',(0.0,0.0,-1.0));
#1627=AXIS2_PLACEMENT_3D('',#278,#1625,#1626);
#1628=PLANE('',#1627);
#1629=EDGE_LOOP('',(#1622,#1623,#1624));
#1630=FACE_BOUND('',#1629,.T.);
#1631=ADVANCED_FACE('',(#1630),#1628,.T.);
#1632=LINE('',#172,#691);
#1633=EDGE_CURVE('',#173,#281,#1632,.T.);
#1634=DIRECTION('',(-0.7489965624903521,-0.6625738822030613,0.0));
#1635=VECTOR('',#1634,1000.0);
#1636=LINE('',#280,#1635);
#1637=EDGE_CURVE('',#281,#279,#1636,.T.);
#1638=ORIENTED_EDGE('',*,*,#1621,.F.);
#1639=ORIENTED_EDGE('',*,*,#1633,.T.);
#1640=ORIENTED_EDGE('',*,*,#1637,.T.);
#1641=DIRECTION('',(0.0010399989974413787,0.0009199991131212997,-0.999999036001394));
#1642=AXIS2_PLACEMENT_3D('',#278,#1625,#1641);
#1643=PLANE('',#1642);
#1644=EDGE_LOOP('',(#1638,#1639,#1640));
#1645=FACE_BOUND('',#1644,.T.);
#1646=ADVANCED_FACE('',(#1645),#1643,.T.);
#1647=DIRECTION('',(0.8307329201180765,0.5566711914874826,0.0));
#1648=VECTOR('',#1647,1000.0);
#1649=LINE('',#172,#1648);
#1650=EDGE_CURVE('',#173,#171,#1649,.T.);
#1651=DIRECTION('',(-0.10792746291808704,-0.072321811164403,0.9915246937812318));
#1652=VECTOR('',#1651,1000.0);
#1653=LINE('',#170,#1652);
#1654=EDGE_CURVE('',#171,#281,#1653,.T.);
#1655=ORIENTED_EDGE('',*,*,#1633,.F.);
#1656=ORIENTED_EDGE('',*,*,#1650,.T.);
#1657=ORIENTED_EDGE('',*,*,#1654,.T.);
#1658=DIRECTION('',(0.5566711914874827,-0.8307329201180765,0.0));
#1659=DIRECTION('',(0.0,0.0,-1.0));
#1660=AXIS2_PLACEMENT_3D('',#280,#1658,#1659);
#1661=PLANE('',#1660);
#1662=EDGE_LOOP('',(#1655,#1656,#1657));
#1663=FACE_BOUND('',#1662,.T.);
#1664=ADVANCED_FACE('',(#1663),#1661,.T.);
#1665=LINE('',#170,#691);
#1666=EDGE_CURVE('',#171,#283,#1665,.T.);
#1667=DIRECTION('',(-0.8307329201180765,-0.5566711914874826,0.0));
#1668=VECTOR('',#1667,1000.0);
#1669=LINE('',#282,#1668);
#1670=EDGE_CURVE('',#283,#281,#1669,.T.);
#1671=ORIENTED_EDGE('',*,*,#1654,.F.);
#1672=ORIENTED_EDGE('',*,*,#1666,.T.);
#1673=ORIENTED_EDGE('',*,*,#1670,.T.);
#1674=DIRECTION('',(0.10792746291808704,0.072321811164403,-0.9915246937812318));
#1675=AXIS2_PLACEMENT_3D('',#280,#1658,#1674);
#1676=PLANE('',#1675);
#1677=EDGE_LOOP('',(#1671,#1672,#1673));
#1678=FACE_BOUND('',#1677,.T.);
#1679=ADVANCED_FACE('',(#1678),#1676,.T.);
#1680=DIRECTION('',(0.9435057995953686,0.3313560111570396,0.0));
#1681=VECTOR('',#1680,1000.0);
#1682=LINE('',#170,#1681);
#1683=EDGE_CURVE('',#171,#169,#1682,.T.);
#1684=DIRECTION('',(-0.11611066647287895,-0.04077766910573153,0.9923988587425558));
#1685=VECTOR('',#1684,1000.0);
#1686=LINE('',#168,#1685);
#1687=EDGE_CURVE('',#169,#283,#1686,.T.);
#1688=ORIENTED_EDGE('',*,*,#1666,.F.);
#1689=ORIENTED_EDGE('',*,*,#1683,.T.);
#1690=ORIENTED_EDGE('',*,*,#1687,.T.);
#1691=DIRECTION('',(0.33135601115703966,-0.9435057995953686,0.0));
#1692=DIRECTION('',(0.0,0.0,-1.0));
#1693=AXIS2_PLACEMENT_3D('',#282,#1691,#1692);
#1694=PLANE('',#1693);
#1695=EDGE_LOOP('',(#1688,#1689,#1690));
#1696=FACE_BOUND('',#1695,.T.);
#1697=ADVANCED_FACE('',(#1696),#1694,.T.);
#1698=LINE('',#168,#691);
#1699=EDGE_CURVE('',#169,#285,#1698,.T.);
#1700=DIRECTION('',(-0.9435057995953686,-0.3313560111570396,0.0));
#1701=VECTOR('',#1700,1000.0);
#1702=LINE('',#284,#1701);
#1703=EDGE_CURVE('',#285,#283,#1702,.T.);
#1704=ORIENTED_EDGE('',*,*,#1687,.F.);
#1705=ORIENTED_EDGE('',*,*,#1699,.T.);
#1706=ORIENTED_EDGE('',*,*,#1703,.T.);
#1707=DIRECTION('',(0.11611066647287895,0.04077766910573153,-0.9923988587425558));
#1708=AXIS2_PLACEMENT_3D('',#282,#1691,#1707);
#1709=PLANE('',#1708);
#1710=EDGE_LOOP('',(#1704,#1705,#1706));
#1711=FACE_BOUND('',#1710,.T.);
#1712=ADVANCED_FACE('',(#1711),#1709,.T.);
#1713=DIRECTION('',(0.9943374998325236,0.1062682286801011,0.0));
#1714=VECTOR('',#1713,1000.0);
#1715=LINE('',#168,#1714);
#1716=EDGE_CURVE('',#169,#161,#1715,.T.);
#1717=DIRECTION('',(-0.14296884660002165,-0.015279566633241091,0.9896092379042143));
#1718=VECTOR('',#1717,1000.0);
#1719=LINE('',#160,#1718);
#1720=EDGE_CURVE('',#161,#285,#1719,.T.);
#1721=ORIENTED_EDGE('',*,*,#1699,.F.);
#1722=ORIENTED_EDGE('',*,*,#1716,.T.);
#1723=ORIENTED_EDGE('',*,*,#1720,.T.);
#1724=DIRECTION('',(0.10626822868010108,-0.9943374998325235,0.0));
#1725=DIRECTION('',(0.0,0.0,-1.0));
#1726=AXIS2_PLACEMENT_3D('',#284,#1724,#1725);
#1727=PLANE('',#1726);
#1728=EDGE_LOOP('',(#1721,#1722,#1723));
#1729=FACE_BOUND('',#1728,.T.);
#1730=ADVANCED_FACE('',(#1729),#1727,.T.);
#1731=DIRECTION('',(-0.9943374998325236,-0.1062682286801011,0.0));
#1732=VECTOR('',#1731,1000.0);
#1733=LINE('',#268,#1732);
#1734=EDGE_CURVE('',#269,#285,#1733,.T.);
#1735=ORIENTED_EDGE('',*,*,#1720,.F.);
#1736=ORIENTED_EDGE('',*,*,#1466,.F.);
#1737=ORIENTED_EDGE('',*,*,#1734,.T.);
#1738=DIRECTION('',(0.14296884660002165,0.015279566633241091,-0.9896092379042143));
#1739=AXIS2_PLACEMENT_3D('',#284,#1724,#1738);
#1740=PLANE('',#1739);
#1741=EDGE_LOOP('',(#1735,#1736,#1737));
#1742=FACE_BOUND('',#1741,.T.);
#1743=ADVANCED_FACE('',(#1742),#1740,.T.);
#1744=DIRECTION('',(-0.9962121353751194,0.08695620352421615,0.0));
#1745=VECTOR('',#1744,1000.0);
#1746=LINE('',#154,#1745);
#1747=EDGE_CURVE('',#155,#153,#1746,.T.);
#1748=DIRECTION('',(0.12278658652087926,-0.01071765242403211,0.9923752244474205));
#1749=VECTOR('',#1748,1000.0);
#1750=LINE('',#152,#1749);
#1751=EDGE_CURVE('',#153,#263,#1750,.T.);
#1752=ORIENTED_EDGE('',*,*,#1395,.F.);
#1753=ORIENTED_EDGE('',*,*,#1747,.T.);
#1754=ORIENTED_EDGE('',*,*,#1751,.T.);
#1755=DIRECTION('',(0.08695620352421615,0.9962121353751194,0.0));
#1756=DIRECTION('',(0.0,0.0,-1.0));
#1757=AXIS2_PLACEMENT_3D('',#262,#1755,#1756);
#1758=PLANE('',#1757);
#1759=EDGE_LOOP('',(#1752,#1753,#1754));
#1760=FACE_BOUND('',#1759,.T.);
#1761=ADVANCED_FACE('',(#1760),#1758,.T.);
#1762=LINE('',#152,#691);
#1763=EDGE_CURVE('',#153,#287,#1762,.T.);
#1764=DIRECTION('',(0.9962121353751194,-0.08695620352421615,0.0));
#1765=VECTOR('',#1764,1000.0);
#1766=LINE('',#286,#1765);
#1767=EDGE_CURVE('',#287,#263,#1766,.T.);
#1768=ORIENTED_EDGE('',*,*,#1751,.F.);
#1769=ORIENTED_EDGE('',*,*,#1763,.T.);
#1770=ORIENTED_EDGE('',*,*,#1767,.T.);
#1771=DIRECTION('',(0.08695620352421615,0.9962121353751194,-0.0));
#1772=DIRECTION('',(-0.12278658652087926,0.01071765242403211,-0.9923752244474205));
#1773=AXIS2_PLACEMENT_3D('',#262,#1771,#1772);
#1774=PLANE('',#1773);
#1775=EDGE_LOOP('',(#1768,#1769,#1770));
#1776=FACE_BOUND('',#1775,.T.);
#1777=ADVANCED_FACE('',(#1776),#1774,.T.);
#1778=LINE('',#152,#942);
#1779=EDGE_CURVE('',#153,#151,#1778,.T.);
#1780=DIRECTION('',(0.11440593449731905,-0.03410434652419433,0.9928485159881908));
#1781=VECTOR('',#1780,1000.0);
#1782=LINE('',#150,#1781);
#1783=EDGE_CURVE('',#151,#287,#1782,.T.);
#1784=ORIENTED_EDGE('',*,*,#1763,.F.);
#1785=ORIENTED_EDGE('',*,*,#1779,.T.);
#1786=ORIENTED_EDGE('',*,*,#1783,.T.);
#1787=DIRECTION('',(0.2856764909100703,0.9583261149219031,0.0));
#1788=DIRECTION('',(0.0,0.0,-1.0));
#1789=AXIS2_PLACEMENT_3D('',#286,#1787,#1788);
#1790=PLANE('',#1789);
#1791=EDGE_LOOP('',(#1784,#1785,#1786));
#1792=FACE_BOUND('',#1791,.T.);
#1793=ADVANCED_FACE('',(#1792),#1790,.T.);
#1794=LINE('',#150,#691);
#1795=EDGE_CURVE('',#151,#289,#1794,.T.);
#1796=VECTOR('',#963,1000.0);
#1797=LINE('',#288,#1796);
#1798=EDGE_CURVE('',#289,#287,#1797,.T.);
#1799=ORIENTED_EDGE('',*,*,#1783,.F.);
#1800=ORIENTED_EDGE('',*,*,#1795,.T.);
#1801=ORIENTED_EDGE('',*,*,#1798,.T.);
#1802=DIRECTION('',(0.2856764909100703,0.9583261149219031,-0.0));
#1803=DIRECTION('',(-0.11440593449731905,0.03410434652419433,-0.9928485159881908));
#1804=AXIS2_PLACEMENT_3D('',#286,#1802,#1803);
#1805=PLANE('',#1804);
#1806=EDGE_LOOP('',(#1799,#1800,#1801));
#1807=FACE_BOUND('',#1806,.T.);
#1808=ADVANCED_FACE('',(#1807),#1805,.T.);
#1809=DIRECTION('',(-0.8645916888502286,0.5024750855227643,0.0));
#1810=VECTOR('',#1809,1000.0);
#1811=LINE('',#150,#1810);
#1812=EDGE_CURVE('',#151,#149,#1811,.T.);
#1813=DIRECTION('',(0.10365689508121205,-0.06024231772366574,0.9927870422489424));
#1814=VECTOR('',#1813,1000.0);
#1815=LINE('',#148,#1814);
#1816=EDGE_CURVE('',#149,#289,#1815,.T.);
#1817=ORIENTED_EDGE('',*,*,#1795,.F.);
#1818=ORIENTED_EDGE('',*,*,#1812,.T.);
#1819=ORIENTED_EDGE('',*,*,#1816,.T.);
#1820=DIRECTION('',(0.5024750855227643,0.8645916888502287,0.0));
#1821=DIRECTION('',(0.0,0.0,-1.0));
#1822=AXIS2_PLACEMENT_3D('',#288,#1820,#1821);
#1823=PLANE('',#1822);
#1824=EDGE_LOOP('',(#1817,#1818,#1819));
#1825=FACE_BOUND('',#1824,.T.);
#1826=ADVANCED_FACE('',(#1825),#1823,.T.);
#1827=LINE('',#148,#691);
#1828=EDGE_CURVE('',#149,#291,#1827,.T.);
#1829=DIRECTION('',(0.8645916888502286,-0.5024750855227643,0.0));
#1830=VECTOR('',#1829,1000.0);
#1831=LINE('',#290,#1830);
#1832=EDGE_CURVE('',#291,#289,#1831,.T.);
#1833=ORIENTED_EDGE('',*,*,#1816,.F.);
#1834=ORIENTED_EDGE('',*,*,#1828,.T.);
#1835=ORIENTED_EDGE('',*,*,#1832,.T.);
#1836=DIRECTION('',(0.5024750855227643,0.8645916888502287,-0.0));
#1837=DIRECTION('',(-0.10365689508121205,0.06024231772366574,-0.9927870422489424));
#1838=AXIS2_PLACEMENT_3D('',#288,#1836,#1837);
#1839=PLANE('',#1838);
#1840=EDGE_LOOP('',(#1833,#1834,#1835));
#1841=FACE_BOUND('',#1840,.T.);
#1842=ADVANCED_FACE('',(#1841),#1839,.T.);
#1843=DIRECTION('',(-0.7222968181473824,0.6915831884120428,0.0));
#1844=VECTOR('',#1843,1000.0);
#1845=LINE('',#148,#1844);
#1846=EDGE_CURVE('',#149,#139,#1845,.T.);
#1847=DIRECTION('',(0.0817807125705603,-0.07830321902181825,0.9935695853548822));
#1848=VECTOR('',#1847,1000.0);
#1849=LINE('',#138,#1848);
#1850=EDGE_CURVE('',#139,#291,#1849,.T.);
#1851=ORIENTED_EDGE('',*,*,#1828,.F.);
#1852=ORIENTED_EDGE('',*,*,#1846,.T.);
#1853=ORIENTED_EDGE('',*,*,#1850,.T.);
#1854=DIRECTION('',(0.6915831884120428,0.7222968181473824,0.0));
#1855=DIRECTION('',(0.0,0.0,-1.0));
#1856=AXIS2_PLACEMENT_3D('',#290,#1854,#1855);
#1857=PLANE('',#1856);
#1858=EDGE_LOOP('',(#1851,#1852,#1853));
#1859=FACE_BOUND('',#1858,.T.);
#1860=ADVANCED_FACE('',(#1859),#1857,.T.);
#1861=LINE('',#138,#691);
#1862=EDGE_CURVE('',#139,#293,#1861,.T.);
#1863=DIRECTION('',(0.7222968181473824,-0.6915831884120428,0.0));
#1864=VECTOR('',#1863,1000.0);
#1865=LINE('',#292,#1864);
#1866=EDGE_CURVE('',#293,#291,#1865,.T.);
#1867=ORIENTED_EDGE('',*,*,#1850,.F.);
#1868=ORIENTED_EDGE('',*,*,#1862,.T.);
#1869=ORIENTED_EDGE('',*,*,#1866,.T.);
#1870=DIRECTION('',(0.6915831884120428,0.7222968181473824,-0.0));
#1871=DIRECTION('',(-0.0817807125705603,0.07830321902181825,-0.9935695853548822));
#1872=AXIS2_PLACEMENT_3D('',#290,#1870,#1871);
#1873=PLANE('',#1872);
#1874=EDGE_LOOP('',(#1867,#1868,#1869));
#1875=FACE_BOUND('',#1874,.T.);
#1876=ADVANCED_FACE('',(#1875),#1873,.T.);
#1877=DIRECTION('',(-0.5397772907218031,0.8418078619382393,0.0));
#1878=VECTOR('',#1877,1000.0);
#1879=LINE('',#138,#1878);
#1880=EDGE_CURVE('',#139,#137,#1879,.T.);
#1881=DIRECTION('',(0.05702901626258543,-0.08893941088972337,0.9944030734539745));
#1882=VECTOR('',#1881,1000.0);
#1883=LINE('',#136,#1882);
#1884=EDGE_CURVE('',#137,#293,#1883,.T.);
#1885=ORIENTED_EDGE('',*,*,#1862,.F.);
#1886=ORIENTED_EDGE('',*,*,#1880,.T.);
#1887=ORIENTED_EDGE('',*,*,#1884,.T.);
#1888=DIRECTION('',(0.8418078619382394,0.5397772907218032,0.0));
#1889=DIRECTION('',(0.0,0.0,-1.0));
#1890=AXIS2_PLACEMENT_3D('',#292,#1888,#1889);
#1891=PLANE('',#1890);
#1892=EDGE_LOOP('',(#1885,#1886,#1887));
#1893=FACE_BOUND('',#1892,.T.);
#1894=ADVANCED_FACE('',(#1893),#1891,.T.);
#1895=LINE('',#136,#691);
#1896=EDGE_CURVE('',#137,#295,#1895,.T.);
#1897=DIRECTION('',(0.5397772907218031,-0.8418078619382393,0.0));
#1898=VECTOR('',#1897,1000.0);
#1899=LINE('',#294,#1898);
#1900=EDGE_CURVE('',#295,#293,#1899,.T.);
#1901=ORIENTED_EDGE('',*,*,#1884,.F.);
#1902=ORIENTED_EDGE('',*,*,#1896,.T.);
#1903=ORIENTED_EDGE('',*,*,#1900,.T.);
#1904=DIRECTION('',(0.8418078619382394,0.5397772907218032,-0.0));
#1905=DIRECTION('',(-0.05702901626258543,0.08893941088972337,-0.9944030734539745));
#1906=AXIS2_PLACEMENT_3D('',#292,#1904,#1905);
#1907=PLANE('',#1906);
#1908=EDGE_LOOP('',(#1901,#1902,#1903));
#1909=FACE_BOUND('',#1908,.T.);
#1910=ADVANCED_FACE('',(#1909),#1907,.T.);
#1911=DIRECTION('',(-0.32443060184804273,0.9459095012655898,0.0));
#1912=VECTOR('',#1911,1000.0);
#1913=LINE('',#136,#1912);
#1914=EDGE_CURVE('',#137,#185,#1913,.T.);
#1915=DIRECTION('',(0.03568220715506942,-0.10403500342398665,0.9939333469378688));
#1916=VECTOR('',#1915,1000.0);
#1917=LINE('',#184,#1916);
#1918=EDGE_CURVE('',#185,#295,#1917,.T.);
#1919=ORIENTED_EDGE('',*,*,#1896,.F.);
#1920=ORIENTED_EDGE('',*,*,#1914,.T.);
#1921=ORIENTED_EDGE('',*,*,#1918,.T.);
#1922=DIRECTION('',(0.9459095012655898,0.32443060184804273,0.0));
#1923=DIRECTION('',(0.0,0.0,-1.0));
#1924=AXIS2_PLACEMENT_3D('',#294,#1922,#1923);
#1925=PLANE('',#1924);
#1926=EDGE_LOOP('',(#1919,#1920,#1921));
#1927=FACE_BOUND('',#1926,.T.);
#1928=ADVANCED_FACE('',(#1927),#1925,.T.);
#1929=LINE('',#184,#691);
#1930=EDGE_CURVE('',#185,#297,#1929,.T.);
#1931=DIRECTION('',(0.32443060184804273,-0.9459095012655898,0.0));
#1932=VECTOR('',#1931,1000.0);
#1933=LINE('',#296,#1932);
#1934=EDGE_CURVE('',#297,#295,#1933,.T.);
#1935=ORIENTED_EDGE('',*,*,#1918,.F.);
#1936=ORIENTED_EDGE('',*,*,#1930,.T.);
#1937=ORIENTED_EDGE('',*,*,#1934,.T.);
#1938=DIRECTION('',(0.9459095012655898,0.32443060184804273,-0.0));
#1939=DIRECTION('',(-0.03568220715506942,0.10403500342398665,-0.9939333469378688));
#1940=AXIS2_PLACEMENT_3D('',#294,#1938,#1939);
#1941=PLANE('',#1940);
#1942=EDGE_LOOP('',(#1935,#1936,#1937));
#1943=FACE_BOUND('',#1942,.T.);
#1944=ADVANCED_FACE('',(#1943),#1941,.T.);
#1945=DIRECTION('',(-0.10433662288109595,0.99454203989865,0.0));
#1946=VECTOR('',#1945,1000.0);
#1947=LINE('',#184,#1946);
#1948=EDGE_CURVE('',#185,#183,#1947,.T.);
#1949=DIRECTION('',(0.013914585384970953,-0.13263454145802417,0.9910673351118904));
#1950=VECTOR('',#1949,1000.0);
#1951=LINE('',#182,#1950);
#1952=EDGE_CURVE('',#183,#297,#1951,.T.);
#1953=ORIENTED_EDGE('',*,*,#1930,.F.);
#1954=ORIENTED_EDGE('',*,*,#1948,.T.);
#1955=ORIENTED_EDGE('',*,*,#1952,.T.);
#1956=DIRECTION('',(0.99454203989865,0.10433662288109596,0.0));
#1957=DIRECTION('',(0.0,0.0,-1.0));
#1958=AXIS2_PLACEMENT_3D('',#296,#1956,#1957);
#1959=PLANE('',#1958);
#1960=EDGE_LOOP('',(#1953,#1954,#1955));
#1961=FACE_BOUND('',#1960,.T.);
#1962=ADVANCED_FACE('',(#1961),#1959,.T.);
#1963=DIRECTION('',(0.10433662288109595,-0.99454203989865,0.0));
#1964=VECTOR('',#1963,1000.0);
#1965=LINE('',#270,#1964);
#1966=EDGE_CURVE('',#271,#297,#1965,.T.);
#1967=ORIENTED_EDGE('',*,*,#1952,.F.);
#1968=ORIENTED_EDGE('',*,*,#1481,.F.);
#1969=ORIENTED_EDGE('',*,*,#1966,.T.);
#1970=DIRECTION('',(0.99454203989865,0.10433662288109596,-0.0));
#1971=DIRECTION('',(-0.013914585384970953,0.13263454145802417,-0.9910673351118904));
#1972=AXIS2_PLACEMENT_3D('',#296,#1970,#1971);
#1973=PLANE('',#1972);
#1974=EDGE_LOOP('',(#1967,#1968,#1969));
#1975=FACE_BOUND('',#1974,.T.);
#1976=ADVANCED_FACE('',(#1975),#1973,.T.);
#1977=DIRECTION('',(0.9459638907690074,-0.3242719805366498,0.0));
#1978=VECTOR('',#1977,1000.0);
#1979=LINE('',#276,#1978);
#1980=EDGE_CURVE('',#277,#299,#1979,.T.);
#1981=DIRECTION('',(-0.9656649898290754,-0.2597905452829481,0.0));
#1982=VECTOR('',#1981,1000.0);
#1983=LINE('',#298,#1982);
#1984=EDGE_CURVE('',#299,#275,#1983,.T.);
#1985=ORIENTED_EDGE('',*,*,#1571,.F.);
#1986=ORIENTED_EDGE('',*,*,#1980,.T.);
#1987=ORIENTED_EDGE('',*,*,#1984,.T.);
#1988=DIRECTION('',(0.0,0.0,-1.0));
#1989=AXIS2_PLACEMENT_3D('',#274,#1988,#1548);
#1990=PLANE('',#1989);
#1991=EDGE_LOOP('',(#1985,#1986,#1987));
#1992=FACE_BOUND('',#1991,.T.);
#1993=ADVANCED_FACE('',(#1992),#1990,.T.);
#1994=DIRECTION('',(0.38185344074452365,-0.9242228896708675,0.0));
#1995=VECTOR('',#1994,1000.0);
#1996=LINE('',#278,#1995);
#1997=EDGE_CURVE('',#279,#299,#1996,.T.);
#1998=ORIENTED_EDGE('',*,*,#1980,.F.);
#1999=ORIENTED_EDGE('',*,*,#1604,.F.);
#2000=ORIENTED_EDGE('',*,*,#1997,.T.);
#2001=DIRECTION('',(0.0,0.0,-1.0));
#2002=DIRECTION('',(-0.9459638907690074,0.3242719805366498,0.0));
#2003=AXIS2_PLACEMENT_3D('',#298,#2001,#2002);
#2004=PLANE('',#2003);
#2005=EDGE_LOOP('',(#1998,#1999,#2000));
#2006=FACE_BOUND('',#2005,.T.);
#2007=ADVANCED_FACE('',(#2006),#2004,.T.);
#2008=DIRECTION('',(0.8214550612457274,-0.5702732523569541,0.0));
#2009=VECTOR('',#2008,1000.0);
#2010=LINE('',#278,#2009);
#2011=EDGE_CURVE('',#279,#301,#2010,.T.);
#2012=DIRECTION('',(-0.6856156387437579,-0.7279637325512782,0.0));
#2013=VECTOR('',#2012,1000.0);
#2014=LINE('',#300,#2013);
#2015=EDGE_CURVE('',#301,#299,#2014,.T.);
#2016=ORIENTED_EDGE('',*,*,#1997,.F.);
#2017=ORIENTED_EDGE('',*,*,#2011,.T.);
#2018=ORIENTED_EDGE('',*,*,#2015,.T.);
#2019=DIRECTION('',(0.0,0.0,-1.0));
#2020=DIRECTION('',(-0.38185344074452365,0.9242228896708675,0.0));
#2021=AXIS2_PLACEMENT_3D('',#298,#2019,#2020);
#2022=PLANE('',#2021);
#2023=EDGE_LOOP('',(#2016,#2017,#2018));
#2024=FACE_BOUND('',#2023,.T.);
#2025=ADVANCED_FACE('',(#2024),#2022,.T.);
#2026=DIRECTION('',(0.8149359136583813,-0.5795510819848232,0.0));
#2027=VECTOR('',#2026,1000.0);
#2028=LINE('',#280,#2027);
#2029=EDGE_CURVE('',#281,#301,#2028,.T.);
#2030=ORIENTED_EDGE('',*,*,#2011,.F.);
#2031=ORIENTED_EDGE('',*,*,#1637,.F.);
#2032=ORIENTED_EDGE('',*,*,#2029,.T.);
#2033=DIRECTION('',(0.0,0.0,-1.0));
#2034=DIRECTION('',(-0.8214550612457274,0.5702732523569541,0.0));
#2035=AXIS2_PLACEMENT_3D('',#300,#2033,#2034);
#2036=PLANE('',#2035);
#2037=EDGE_LOOP('',(#2030,#2031,#2032));
#2038=FACE_BOUND('',#2037,.T.);
#2039=ADVANCED_FACE('',(#2038),#2036,.T.);
#2040=DIRECTION('',(0.9919137150107608,-0.12691407318950554,0.0));
#2041=VECTOR('',#2040,1000.0);
#2042=LINE('',#280,#2041);
#2043=EDGE_CURVE('',#281,#303,#2042,.T.);
#2044=DIRECTION('',(-0.839977142126364,-0.5426217842155122,0.0));
#2045=VECTOR('',#2044,1000.0);
#2046=LINE('',#302,#2045);
#2047=EDGE_CURVE('',#303,#301,#2046,.T.);
#2048=ORIENTED_EDGE('',*,*,#2029,.F.);
#2049=ORIENTED_EDGE('',*,*,#2043,.T.);
#2050=ORIENTED_EDGE('',*,*,#2047,.T.);
#2051=DIRECTION('',(0.0,0.0,-1.0));
#2052=DIRECTION('',(-0.8149359136583813,0.5795510819848232,0.0));
#2053=AXIS2_PLACEMENT_3D('',#300,#2051,#2052);
#2054=PLANE('',#2053);
#2055=EDGE_LOOP('',(#2048,#2049,#2050));
#2056=FACE_BOUND('',#2055,.T.);
#2057=ADVANCED_FACE('',(#2056),#2054,.T.);
#2058=DIRECTION('',(0.5424380393814554,-0.8400958120547933,0.0));
#2059=VECTOR('',#2058,1000.0);
#2060=LINE('',#282,#2059);
#2061=EDGE_CURVE('',#283,#303,#2060,.T.);
#2062=ORIENTED_EDGE('',*,*,#2043,.F.);
#2063=ORIENTED_EDGE('',*,*,#1670,.F.);
#2064=ORIENTED_EDGE('',*,*,#2061,.T.);
#2065=DIRECTION('',(0.0,0.0,-1.0));
#2066=DIRECTION('',(-0.9919137150107608,0.12691407318950554,0.0));
#2067=AXIS2_PLACEMENT_3D('',#302,#2065,#2066);
#2068=PLANE('',#2067);
#2069=EDGE_LOOP('',(#2062,#2063,#2064));
#2070=FACE_BOUND('',#2069,.T.);
#2071=ADVANCED_FACE('',(#2070),#2068,.T.);
#2072=DIRECTION('',(0.9091686529931629,-0.41642809753257276,0.0));
#2073=VECTOR('',#2072,1000.0);
#2074=LINE('',#282,#2073);
#2075=EDGE_CURVE('',#283,#305,#2074,.T.);
#2076=DIRECTION('',(-0.9438904427706003,-0.3302587350038149,0.0));
#2077=VECTOR('',#2076,1000.0);
#2078=LINE('',#304,#2077);
#2079=EDGE_CURVE('',#305,#303,#2078,.T.);
#2080=ORIENTED_EDGE('',*,*,#2061,.F.);
#2081=ORIENTED_EDGE('',*,*,#2075,.T.);
#2082=ORIENTED_EDGE('',*,*,#2079,.T.);
#2083=DIRECTION('',(0.0,0.0,-1.0));
#2084=DIRECTION('',(-0.5424380393814554,0.8400958120547933,0.0));
#2085=AXIS2_PLACEMENT_3D('',#302,#2083,#2084);
#2086=PLANE('',#2085);
#2087=EDGE_LOOP('',(#2080,#2081,#2082));
#2088=FACE_BOUND('',#2087,.T.);
#2089=ADVANCED_FACE('',(#2088),#2086,.T.);
#2090=DIRECTION('',(0.24215120510735164,-0.9702385242119884,0.0));
#2091=VECTOR('',#2090,1000.0);
#2092=LINE('',#284,#2091);
#2093=EDGE_CURVE('',#285,#305,#2092,.T.);
#2094=ORIENTED_EDGE('',*,*,#2075,.F.);
#2095=ORIENTED_EDGE('',*,*,#1703,.F.);
#2096=ORIENTED_EDGE('',*,*,#2093,.T.);
#2097=DIRECTION('',(0.0,0.0,-1.0));
#2098=DIRECTION('',(-0.9091686529931629,0.41642809753257276,0.0));
#2099=AXIS2_PLACEMENT_3D('',#304,#2097,#2098);
#2100=PLANE('',#2099);
#2101=EDGE_LOOP('',(#2094,#2095,#2096));
#2102=FACE_BOUND('',#2101,.T.);
#2103=ADVANCED_FACE('',(#2102),#2100,.T.);
#2104=DIRECTION('',(0.8383538042545804,-0.5451264980643233,0.0));
#2105=VECTOR('',#2104,1000.0);
#2106=LINE('',#284,#2105);
#2107=EDGE_CURVE('',#285,#307,#2106,.T.);
#2108=LINE('',#306,#1732);
#2109=EDGE_CURVE('',#307,#305,#2108,.T.);
#2110=ORIENTED_EDGE('',*,*,#2093,.F.);
#2111=ORIENTED_EDGE('',*,*,#2107,.T.);
#2112=ORIENTED_EDGE('',*,*,#2109,.T.);
#2113=DIRECTION('',(0.0,0.0,-1.0));
#2114=DIRECTION('',(-0.24215120510735164,0.9702385242119884,0.0));
#2115=AXIS2_PLACEMENT_3D('',#304,#2113,#2114);
#2116=PLANE('',#2115);
#2117=EDGE_LOOP('',(#2110,#2111,#2112));
#2118=FACE_BOUND('',#2117,.T.);
#2119=ADVANCED_FACE('',(#2118),#2116,.T.);
#2120=DIRECTION('',(0.005193551823678556,-0.9999865134187834,0.0));
#2121=VECTOR('',#2120,1000.0);
#2122=LINE('',#268,#2121);
#2123=EDGE_CURVE('',#269,#307,#2122,.T.);
#2124=ORIENTED_EDGE('',*,*,#2107,.F.);
#2125=ORIENTED_EDGE('',*,*,#1734,.F.);
#2126=ORIENTED_EDGE('',*,*,#2123,.T.);
#2127=DIRECTION('',(0.0,0.0,-1.0));
#2128=DIRECTION('',(-0.8383538042545804,0.5451264980643233,0.0));
#2129=AXIS2_PLACEMENT_3D('',#306,#2127,#2128);
#2130=PLANE('',#2129);
#2131=EDGE_LOOP('',(#2124,#2125,#2126));
#2132=FACE_BOUND('',#2131,.T.);
#2133=ADVANCED_FACE('',(#2132),#2130,.T.);
#2134=DIRECTION('',(0.8033601056708601,-0.5954935269308176,0.0));
#2135=VECTOR('',#2134,1000.0);
#2136=LINE('',#268,#2135);
#2137=EDGE_CURVE('',#269,#309,#2136,.T.);
#2138=LINE('',#308,#741);
#2139=EDGE_CURVE('',#309,#307,#2138,.T.);
#2140=ORIENTED_EDGE('',*,*,#2123,.F.);
#2141=ORIENTED_EDGE('',*,*,#2137,.T.);
#2142=ORIENTED_EDGE('',*,*,#2139,.T.);
#2143=DIRECTION('',(0.0,0.0,-1.0));
#2144=DIRECTION('',(-0.005193551823678556,0.9999865134187834,0.0));
#2145=AXIS2_PLACEMENT_3D('',#306,#2143,#2144);
#2146=PLANE('',#2145);
#2147=EDGE_LOOP('',(#2140,#2141,#2142));
#2148=FACE_BOUND('',#2147,.T.);
#2149=ADVANCED_FACE('',(#2148),#2146,.T.);
#2150=DIRECTION('',(-0.7739598698962531,-0.6332346482862219,0.0));
#2151=VECTOR('',#2150,1000.0);
#2152=LINE('',#266,#2151);
#2153=EDGE_CURVE('',#267,#309,#2152,.T.);
#2154=ORIENTED_EDGE('',*,*,#2137,.F.);
#2155=ORIENTED_EDGE('',*,*,#1450,.F.);
#2156=ORIENTED_EDGE('',*,*,#2153,.T.);
#2157=DIRECTION('',(0.0,0.0,-1.0));
#2158=DIRECTION('',(-0.8033601056708601,0.5954935269308176,0.0));
#2159=AXIS2_PLACEMENT_3D('',#308,#2157,#2158);
#2160=PLANE('',#2159);
#2161=EDGE_LOOP('',(#2154,#2155,#2156));
#2162=FACE_BOUND('',#2161,.T.);
#2163=ADVANCED_FACE('',(#2162),#2160,.T.);
#2164=DIRECTION('',(-0.14899655276631582,-0.9888377153323769,0.0));
#2165=VECTOR('',#2164,1000.0);
#2166=LINE('',#266,#2165);
#2167=EDGE_CURVE('',#267,#311,#2166,.T.);
#2168=LINE('',#310,#504);
#2169=EDGE_CURVE('',#311,#309,#2168,.T.);
#2170=ORIENTED_EDGE('',*,*,#2153,.F.);
#2171=ORIENTED_EDGE('',*,*,#2167,.T.);
#2172=ORIENTED_EDGE('',*,*,#2169,.T.);
#2173=DIRECTION('',(0.7739598698962531,0.6332346482862219,0.0));
#2174=AXIS2_PLACEMENT_3D('',#308,#1100,#2173);
#2175=PLANE('',#2174);
#2176=EDGE_LOOP('',(#2170,#2171,#2172));
#2177=FACE_BOUND('',#2176,.T.);
#2178=ADVANCED_FACE('',(#2177),#2175,.T.);
#2179=DIRECTION('',(-0.7739315925117431,0.6332692082457801,0.0));
#2180=VECTOR('',#2179,1000.0);
#2181=LINE('',#264,#2180);
#2182=EDGE_CURVE('',#265,#311,#2181,.T.);
#2183=ORIENTED_EDGE('',*,*,#2167,.F.);
#2184=ORIENTED_EDGE('',*,*,#1420,.F.);
#2185=ORIENTED_EDGE('',*,*,#2182,.T.);
#2186=DIRECTION('',(0.0,0.0,-1.0));
#2187=DIRECTION('',(0.14899655276631582,0.9888377153323769,0.0));
#2188=AXIS2_PLACEMENT_3D('',#310,#2186,#2187);
#2189=PLANE('',#2188);
#2190=EDGE_LOOP('',(#2183,#2184,#2185));
#2191=FACE_BOUND('',#2190,.T.);
#2192=ADVANCED_FACE('',(#2191),#2189,.T.);
#2193=DIRECTION('',(-0.9292637881589936,0.3694168539961287,0.0));
#2194=VECTOR('',#2193,1000.0);
#2195=LINE('',#264,#2194);
#2196=EDGE_CURVE('',#265,#313,#2195,.T.);
#2197=LINE('',#312,#720);
#2198=EDGE_CURVE('',#313,#311,#2197,.T.);
#2199=ORIENTED_EDGE('',*,*,#2182,.F.);
#2200=ORIENTED_EDGE('',*,*,#2196,.T.);
#2201=ORIENTED_EDGE('',*,*,#2198,.T.);
#2202=DIRECTION('',(0.7739315925117431,-0.6332692082457801,0.0));
#2203=AXIS2_PLACEMENT_3D('',#310,#950,#2202);
#2204=PLANE('',#2203);
#2205=EDGE_LOOP('',(#2199,#2200,#2201));
#2206=FACE_BOUND('',#2205,.T.);
#2207=ADVANCED_FACE('',(#2206),#2204,.T.);
#2208=DIRECTION('',(-0.03814641356864803,0.9992721606908949,0.0));
#2209=VECTOR('',#2208,1000.0);
#2210=LINE('',#262,#2209);
#2211=EDGE_CURVE('',#263,#313,#2210,.T.);
#2212=ORIENTED_EDGE('',*,*,#2196,.F.);
#2213=ORIENTED_EDGE('',*,*,#1389,.F.);
#2214=ORIENTED_EDGE('',*,*,#2211,.T.);
#2215=DIRECTION('',(0.9292637881589936,-0.3694168539961287,0.0));
#2216=AXIS2_PLACEMENT_3D('',#312,#950,#2215);
#2217=PLANE('',#2216);
#2218=EDGE_LOOP('',(#2212,#2213,#2214));
#2219=FACE_BOUND('',#2218,.T.);
#2220=ADVANCED_FACE('',(#2219),#2217,.T.);
#2221=DIRECTION('',(-0.6759757443721318,0.7369238719301623,0.0));
#2222=VECTOR('',#2221,1000.0);
#2223=LINE('',#262,#2222);
#2224=EDGE_CURVE('',#263,#315,#2223,.T.);
#2225=DIRECTION('',(0.9956959514402992,-0.09267994543264173,0.0));
#2226=VECTOR('',#2225,1000.0);
#2227=LINE('',#314,#2226);
#2228=EDGE_CURVE('',#315,#313,#2227,.T.);
#2229=ORIENTED_EDGE('',*,*,#2211,.F.);
#2230=ORIENTED_EDGE('',*,*,#2224,.T.);
#2231=ORIENTED_EDGE('',*,*,#2228,.T.);
#2232=DIRECTION('',(0.03814641356864803,-0.9992721606908949,0.0));
#2233=AXIS2_PLACEMENT_3D('',#312,#950,#2232);
#2234=PLANE('',#2233);
#2235=EDGE_LOOP('',(#2229,#2230,#2231));
#2236=FACE_BOUND('',#2235,.T.);
#2237=ADVANCED_FACE('',(#2236),#2234,.T.);
#2238=DIRECTION('',(0.1280060521203483,0.9917733867273121,0.0));
#2239=VECTOR('',#2238,1000.0);
#2240=LINE('',#286,#2239);
#2241=EDGE_CURVE('',#287,#315,#2240,.T.);
#2242=ORIENTED_EDGE('',*,*,#2224,.F.);
#2243=ORIENTED_EDGE('',*,*,#1767,.F.);
#2244=ORIENTED_EDGE('',*,*,#2241,.T.);
#2245=DIRECTION('',(0.6759757443721318,-0.7369238719301623,0.0));
#2246=AXIS2_PLACEMENT_3D('',#314,#950,#2245);
#2247=PLANE('',#2246);
#2248=EDGE_LOOP('',(#2242,#2243,#2244));
#2249=FACE_BOUND('',#2248,.T.);
#2250=ADVANCED_FACE('',(#2249),#2247,.T.);
#2251=DIRECTION('',(-0.4608043210471159,0.8875017620851839,0.0));
#2252=VECTOR('',#2251,1000.0);
#2253=LINE('',#286,#2252);
#2254=EDGE_CURVE('',#287,#317,#2253,.T.);
#2255=DIRECTION('',(0.954576802327062,-0.2979649785780891,0.0));
#2256=VECTOR('',#2255,1000.0);
#2257=LINE('',#316,#2256);
#2258=EDGE_CURVE('',#317,#315,#2257,.T.);
#2259=ORIENTED_EDGE('',*,*,#2241,.F.);
#2260=ORIENTED_EDGE('',*,*,#2254,.T.);
#2261=ORIENTED_EDGE('',*,*,#2258,.T.);
#2262=DIRECTION('',(-0.1280060521203483,-0.9917733867273121,0.0));
#2263=AXIS2_PLACEMENT_3D('',#314,#1054,#2262);
#2264=PLANE('',#2263);
#2265=EDGE_LOOP('',(#2259,#2260,#2261));
#2266=FACE_BOUND('',#2265,.T.);
#2267=ADVANCED_FACE('',(#2266),#2264,.T.);
#2268=DIRECTION('',(0.4088190932304278,0.9126154442098,0.0));
#2269=VECTOR('',#2268,1000.0);
#2270=LINE('',#288,#2269);
#2271=EDGE_CURVE('',#289,#317,#2270,.T.);
#2272=ORIENTED_EDGE('',*,*,#2254,.F.);
#2273=ORIENTED_EDGE('',*,*,#1798,.F.);
#2274=ORIENTED_EDGE('',*,*,#2271,.T.);
#2275=DIRECTION('',(0.4608043210471159,-0.8875017620851839,0.0));
#2276=AXIS2_PLACEMENT_3D('',#316,#950,#2275);
#2277=PLANE('',#2276);
#2278=EDGE_LOOP('',(#2272,#2273,#2274));
#2279=FACE_BOUND('',#2278,.T.);
#2280=ADVANCED_FACE('',(#2279),#2277,.T.);
#2281=DIRECTION('',(-0.16132642142796833,0.9869011023143329,0.0));
#2282=VECTOR('',#2281,1000.0);
#2283=LINE('',#288,#2282);
#2284=EDGE_CURVE('',#289,#319,#2283,.T.);
#2285=DIRECTION('',(0.8598426348254705,-0.5105591477354927,0.0));
#2286=VECTOR('',#2285,1000.0);
#2287=LINE('',#318,#2286);
#2288=EDGE_CURVE('',#319,#317,#2287,.T.);
#2289=ORIENTED_EDGE('',*,*,#2271,.F.);
#2290=ORIENTED_EDGE('',*,*,#2284,.T.);
#2291=ORIENTED_EDGE('',*,*,#2288,.T.);
#2292=DIRECTION('',(-0.4088190932304278,-0.9126154442098,0.0));
#2293=AXIS2_PLACEMENT_3D('',#316,#1054,#2292);
#2294=PLANE('',#2293);
#2295=EDGE_LOOP('',(#2289,#2290,#2291));
#2296=FACE_BOUND('',#2295,.T.);
#2297=ADVANCED_FACE('',(#2296),#2294,.T.);
#2298=DIRECTION('',(0.7106803799927808,0.7035150300408065,0.0));
#2299=VECTOR('',#2298,1000.0);
#2300=LINE('',#290,#2299);
#2301=EDGE_CURVE('',#291,#319,#2300,.T.);
#2302=ORIENTED_EDGE('',*,*,#2284,.F.);
#2303=ORIENTED_EDGE('',*,*,#1832,.F.);
#2304=ORIENTED_EDGE('',*,*,#2301,.T.);
#2305=DIRECTION('',(0.16132642142796833,-0.9869011023143329,0.0));
#2306=AXIS2_PLACEMENT_3D('',#318,#950,#2305);
#2307=PLANE('',#2306);
#2308=EDGE_LOOP('',(#2302,#2303,#2304));
#2309=FACE_BOUND('',#2308,.T.);
#2310=ADVANCED_FACE('',(#2309),#2307,.T.);
#2311=DIRECTION('',(0.18258919686961156,0.9831892926524933,0.0));
#2312=VECTOR('',#2311,1000.0);
#2313=LINE('',#290,#2312);
#2314=EDGE_CURVE('',#291,#321,#2313,.T.);
#2315=DIRECTION('',(0.7114693660477702,-0.7027171131939111,0.0));
#2316=VECTOR('',#2315,1000.0);
#2317=LINE('',#320,#2316);
#2318=EDGE_CURVE('',#321,#319,#2317,.T.);
#2319=ORIENTED_EDGE('',*,*,#2301,.F.);
#2320=ORIENTED_EDGE('',*,*,#2314,.T.);
#2321=ORIENTED_EDGE('',*,*,#2318,.T.);
#2322=DIRECTION('',(-0.7106803799927808,-0.7035150300408065,0.0));
#2323=AXIS2_PLACEMENT_3D('',#318,#1054,#2322);
#2324=PLANE('',#2323);
#2325=EDGE_LOOP('',(#2319,#2320,#2321));
#2326=FACE_BOUND('',#2325,.T.);
#2327=ADVANCED_FACE('',(#2326),#2324,.T.);
#2328=DIRECTION('',(0.8832379677504251,0.468925039131095,0.0));
#2329=VECTOR('',#2328,1000.0);
#2330=LINE('',#292,#2329);
#2331=EDGE_CURVE('',#293,#321,#2330,.T.);
#2332=ORIENTED_EDGE('',*,*,#2314,.F.);
#2333=ORIENTED_EDGE('',*,*,#1866,.F.);
#2334=ORIENTED_EDGE('',*,*,#2331,.T.);
#2335=DIRECTION('',(-0.18258919686961156,-0.9831892926524933,0.0));
#2336=AXIS2_PLACEMENT_3D('',#320,#1054,#2335);
#2337=PLANE('',#2336);
#2338=EDGE_LOOP('',(#2332,#2333,#2334));
#2339=FACE_BOUND('',#2338,.T.);
#2340=ADVANCED_FACE('',(#2339),#2337,.T.);
#2341=DIRECTION('',(0.4603767783355064,0.8877236180081163,0.0));
#2342=VECTOR('',#2341,1000.0);
#2343=LINE('',#292,#2342);
#2344=EDGE_CURVE('',#293,#323,#2343,.T.);
#2345=DIRECTION('',(0.5218452971499596,-0.8530401431600216,0.0));
#2346=VECTOR('',#2345,1000.0);
#2347=LINE('',#322,#2346);
#2348=EDGE_CURVE('',#323,#321,#2347,.T.);
#2349=ORIENTED_EDGE('',*,*,#2331,.F.);
#2350=ORIENTED_EDGE('',*,*,#2344,.T.);
#2351=ORIENTED_EDGE('',*,*,#2348,.T.);
#2352=DIRECTION('',(-0.8832379677504251,-0.468925039131095,0.0));
#2353=AXIS2_PLACEMENT_3D('',#320,#1054,#2352);
#2354=PLANE('',#2353);
#2355=EDGE_LOOP('',(#2349,#2350,#2351));
#2356=FACE_BOUND('',#2355,.T.);
#2357=ADVANCED_FACE('',(#2356),#2354,.T.);
#2358=DIRECTION('',(0.958267872860767,0.2858717961655205,0.0));
#2359=VECTOR('',#2358,1000.0);
#2360=LINE('',#294,#2359);
#2361=EDGE_CURVE('',#295,#323,#2360,.T.);
#2362=ORIENTED_EDGE('',*,*,#2344,.F.);
#2363=ORIENTED_EDGE('',*,*,#1900,.F.);
#2364=ORIENTED_EDGE('',*,*,#2361,.T.);
#2365=DIRECTION('',(-0.4603767783355064,-0.8877236180081163,0.0));
#2366=AXIS2_PLACEMENT_3D('',#322,#1054,#2365);
#2367=PLANE('',#2366);
#2368=EDGE_LOOP('',(#2362,#2363,#2364));
#2369=FACE_BOUND('',#2368,.T.);
#2370=ADVANCED_FACE('',(#2369),#2367,.T.);
#2371=DIRECTION('',(0.5816387391795844,0.8134472183771873,0.0));
#2372=VECTOR('',#2371,1000.0);
#2373=LINE('',#294,#2372);
#2374=EDGE_CURVE('',#295,#325,#2373,.T.);
#2375=DIRECTION('',(0.29785862845740235,-0.9546099923285294,0.0));
#2376=VECTOR('',#2375,1000.0);
#2377=LINE('',#324,#2376);
#2378=EDGE_CURVE('',#325,#323,#2377,.T.);
#2379=ORIENTED_EDGE('',*,*,#2361,.F.);
#2380=ORIENTED_EDGE('',*,*,#2374,.T.);
#2381=ORIENTED_EDGE('',*,*,#2378,.T.);
#2382=DIRECTION('',(-0.958267872860767,-0.2858717961655205,0.0));
#2383=AXIS2_PLACEMENT_3D('',#322,#1054,#2382);
#2384=PLANE('',#2383);
#2385=EDGE_LOOP('',(#2379,#2380,#2381));
#2386=FACE_BOUND('',#2385,.T.);
#2387=ADVANCED_FACE('',(#2386),#2384,.T.);
#2388=DIRECTION('',(0.9804609086289002,0.19671402250625472,0.0));
#2389=VECTOR('',#2388,1000.0);
#2390=LINE('',#296,#2389);
#2391=EDGE_CURVE('',#297,#325,#2390,.T.);
#2392=ORIENTED_EDGE('',*,*,#2374,.F.);
#2393=ORIENTED_EDGE('',*,*,#1934,.F.);
#2394=ORIENTED_EDGE('',*,*,#2391,.T.);
#2395=DIRECTION('',(-0.5816387391795844,-0.8134472183771873,0.0));
#2396=AXIS2_PLACEMENT_3D('',#324,#1054,#2395);
#2397=PLANE('',#2396);
#2398=EDGE_LOOP('',(#2392,#2393,#2394));
#2399=FACE_BOUND('',#2398,.T.);
#2400=ADVANCED_FACE('',(#2399),#2397,.T.);
#2401=DIRECTION('',(0.6758902440294999,0.7370022917371039,0.0));
#2402=VECTOR('',#2401,1000.0);
#2403=LINE('',#296,#2402);
#2404=EDGE_CURVE('',#297,#327,#2403,.T.);
#2405=DIRECTION('',(0.08707164466040933,-0.9962020521441077,0.0));
#2406=VECTOR('',#2405,1000.0);
#2407=LINE('',#326,#2406);
#2408=EDGE_CURVE('',#327,#325,#2407,.T.);
#2409=ORIENTED_EDGE('',*,*,#2391,.F.);
#2410=ORIENTED_EDGE('',*,*,#2404,.T.);
#2411=ORIENTED_EDGE('',*,*,#2408,.T.);
#2412=DIRECTION('',(-0.9804609086289002,-0.19671402250625472,0.0));
#2413=AXIS2_PLACEMENT_3D('',#324,#1054,#2412);
#2414=PLANE('',#2413);
#2415=EDGE_LOOP('',(#2409,#2410,#2411));
#2416=FACE_BOUND('',#2415,.T.);
#2417=ADVANCED_FACE('',(#2416),#2414,.T.);
#2418=DIRECTION('',(0.9997728186366185,-0.021314575186736674,0.0));
#2419=VECTOR('',#2418,1000.0);
#2420=LINE('',#270,#2419);
#2421=EDGE_CURVE('',#271,#327,#2420,.T.);
#2422=ORIENTED_EDGE('',*,*,#2404,.F.);
#2423=ORIENTED_EDGE('',*,*,#1966,.F.);
#2424=ORIENTED_EDGE('',*,*,#2421,.T.);
#2425=DIRECTION('',(-0.6758902440294999,-0.7370022917371039,0.0));
#2426=AXIS2_PLACEMENT_3D('',#326,#1054,#2425);
#2427=PLANE('',#2426);
#2428=EDGE_LOOP('',(#2422,#2423,#2424));
#2429=FACE_BOUND('',#2428,.T.);
#2430=ADVANCED_FACE('',(#2429),#2427,.T.);
#2431=DIRECTION('',(0.8278213239396875,0.5609918498790718,0.0));
#2432=VECTOR('',#2431,1000.0);
#2433=LINE('',#270,#2432);
#2434=EDGE_CURVE('',#271,#329,#2433,.T.);
#2435=DIRECTION('',(-0.08509164668187001,-0.996373128734897,0.0));
#2436=VECTOR('',#2435,1000.0);
#2437=LINE('',#328,#2436);
#2438=EDGE_CURVE('',#329,#327,#2437,.T.);
#2439=ORIENTED_EDGE('',*,*,#2421,.F.);
#2440=ORIENTED_EDGE('',*,*,#2434,.T.);
#2441=ORIENTED_EDGE('',*,*,#2438,.T.);
#2442=DIRECTION('',(0.0,0.0,-1.0));
#2443=DIRECTION('',(-0.9997728186366185,0.021314575186736674,0.0));
#2444=AXIS2_PLACEMENT_3D('',#326,#2442,#2443);
#2445=PLANE('',#2444);
#2446=EDGE_LOOP('',(#2439,#2440,#2441));
#2447=FACE_BOUND('',#2446,.T.);
#2448=ADVANCED_FACE('',(#2447),#2445,.T.);
#2449=DIRECTION('',(0.999818455908581,0.019054008097533902,0.0));
#2450=VECTOR('',#2449,1000.0);
#2451=LINE('',#272,#2450);
#2452=EDGE_CURVE('',#273,#329,#2451,.T.);
#2453=ORIENTED_EDGE('',*,*,#2434,.F.);
#2454=ORIENTED_EDGE('',*,*,#1505,.F.);
#2455=ORIENTED_EDGE('',*,*,#2452,.T.);
#2456=DIRECTION('',(-0.8278213239396875,-0.5609918498790718,0.0));
#2457=AXIS2_PLACEMENT_3D('',#328,#1054,#2456);
#2458=PLANE('',#2457);
#2459=EDGE_LOOP('',(#2453,#2454,#2455));
#2460=FACE_BOUND('',#2459,.T.);
#2461=ADVANCED_FACE('',(#2460),#2458,.T.);
#2462=DIRECTION('',(0.8891907825582513,0.4575366129758845,0.0));
#2463=VECTOR('',#2462,1000.0);
#2464=LINE('',#272,#2463);
#2465=EDGE_CURVE('',#273,#331,#2464,.T.);
#2466=DIRECTION('',(-0.28303941364866614,-0.9591082787263486,0.0));
#2467=VECTOR('',#2466,1000.0);
#2468=LINE('',#330,#2467);
#2469=EDGE_CURVE('',#331,#329,#2468,.T.);
#2470=ORIENTED_EDGE('',*,*,#2452,.F.);
#2471=ORIENTED_EDGE('',*,*,#2465,.T.);
#2472=ORIENTED_EDGE('',*,*,#2469,.T.);
#2473=DIRECTION('',(-0.999818455908581,-0.019054008097533902,0.0));
#2474=AXIS2_PLACEMENT_3D('',#328,#1054,#2473);
#2475=PLANE('',#2474);
#2476=EDGE_LOOP('',(#2470,#2471,#2472));
#2477=FACE_BOUND('',#2476,.T.);
#2478=ADVANCED_FACE('',(#2477),#2475,.T.);
#2479=LINE('',#274,#2041);
#2480=EDGE_CURVE('',#275,#331,#2479,.T.);
#2481=ORIENTED_EDGE('',*,*,#2465,.F.);
#2482=ORIENTED_EDGE('',*,*,#1538,.F.);
#2483=ORIENTED_EDGE('',*,*,#2480,.T.);
#2484=DIRECTION('',(-0.8891907825582513,-0.4575366129758845,0.0));
#2485=AXIS2_PLACEMENT_3D('',#330,#1054,#2484);
#2486=PLANE('',#2485);
#2487=EDGE_LOOP('',(#2481,#2482,#2483));
#2488=FACE_BOUND('',#2487,.T.);
#2489=ADVANCED_FACE('',(#2488),#2486,.T.);
#2490=DIRECTION('',(-0.4907440539401512,-0.8713037779800947,0.0));
#2491=VECTOR('',#2490,1000.0);
#2492=LINE('',#298,#2491);
#2493=EDGE_CURVE('',#299,#331,#2492,.T.);
#2494=ORIENTED_EDGE('',*,*,#2480,.F.);
#2495=ORIENTED_EDGE('',*,*,#1984,.F.);
#2496=ORIENTED_EDGE('',*,*,#2493,.T.);
#2497=DIRECTION('',(0.0,0.0,-1.0));
#2498=AXIS2_PLACEMENT_3D('',#330,#2497,#2066);
#2499=PLANE('',#2498);
#2500=EDGE_LOOP('',(#2494,#2495,#2496));
#2501=FACE_BOUND('',#2500,.T.);
#2502=ADVANCED_FACE('',(#2501),#2499,.T.);
#2503=DIRECTION('',(-0.14591150973005787,0.0,-0.9892976454678821));
#2504=VECTOR('',#2503,1000.0);
#2505=LINE('',#308,#2504);
#2506=EDGE_CURVE('',#309,#333,#2505,.T.);
#2507=LINE('',#332,#691);
#2508=EDGE_CURVE('',#333,#307,#2507,.T.);
#2509=ORIENTED_EDGE('',*,*,#2139,.F.);
#2510=ORIENTED_EDGE('',*,*,#2506,.T.);
#2511=ORIENTED_EDGE('',*,*,#2508,.T.);
#2512=AXIS2_PLACEMENT_3D('',#306,#730,#12);
#2513=PLANE('',#2512);
#2514=EDGE_LOOP('',(#2509,#2510,#2511));
#2515=FACE_BOUND('',#2514,.T.);
#2516=ADVANCED_FACE('',(#2515),#2513,.T.);
#2517=DIRECTION('',(0.0,0.0,-1.0));
#2518=VECTOR('',#2517,1000.0);
#2519=LINE('',#308,#2518);
#2520=EDGE_CURVE('',#309,#335,#2519,.T.);
#2521=LINE('',#334,#741);
#2522=EDGE_CURVE('',#335,#333,#2521,.T.);
#2523=ORIENTED_EDGE('',*,*,#2506,.F.);
#2524=ORIENTED_EDGE('',*,*,#2520,.T.);
#2525=ORIENTED_EDGE('',*,*,#2522,.T.);
#2526=DIRECTION('',(0.14591150973005787,0.0,0.9892976454678821));
#2527=AXIS2_PLACEMENT_3D('',#332,#730,#2526);
#2528=PLANE('',#2527);
#2529=EDGE_LOOP('',(#2523,#2524,#2525));
#2530=FACE_BOUND('',#2529,.T.);
#2531=ADVANCED_FACE('',(#2530),#2528,.T.);
#2532=LINE('',#332,#1732);
#2533=EDGE_CURVE('',#333,#337,#2532,.T.);
#2534=DIRECTION('',(0.11753036666687783,0.012501751574315618,0.9929905936708179));
#2535=VECTOR('',#2534,1000.0);
#2536=LINE('',#336,#2535);
#2537=EDGE_CURVE('',#337,#307,#2536,.T.);
#2538=ORIENTED_EDGE('',*,*,#2508,.F.);
#2539=ORIENTED_EDGE('',*,*,#2533,.T.);
#2540=ORIENTED_EDGE('',*,*,#2537,.T.);
#2541=DIRECTION('',(-0.10577368188139383,0.9943902293472386,0.0));
#2542=DIRECTION('',(0.0,0.0,-1.0));
#2543=AXIS2_PLACEMENT_3D('',#306,#2541,#2542);
#2544=PLANE('',#2543);
#2545=EDGE_LOOP('',(#2538,#2539,#2540));
#2546=FACE_BOUND('',#2545,.T.);
#2547=ADVANCED_FACE('',(#2546),#2544,.T.);
#2548=LINE('',#336,#691);
#2549=EDGE_CURVE('',#337,#305,#2548,.T.);
#2550=ORIENTED_EDGE('',*,*,#2537,.F.);
#2551=ORIENTED_EDGE('',*,*,#2549,.T.);
#2552=ORIENTED_EDGE('',*,*,#2109,.F.);
#2553=DIRECTION('',(-0.11753036666687783,-0.012501751574315618,-0.9929905936708179));
#2554=AXIS2_PLACEMENT_3D('',#306,#2541,#2553);
#2555=PLANE('',#2554);
#2556=EDGE_LOOP('',(#2550,#2551,#2552));
#2557=FACE_BOUND('',#2556,.T.);
#2558=ADVANCED_FACE('',(#2557),#2555,.T.);
#2559=LINE('',#336,#2077);
#2560=EDGE_CURVE('',#337,#339,#2559,.T.);
#2561=DIRECTION('',(0.08222621068498549,0.028770207954717426,0.9961983363821839));
#2562=VECTOR('',#2561,1000.0);
#2563=LINE('',#338,#2562);
#2564=EDGE_CURVE('',#339,#305,#2563,.T.);
#2565=ORIENTED_EDGE('',*,*,#2549,.F.);
#2566=ORIENTED_EDGE('',*,*,#2560,.T.);
#2567=ORIENTED_EDGE('',*,*,#2564,.T.);
#2568=DIRECTION('',(-0.3302587350038149,0.9438904427706003,0.0));
#2569=DIRECTION('',(0.0,0.0,-1.0));
#2570=AXIS2_PLACEMENT_3D('',#304,#2568,#2569);
#2571=PLANE('',#2570);
#2572=EDGE_LOOP('',(#2565,#2566,#2567));
#2573=FACE_BOUND('',#2572,.T.);
#2574=ADVANCED_FACE('',(#2573),#2571,.T.);
#2575=LINE('',#338,#691);
#2576=EDGE_CURVE('',#339,#303,#2575,.T.);
#2577=ORIENTED_EDGE('',*,*,#2564,.F.);
#2578=ORIENTED_EDGE('',*,*,#2576,.T.);
#2579=ORIENTED_EDGE('',*,*,#2079,.F.);
#2580=DIRECTION('',(-0.08222621068498549,-0.028770207954717426,-0.9961983363821839));
#2581=AXIS2_PLACEMENT_3D('',#304,#2568,#2580);
#2582=PLANE('',#2581);
#2583=EDGE_LOOP('',(#2577,#2578,#2579));
#2584=FACE_BOUND('',#2583,.T.);
#2585=ADVANCED_FACE('',(#2584),#2582,.T.);
#2586=LINE('',#338,#2045);
#2587=EDGE_CURVE('',#339,#341,#2586,.T.);
#2588=DIRECTION('',(0.07277531133647182,0.04701255225144572,0.9962397171317176));
#2589=VECTOR('',#2588,1000.0);
#2590=LINE('',#340,#2589);
#2591=EDGE_CURVE('',#341,#303,#2590,.T.);
#2592=ORIENTED_EDGE('',*,*,#2576,.F.);
#2593=ORIENTED_EDGE('',*,*,#2587,.T.);
#2594=ORIENTED_EDGE('',*,*,#2591,.T.);
#2595=DIRECTION('',(-0.5426217842155123,0.8399771421263641,0.0));
#2596=DIRECTION('',(0.0,0.0,-1.0));
#2597=AXIS2_PLACEMENT_3D('',#302,#2595,#2596);
#2598=PLANE('',#2597);
#2599=EDGE_LOOP('',(#2592,#2593,#2594));
#2600=FACE_BOUND('',#2599,.T.);
#2601=ADVANCED_FACE('',(#2600),#2598,.T.);
#2602=LINE('',#340,#691);
#2603=EDGE_CURVE('',#341,#301,#2602,.T.);
#2604=ORIENTED_EDGE('',*,*,#2591,.F.);
#2605=ORIENTED_EDGE('',*,*,#2603,.T.);
#2606=ORIENTED_EDGE('',*,*,#2047,.F.);
#2607=DIRECTION('',(-0.07277531133647182,-0.04701255225144572,-0.9962397171317176));
#2608=AXIS2_PLACEMENT_3D('',#302,#2595,#2607);
#2609=PLANE('',#2608);
#2610=EDGE_LOOP('',(#2604,#2605,#2606));
#2611=FACE_BOUND('',#2610,.T.);
#2612=ADVANCED_FACE('',(#2611),#2609,.T.);
#2613=LINE('',#340,#2013);
#2614=EDGE_CURVE('',#341,#343,#2613,.T.);
#2615=DIRECTION('',(0.04844858230079765,0.051441082751742515,0.9975001503149618));
#2616=VECTOR('',#2615,1000.0);
#2617=LINE('',#342,#2616);
#2618=EDGE_CURVE('',#343,#301,#2617,.T.);
#2619=ORIENTED_EDGE('',*,*,#2603,.F.);
#2620=ORIENTED_EDGE('',*,*,#2614,.T.);
#2621=ORIENTED_EDGE('',*,*,#2618,.T.);
#2622=DIRECTION('',(-0.7279637325512782,0.6856156387437579,0.0));
#2623=DIRECTION('',(0.0,0.0,-1.0));
#2624=AXIS2_PLACEMENT_3D('',#300,#2622,#2623);
#2625=PLANE('',#2624);
#2626=EDGE_LOOP('',(#2619,#2620,#2621));
#2627=FACE_BOUND('',#2626,.T.);
#2628=ADVANCED_FACE('',(#2627),#2625,.T.);
#2629=LINE('',#342,#691);
#2630=EDGE_CURVE('',#343,#299,#2629,.T.);
#2631=ORIENTED_EDGE('',*,*,#2618,.F.);
#2632=ORIENTED_EDGE('',*,*,#2630,.T.);
#2633=ORIENTED_EDGE('',*,*,#2015,.F.);
#2634=DIRECTION('',(-0.04844858230079765,-0.051441082751742515,-0.9975001503149618));
#2635=AXIS2_PLACEMENT_3D('',#300,#2622,#2634);
#2636=PLANE('',#2635);
#2637=EDGE_LOOP('',(#2631,#2632,#2633));
#2638=FACE_BOUND('',#2637,.T.);
#2639=ADVANCED_FACE('',(#2638),#2636,.T.);
#2640=LINE('',#342,#2491);
#2641=EDGE_CURVE('',#343,#345,#2640,.T.);
#2642=DIRECTION('',(0.03465327969238467,0.06152603026558101,0.9975037332292648));
#2643=VECTOR('',#2642,1000.0);
#2644=LINE('',#344,#2643);
#2645=EDGE_CURVE('',#345,#299,#2644,.T.);
#2646=ORIENTED_EDGE('',*,*,#2630,.F.);
#2647=ORIENTED_EDGE('',*,*,#2641,.T.);
#2648=ORIENTED_EDGE('',*,*,#2645,.T.);
#2649=DIRECTION('',(-0.8713037779800946,0.4907440539401512,0.0));
#2650=DIRECTION('',(0.0,0.0,-1.0));
#2651=AXIS2_PLACEMENT_3D('',#298,#2649,#2650);
#2652=PLANE('',#2651);
#2653=EDGE_LOOP('',(#2646,#2647,#2648));
#2654=FACE_BOUND('',#2653,.T.);
#2655=ADVANCED_FACE('',(#2654),#2652,.T.);
#2656=LINE('',#344,#691);
#2657=EDGE_CURVE('',#345,#331,#2656,.T.);
#2658=ORIENTED_EDGE('',*,*,#2645,.F.);
#2659=ORIENTED_EDGE('',*,*,#2657,.T.);
#2660=ORIENTED_EDGE('',*,*,#2493,.F.);
#2661=DIRECTION('',(-0.03465327969238467,-0.06152603026558101,-0.9975037332292648));
#2662=AXIS2_PLACEMENT_3D('',#298,#2649,#2661);
#2663=PLANE('',#2662);
#2664=EDGE_LOOP('',(#2658,#2659,#2660));
#2665=FACE_BOUND('',#2664,.T.);
#2666=ADVANCED_FACE('',(#2665),#2663,.T.);
#2667=LINE('',#344,#2467);
#2668=EDGE_CURVE('',#345,#347,#2667,.T.);
#2669=DIRECTION('',(0.023261046624071385,0.07882245833323923,0.9966172503886622));
#2670=VECTOR('',#2669,1000.0);
#2671=LINE('',#346,#2670);
#2672=EDGE_CURVE('',#347,#331,#2671,.T.);
#2673=ORIENTED_EDGE('',*,*,#2657,.F.);
#2674=ORIENTED_EDGE('',*,*,#2668,.T.);
#2675=ORIENTED_EDGE('',*,*,#2672,.T.);
#2676=DIRECTION('',(-0.9591082787263486,0.28303941364866614,0.0));
#2677=DIRECTION('',(0.0,0.0,-1.0));
#2678=AXIS2_PLACEMENT_3D('',#330,#2676,#2677);
#2679=PLANE('',#2678);
#2680=EDGE_LOOP('',(#2673,#2674,#2675));
#2681=FACE_BOUND('',#2680,.T.);
#2682=ADVANCED_FACE('',(#2681),#2679,.T.);
#2683=LINE('',#346,#691);
#2684=EDGE_CURVE('',#347,#329,#2683,.T.);
#2685=ORIENTED_EDGE('',*,*,#2672,.F.);
#2686=ORIENTED_EDGE('',*,*,#2684,.T.);
#2687=ORIENTED_EDGE('',*,*,#2469,.F.);
#2688=DIRECTION('',(-0.023261046624071385,-0.07882245833323923,-0.9966172503886622));
#2689=AXIS2_PLACEMENT_3D('',#330,#2676,#2688);
#2690=PLANE('',#2689);
#2691=EDGE_LOOP('',(#2685,#2686,#2687));
#2692=FACE_BOUND('',#2691,.T.);
#2693=ADVANCED_FACE('',(#2692),#2690,.T.);
#2694=LINE('',#346,#2436);
#2695=EDGE_CURVE('',#347,#349,#2694,.T.);
#2696=DIRECTION('',(0.008457906261378888,0.0990371070817707,0.9950477954563527));
#2697=VECTOR('',#2696,1000.0);
#2698=LINE('',#348,#2697);
#2699=EDGE_CURVE('',#349,#329,#2698,.T.);
#2700=ORIENTED_EDGE('',*,*,#2684,.F.);
#2701=ORIENTED_EDGE('',*,*,#2695,.T.);
#2702=ORIENTED_EDGE('',*,*,#2699,.T.);
#2703=DIRECTION('',(-0.9963731287348971,0.08509164668187003,0.0));
#2704=DIRECTION('',(0.0,0.0,-1.0));
#2705=AXIS2_PLACEMENT_3D('',#328,#2703,#2704);
#2706=PLANE('',#2705);
#2707=EDGE_LOOP('',(#2700,#2701,#2702));
#2708=FACE_BOUND('',#2707,.T.);
#2709=ADVANCED_FACE('',(#2708),#2706,.T.);
#2710=LINE('',#348,#691);
#2711=EDGE_CURVE('',#349,#327,#2710,.T.);
#2712=ORIENTED_EDGE('',*,*,#2699,.F.);
#2713=ORIENTED_EDGE('',*,*,#2711,.T.);
#2714=ORIENTED_EDGE('',*,*,#2438,.F.);
#2715=DIRECTION('',(-0.008457906261378888,-0.0990371070817707,-0.9950477954563527));
#2716=AXIS2_PLACEMENT_3D('',#328,#2703,#2715);
#2717=PLANE('',#2716);
#2718=EDGE_LOOP('',(#2712,#2713,#2714));
#2719=FACE_BOUND('',#2718,.T.);
#2720=ADVANCED_FACE('',(#2719),#2717,.T.);
#2721=LINE('',#348,#2406);
#2722=EDGE_CURVE('',#349,#351,#2721,.T.);
#2723=DIRECTION('',(-0.009129400957991455,0.10445108743113887,0.9944881217855752));
#2724=VECTOR('',#2723,1000.0);
#2725=LINE('',#350,#2724);
#2726=EDGE_CURVE('',#351,#327,#2725,.T.);
#2727=ORIENTED_EDGE('',*,*,#2711,.F.);
#2728=ORIENTED_EDGE('',*,*,#2722,.T.);
#2729=ORIENTED_EDGE('',*,*,#2726,.T.);
#2730=DIRECTION('',(-0.9962020521441076,-0.08707164466040933,-0.0));
#2731=DIRECTION('',(0.0,0.0,-1.0));
#2732=AXIS2_PLACEMENT_3D('',#326,#2730,#2731);
#2733=PLANE('',#2732);
#2734=EDGE_LOOP('',(#2727,#2728,#2729));
#2735=FACE_BOUND('',#2734,.T.);
#2736=ADVANCED_FACE('',(#2735),#2733,.T.);
#2737=LINE('',#350,#691);
#2738=EDGE_CURVE('',#351,#325,#2737,.T.);
#2739=ORIENTED_EDGE('',*,*,#2726,.F.);
#2740=ORIENTED_EDGE('',*,*,#2738,.T.);
#2741=ORIENTED_EDGE('',*,*,#2408,.F.);
#2742=DIRECTION('',(-0.9962020521441076,-0.08707164466040933,0.0));
#2743=DIRECTION('',(0.009129400957991455,-0.10445108743113887,-0.9944881217855752));
#2744=AXIS2_PLACEMENT_3D('',#326,#2742,#2743);
#2745=PLANE('',#2744);
#2746=EDGE_LOOP('',(#2739,#2740,#2741));
#2747=FACE_BOUND('',#2746,.T.);
#2748=ADVANCED_FACE('',(#2747),#2745,.T.);
#2749=LINE('',#350,#2376);
#2750=EDGE_CURVE('',#351,#353,#2749,.T.);
#2751=DIRECTION('',(-0.029188830296789415,0.09354756385605864,0.9951868495325398));
#2752=VECTOR('',#2751,1000.0);
#2753=LINE('',#352,#2752);
#2754=EDGE_CURVE('',#353,#325,#2753,.T.);
#2755=ORIENTED_EDGE('',*,*,#2738,.F.);
#2756=ORIENTED_EDGE('',*,*,#2750,.T.);
#2757=ORIENTED_EDGE('',*,*,#2754,.T.);
#2758=DIRECTION('',(-0.9546099923285296,-0.2978586284574024,-0.0));
#2759=DIRECTION('',(0.0,0.0,-1.0));
#2760=AXIS2_PLACEMENT_3D('',#324,#2758,#2759);
#2761=PLANE('',#2760);
#2762=EDGE_LOOP('',(#2755,#2756,#2757));
#2763=FACE_BOUND('',#2762,.T.);
#2764=ADVANCED_FACE('',(#2763),#2761,.T.);
#2765=LINE('',#352,#691);
#2766=EDGE_CURVE('',#353,#323,#2765,.T.);
#2767=ORIENTED_EDGE('',*,*,#2754,.F.);
#2768=ORIENTED_EDGE('',*,*,#2766,.T.);
#2769=ORIENTED_EDGE('',*,*,#2378,.F.);
#2770=DIRECTION('',(-0.9546099923285296,-0.2978586284574024,0.0));
#2771=DIRECTION('',(0.029188830296789415,-0.09354756385605864,-0.9951868495325398));
#2772=AXIS2_PLACEMENT_3D('',#324,#2770,#2771);
#2773=PLANE('',#2772);
#2774=EDGE_LOOP('',(#2767,#2768,#2769));
#2775=FACE_BOUND('',#2774,.T.);
#2776=ADVANCED_FACE('',(#2775),#2773,.T.);
#2777=LINE('',#352,#2346);
#2778=EDGE_CURVE('',#353,#355,#2777,.T.);
#2779=DIRECTION('',(-0.04204288514429298,0.06872586369604079,0.9967492921833339));
#2780=VECTOR('',#2779,1000.0);
#2781=LINE('',#354,#2780);
#2782=EDGE_CURVE('',#355,#323,#2781,.T.);
#2783=ORIENTED_EDGE('',*,*,#2766,.F.);
#2784=ORIENTED_EDGE('',*,*,#2778,.T.);
#2785=ORIENTED_EDGE('',*,*,#2782,.T.);
#2786=DIRECTION('',(-0.8530401431600217,-0.5218452971499598,-0.0));
#2787=DIRECTION('',(0.0,0.0,-1.0));
#2788=AXIS2_PLACEMENT_3D('',#322,#2786,#2787);
#2789=PLANE('',#2788);
#2790=EDGE_LOOP('',(#2783,#2784,#2785));
#2791=FACE_BOUND('',#2790,.T.);
#2792=ADVANCED_FACE('',(#2791),#2789,.T.);
#2793=LINE('',#354,#691);
#2794=EDGE_CURVE('',#355,#321,#2793,.T.);
#2795=ORIENTED_EDGE('',*,*,#2782,.F.);
#2796=ORIENTED_EDGE('',*,*,#2794,.T.);
#2797=ORIENTED_EDGE('',*,*,#2348,.F.);
#2798=DIRECTION('',(-0.8530401431600217,-0.5218452971499598,0.0));
#2799=DIRECTION('',(0.04204288514429298,-0.06872586369604079,-0.9967492921833339));
#2800=AXIS2_PLACEMENT_3D('',#322,#2798,#2799);
#2801=PLANE('',#2800);
#2802=EDGE_LOOP('',(#2795,#2796,#2797));
#2803=FACE_BOUND('',#2802,.T.);
#2804=ADVANCED_FACE('',(#2803),#2801,.T.);
#2805=LINE('',#354,#2316);
#2806=EDGE_CURVE('',#355,#357,#2805,.T.);
#2807=DIRECTION('',(-0.05591650170068111,0.05522863601743151,0.9969067873182587));
#2808=VECTOR('',#2807,1000.0);
#2809=LINE('',#356,#2808);
#2810=EDGE_CURVE('',#357,#321,#2809,.T.);
#2811=ORIENTED_EDGE('',*,*,#2794,.F.);
#2812=ORIENTED_EDGE('',*,*,#2806,.T.);
#2813=ORIENTED_EDGE('',*,*,#2810,.T.);
#2814=DIRECTION('',(-0.7027171131939111,-0.7114693660477702,-0.0));
#2815=DIRECTION('',(0.0,0.0,-1.0));
#2816=AXIS2_PLACEMENT_3D('',#320,#2814,#2815);
#2817=PLANE('',#2816);
#2818=EDGE_LOOP('',(#2811,#2812,#2813));
#2819=FACE_BOUND('',#2818,.T.);
#2820=ADVANCED_FACE('',(#2819),#2817,.T.);
#2821=LINE('',#356,#691);
#2822=EDGE_CURVE('',#357,#319,#2821,.T.);
#2823=ORIENTED_EDGE('',*,*,#2810,.F.);
#2824=ORIENTED_EDGE('',*,*,#2822,.T.);
#2825=ORIENTED_EDGE('',*,*,#2318,.F.);
#2826=DIRECTION('',(-0.7027171131939111,-0.7114693660477702,0.0));
#2827=DIRECTION('',(0.05591650170068111,-0.05522863601743151,-0.9969067873182587));
#2828=AXIS2_PLACEMENT_3D('',#320,#2826,#2827);
#2829=PLANE('',#2828);
#2830=EDGE_LOOP('',(#2823,#2824,#2825));
#2831=FACE_BOUND('',#2830,.T.);
#2832=ADVANCED_FACE('',(#2831),#2829,.T.);
#2833=LINE('',#356,#2286);
#2834=EDGE_CURVE('',#357,#359,#2833,.T.);
#2835=DIRECTION('',(-0.0679765719754224,0.04036327026374613,0.9968700978944479));
#2836=VECTOR('',#2835,1000.0);
#2837=LINE('',#358,#2836);
#2838=EDGE_CURVE('',#359,#319,#2837,.T.);
#2839=ORIENTED_EDGE('',*,*,#2822,.F.);
#2840=ORIENTED_EDGE('',*,*,#2834,.T.);
#2841=ORIENTED_EDGE('',*,*,#2838,.T.);
#2842=DIRECTION('',(-0.5105591477354928,-0.8598426348254705,-0.0));
#2843=DIRECTION('',(0.0,0.0,-1.0));
#2844=AXIS2_PLACEMENT_3D('',#318,#2842,#2843);
#2845=PLANE('',#2844);
#2846=EDGE_LOOP('',(#2839,#2840,#2841));
#2847=FACE_BOUND('',#2846,.T.);
#2848=ADVANCED_FACE('',(#2847),#2845,.T.);
#2849=LINE('',#358,#691);
#2850=EDGE_CURVE('',#359,#317,#2849,.T.);
#2851=ORIENTED_EDGE('',*,*,#2838,.F.);
#2852=ORIENTED_EDGE('',*,*,#2850,.T.);
#2853=ORIENTED_EDGE('',*,*,#2288,.F.);
#2854=DIRECTION('',(-0.5105591477354928,-0.8598426348254705,0.0));
#2855=DIRECTION('',(0.0679765719754224,-0.04036327026374613,-0.9968700978944479));
#2856=AXIS2_PLACEMENT_3D('',#318,#2854,#2855);
#2857=PLANE('',#2856);
#2858=EDGE_LOOP('',(#2851,#2852,#2853));
#2859=FACE_BOUND('',#2858,.T.);
#2860=ADVANCED_FACE('',(#2859),#2857,.T.);
#2861=LINE('',#358,#2256);
#2862=EDGE_CURVE('',#359,#361,#2861,.T.);
#2863=DIRECTION('',(-0.08383480596271017,0.02616849278327474,0.9961360024086302));
#2864=VECTOR('',#2863,1000.0);
#2865=LINE('',#360,#2864);
#2866=EDGE_CURVE('',#361,#317,#2865,.T.);
#2867=ORIENTED_EDGE('',*,*,#2850,.F.);
#2868=ORIENTED_EDGE('',*,*,#2862,.T.);
#2869=ORIENTED_EDGE('',*,*,#2866,.T.);
#2870=DIRECTION('',(-0.29796497857808923,-0.9545768023270621,-0.0));
#2871=DIRECTION('',(0.0,0.0,-1.0));
#2872=AXIS2_PLACEMENT_3D('',#316,#2870,#2871);
#2873=PLANE('',#2872);
#2874=EDGE_LOOP('',(#2867,#2868,#2869));
#2875=FACE_BOUND('',#2874,.T.);
#2876=ADVANCED_FACE('',(#2875),#2873,.T.);
#2877=LINE('',#360,#691);
#2878=EDGE_CURVE('',#361,#315,#2877,.T.);
#2879=ORIENTED_EDGE('',*,*,#2866,.F.);
#2880=ORIENTED_EDGE('',*,*,#2878,.T.);
#2881=ORIENTED_EDGE('',*,*,#2258,.F.);
#2882=DIRECTION('',(-0.29796497857808923,-0.9545768023270621,0.0));
#2883=DIRECTION('',(0.08383480596271017,-0.02616849278327474,-0.9961360024086302));
#2884=AXIS2_PLACEMENT_3D('',#316,#2882,#2883);
#2885=PLANE('',#2884);
#2886=EDGE_LOOP('',(#2879,#2880,#2881));
#2887=FACE_BOUND('',#2886,.T.);
#2888=ADVANCED_FACE('',(#2887),#2885,.T.);
#2889=LINE('',#360,#2226);
#2890=EDGE_CURVE('',#361,#363,#2889,.T.);
#2891=DIRECTION('',(-0.10491273270063829,0.009765336825784496,0.9944334853141075));
#2892=VECTOR('',#2891,1000.0);
#2893=LINE('',#362,#2892);
#2894=EDGE_CURVE('',#363,#315,#2893,.T.);
#2895=ORIENTED_EDGE('',*,*,#2878,.F.);
#2896=ORIENTED_EDGE('',*,*,#2890,.T.);
#2897=ORIENTED_EDGE('',*,*,#2894,.T.);
#2898=DIRECTION('',(-0.09267994543264173,-0.9956959514402992,-0.0));
#2899=DIRECTION('',(0.0,0.0,-1.0));
#2900=AXIS2_PLACEMENT_3D('',#314,#2898,#2899);
#2901=PLANE('',#2900);
#2902=EDGE_LOOP('',(#2895,#2896,#2897));
#2903=FACE_BOUND('',#2902,.T.);
#2904=ADVANCED_FACE('',(#2903),#2901,.T.);
#2905=LINE('',#362,#691);
#2906=EDGE_CURVE('',#363,#313,#2905,.T.);
#2907=ORIENTED_EDGE('',*,*,#2894,.F.);
#2908=ORIENTED_EDGE('',*,*,#2906,.T.);
#2909=ORIENTED_EDGE('',*,*,#2228,.F.);
#2910=DIRECTION('',(-0.09267994543264173,-0.9956959514402992,0.0));
#2911=DIRECTION('',(0.10491273270063829,-0.009765336825784496,-0.9944334853141075));
#2912=AXIS2_PLACEMENT_3D('',#314,#2910,#2911);
#2913=PLANE('',#2912);
#2914=EDGE_LOOP('',(#2907,#2908,#2909));
#2915=FACE_BOUND('',#2914,.T.);
#2916=ADVANCED_FACE('',(#2915),#2913,.T.);
#2917=DIRECTION('',(0.14055082897506693,0.0,-0.990073464180523));
#2918=VECTOR('',#2917,1000.0);
#2919=LINE('',#312,#2918);
#2920=EDGE_CURVE('',#313,#365,#2919,.T.);
#2921=LINE('',#364,#691);
#2922=EDGE_CURVE('',#365,#311,#2921,.T.);
#2923=ORIENTED_EDGE('',*,*,#2198,.F.);
#2924=ORIENTED_EDGE('',*,*,#2920,.T.);
#2925=ORIENTED_EDGE('',*,*,#2922,.T.);
#2926=AXIS2_PLACEMENT_3D('',#310,#920,#740);
#2927=PLANE('',#2926);
#2928=EDGE_LOOP('',(#2923,#2924,#2925));
#2929=FACE_BOUND('',#2928,.T.);
#2930=ADVANCED_FACE('',(#2929),#2927,.T.);
#2931=LINE('',#362,#720);
#2932=EDGE_CURVE('',#363,#365,#2931,.T.);
#2933=ORIENTED_EDGE('',*,*,#2920,.F.);
#2934=ORIENTED_EDGE('',*,*,#2906,.F.);
#2935=ORIENTED_EDGE('',*,*,#2932,.T.);
#2936=DIRECTION('',(-0.14055082897506693,0.0,0.990073464180523));
#2937=AXIS2_PLACEMENT_3D('',#364,#920,#2936);
#2938=PLANE('',#2937);
#2939=EDGE_LOOP('',(#2933,#2934,#2935));
#2940=FACE_BOUND('',#2939,.T.);
#2941=ADVANCED_FACE('',(#2940),#2938,.T.);
#2942=DIRECTION('',(0.0,0.6152719307747366,-0.7883149441693516));
#2943=VECTOR('',#2942,1000.0);
#2944=LINE('',#310,#2943);
#2945=EDGE_CURVE('',#311,#335,#2944,.T.);
#2946=ORIENTED_EDGE('',*,*,#2169,.F.);
#2947=ORIENTED_EDGE('',*,*,#2945,.T.);
#2948=ORIENTED_EDGE('',*,*,#2520,.F.);
#2949=AXIS2_PLACEMENT_3D('',#308,#12,#482);
#2950=PLANE('',#2949);
#2951=EDGE_LOOP('',(#2946,#2947,#2948));
#2952=FACE_BOUND('',#2951,.T.);
#2953=ADVANCED_FACE('',(#2952),#2950,.T.);
#2954=LINE('',#364,#504);
#2955=EDGE_CURVE('',#365,#335,#2954,.T.);
#2956=ORIENTED_EDGE('',*,*,#2945,.F.);
#2957=ORIENTED_EDGE('',*,*,#2922,.F.);
#2958=ORIENTED_EDGE('',*,*,#2955,.T.);
#2959=DIRECTION('',(0.0,-0.6152719307747366,0.7883149441693516));
#2960=AXIS2_PLACEMENT_3D('',#334,#12,#2959);
#2961=PLANE('',#2960);
#2962=EDGE_LOOP('',(#2956,#2957,#2958));
#2963=FACE_BOUND('',#2962,.T.);
#2964=ADVANCED_FACE('',(#2963),#2961,.T.);
#2965=LINE('',#366,#483);
#2966=EDGE_CURVE('',#367,#369,#2965,.T.);
#2967=DIRECTION('',(0.0,0.10910476096979672,-0.9940302566490236));
#2968=VECTOR('',#2967,1000.0);
#2969=LINE('',#368,#2968);
#2970=EDGE_CURVE('',#369,#15,#2969,.T.);
#2971=LINE('',#14,#691);
#2972=EDGE_CURVE('',#15,#367,#2971,.T.);
#2973=ORIENTED_EDGE('',*,*,#2966,.T.);
#2974=ORIENTED_EDGE('',*,*,#2970,.T.);
#2975=ORIENTED_EDGE('',*,*,#2972,.T.);
#2976=AXIS2_PLACEMENT_3D('',#366,#12,#482);
#2977=PLANE('',#2976);
#2978=EDGE_LOOP('',(#2973,#2974,#2975));
#2979=FACE_BOUND('',#2978,.T.);
#2980=ADVANCED_FACE('',(#2979),#2977,.T.);
#2981=DIRECTION('',(0.0,0.0,-1.0));
#2982=VECTOR('',#2981,1000.0);
#2983=LINE('',#368,#2982);
#2984=EDGE_CURVE('',#369,#17,#2983,.T.);
#2985=LINE('',#16,#504);
#2986=EDGE_CURVE('',#17,#15,#2985,.T.);
#2987=ORIENTED_EDGE('',*,*,#2970,.F.);
#2988=ORIENTED_EDGE('',*,*,#2984,.T.);
#2989=ORIENTED_EDGE('',*,*,#2986,.T.);
#2990=DIRECTION('',(0.0,-0.10910476096979672,0.9940302566490236));
#2991=AXIS2_PLACEMENT_3D('',#14,#12,#2990);
#2992=PLANE('',#2991);
#2993=EDGE_LOOP('',(#2987,#2988,#2989));
#2994=FACE_BOUND('',#2993,.T.);
#2995=ADVANCED_FACE('',(#2994),#2992,.T.);
#2996=LINE('',#368,#720);
#2997=EDGE_CURVE('',#369,#371,#2996,.T.);
#2998=DIRECTION('',(-0.4728208753543696,0.0,-0.8811585667909765));
#2999=VECTOR('',#2998,1000.0);
#3000=LINE('',#370,#2999);
#3001=EDGE_CURVE('',#371,#17,#3000,.T.);
#3002=ORIENTED_EDGE('',*,*,#2997,.T.);
#3003=ORIENTED_EDGE('',*,*,#3001,.T.);
#3004=ORIENTED_EDGE('',*,*,#2984,.F.);
#3005=AXIS2_PLACEMENT_3D('',#368,#730,#12);
#3006=PLANE('',#3005);
#3007=EDGE_LOOP('',(#3002,#3003,#3004));
#3008=FACE_BOUND('',#3007,.T.);
#3009=ADVANCED_FACE('',(#3008),#3006,.T.);
#3010=DIRECTION('',(0.0,0.0,-1.0));
#3011=VECTOR('',#3010,1000.0);
#3012=LINE('',#370,#3011);
#3013=EDGE_CURVE('',#371,#19,#3012,.T.);
#3014=LINE('',#18,#741);
#3015=EDGE_CURVE('',#19,#17,#3014,.T.);
#3016=ORIENTED_EDGE('',*,*,#3001,.F.);
#3017=ORIENTED_EDGE('',*,*,#3013,.T.);
#3018=ORIENTED_EDGE('',*,*,#3015,.T.);
#3019=DIRECTION('',(0.4728208753543696,0.0,0.8811585667909765));
#3020=AXIS2_PLACEMENT_3D('',#16,#730,#3019);
#3021=PLANE('',#3020);
#3022=EDGE_LOOP('',(#3016,#3017,#3018));
#3023=FACE_BOUND('',#3022,.T.);
#3024=ADVANCED_FACE('',(#3023),#3021,.T.);
#3025=LINE('',#370,#504);
#3026=EDGE_CURVE('',#371,#373,#3025,.T.);
#3027=LINE('',#372,#1422);
#3028=EDGE_CURVE('',#373,#19,#3027,.T.);
#3029=ORIENTED_EDGE('',*,*,#3026,.T.);
#3030=ORIENTED_EDGE('',*,*,#3028,.T.);
#3031=ORIENTED_EDGE('',*,*,#3013,.F.);
#3032=DIRECTION('',(-1.0,0.0,-0.0));
#3033=AXIS2_PLACEMENT_3D('',#370,#3032,#503);
#3034=PLANE('',#3033);
#3035=EDGE_LOOP('',(#3029,#3030,#3031));
#3036=FACE_BOUND('',#3035,.T.);
#3037=ADVANCED_FACE('',(#3036),#3034,.T.);
#3038=DIRECTION('',(0.0,0.0,-1.0));
#3039=VECTOR('',#3038,1000.0);
#3040=LINE('',#372,#3039);
#3041=EDGE_CURVE('',#373,#31,#3040,.T.);
#3042=LINE('',#30,#483);
#3043=EDGE_CURVE('',#31,#19,#3042,.T.);
#3044=ORIENTED_EDGE('',*,*,#3028,.F.);
#3045=ORIENTED_EDGE('',*,*,#3041,.T.);
#3046=ORIENTED_EDGE('',*,*,#3043,.T.);
#3047=AXIS2_PLACEMENT_3D('',#18,#740,#1443);
#3048=PLANE('',#3047);
#3049=EDGE_LOOP('',(#3044,#3045,#3046));
#3050=FACE_BOUND('',#3049,.T.);
#3051=ADVANCED_FACE('',(#3050),#3048,.T.);
#3052=LINE('',#372,#741);
#3053=EDGE_CURVE('',#373,#375,#3052,.T.);
#3054=DIRECTION('',(0.45587930917131425,0.0,-0.8900416032239645));
#3055=VECTOR('',#3054,1000.0);
#3056=LINE('',#374,#3055);
#3057=EDGE_CURVE('',#375,#31,#3056,.T.);
#3058=ORIENTED_EDGE('',*,*,#3053,.T.);
#3059=ORIENTED_EDGE('',*,*,#3057,.T.);
#3060=ORIENTED_EDGE('',*,*,#3041,.F.);
#3061=AXIS2_PLACEMENT_3D('',#372,#920,#740);
#3062=PLANE('',#3061);
#3063=EDGE_LOOP('',(#3058,#3059,#3060));
#3064=FACE_BOUND('',#3063,.T.);
#3065=ADVANCED_FACE('',(#3064),#3062,.T.);
#3066=DIRECTION('',(0.0,0.0,-1.0));
#3067=VECTOR('',#3066,1000.0);
#3068=LINE('',#374,#3067);
#3069=EDGE_CURVE('',#375,#49,#3068,.T.);
#3070=LINE('',#48,#720);
#3071=EDGE_CURVE('',#49,#31,#3070,.T.);
#3072=ORIENTED_EDGE('',*,*,#3057,.F.);
#3073=ORIENTED_EDGE('',*,*,#3069,.T.);
#3074=ORIENTED_EDGE('',*,*,#3071,.T.);
#3075=DIRECTION('',(-0.45587930917131425,0.0,0.8900416032239645));
#3076=AXIS2_PLACEMENT_3D('',#30,#920,#3075);
#3077=PLANE('',#3076);
#3078=EDGE_LOOP('',(#3072,#3073,#3074));
#3079=FACE_BOUND('',#3078,.T.);
#3080=ADVANCED_FACE('',(#3079),#3077,.T.);
#3081=LINE('',#374,#483);
#3082=EDGE_CURVE('',#375,#377,#3081,.T.);
#3083=LINE('',#376,#2968);
#3084=EDGE_CURVE('',#377,#49,#3083,.T.);
#3085=ORIENTED_EDGE('',*,*,#3082,.T.);
#3086=ORIENTED_EDGE('',*,*,#3084,.T.);
#3087=ORIENTED_EDGE('',*,*,#3069,.F.);
#3088=AXIS2_PLACEMENT_3D('',#374,#12,#482);
#3089=PLANE('',#3088);
#3090=EDGE_LOOP('',(#3085,#3086,#3087));
#3091=FACE_BOUND('',#3090,.T.);
#3092=ADVANCED_FACE('',(#3091),#3089,.T.);
#3093=DIRECTION('',(0.0,0.0,-1.0));
#3094=VECTOR('',#3093,1000.0);
#3095=LINE('',#376,#3094);
#3096=EDGE_CURVE('',#377,#21,#3095,.T.);
#3097=LINE('',#20,#504);
#3098=EDGE_CURVE('',#21,#49,#3097,.T.);
#3099=ORIENTED_EDGE('',*,*,#3084,.F.);
#3100=ORIENTED_EDGE('',*,*,#3096,.T.);
#3101=ORIENTED_EDGE('',*,*,#3098,.T.);
#3102=AXIS2_PLACEMENT_3D('',#48,#12,#2990);
#3103=PLANE('',#3102);
#3104=EDGE_LOOP('',(#3099,#3100,#3101));
#3105=FACE_BOUND('',#3104,.T.);
#3106=ADVANCED_FACE('',(#3105),#3103,.T.);
#3107=LINE('',#376,#720);
#3108=EDGE_CURVE('',#377,#379,#3107,.T.);
#3109=DIRECTION('',(-0.3536233904005289,0.0,-0.9353878862598314));
#3110=VECTOR('',#3109,1000.0);
#3111=LINE('',#378,#3110);
#3112=EDGE_CURVE('',#379,#21,#3111,.T.);
#3113=ORIENTED_EDGE('',*,*,#3108,.T.);
#3114=ORIENTED_EDGE('',*,*,#3112,.T.);
#3115=ORIENTED_EDGE('',*,*,#3096,.F.);
#3116=AXIS2_PLACEMENT_3D('',#376,#730,#12);
#3117=PLANE('',#3116);
#3118=EDGE_LOOP('',(#3113,#3114,#3115));
#3119=FACE_BOUND('',#3118,.T.);
#3120=ADVANCED_FACE('',(#3119),#3117,.T.);
#3121=DIRECTION('',(0.0,0.0,-1.0));
#3122=VECTOR('',#3121,1000.0);
#3123=LINE('',#378,#3122);
#3124=EDGE_CURVE('',#379,#23,#3123,.T.);
#3125=LINE('',#22,#741);
#3126=EDGE_CURVE('',#23,#21,#3125,.T.);
#3127=ORIENTED_EDGE('',*,*,#3112,.F.);
#3128=ORIENTED_EDGE('',*,*,#3124,.T.);
#3129=ORIENTED_EDGE('',*,*,#3126,.T.);
#3130=DIRECTION('',(0.3536233904005289,0.0,0.9353878862598314));
#3131=AXIS2_PLACEMENT_3D('',#20,#730,#3130);
#3132=PLANE('',#3131);
#3133=EDGE_LOOP('',(#3127,#3128,#3129));
#3134=FACE_BOUND('',#3133,.T.);
#3135=ADVANCED_FACE('',(#3134),#3132,.T.);
#3136=LINE('',#378,#483);
#3137=EDGE_CURVE('',#379,#381,#3136,.T.);
#3138=DIRECTION('',(0.0,0.312752100495778,-0.9498347875475391));
#3139=VECTOR('',#3138,1000.0);
#3140=LINE('',#380,#3139);
#3141=EDGE_CURVE('',#381,#23,#3140,.T.);
#3142=ORIENTED_EDGE('',*,*,#3137,.T.);
#3143=ORIENTED_EDGE('',*,*,#3141,.T.);
#3144=ORIENTED_EDGE('',*,*,#3124,.F.);
#3145=AXIS2_PLACEMENT_3D('',#378,#12,#482);
#3146=PLANE('',#3145);
#3147=EDGE_LOOP('',(#3142,#3143,#3144));
#3148=FACE_BOUND('',#3147,.T.);
#3149=ADVANCED_FACE('',(#3148),#3146,.T.);
#3150=DIRECTION('',(0.0,0.0,-1.0));
#3151=VECTOR('',#3150,1000.0);
#3152=LINE('',#380,#3151);
#3153=EDGE_CURVE('',#381,#25,#3152,.T.);
#3154=LINE('',#24,#504);
#3155=EDGE_CURVE('',#25,#23,#3154,.T.);
#3156=ORIENTED_EDGE('',*,*,#3141,.F.);
#3157=ORIENTED_EDGE('',*,*,#3153,.T.);
#3158=ORIENTED_EDGE('',*,*,#3155,.T.);
#3159=DIRECTION('',(0.0,-0.312752100495778,0.9498347875475391));
#3160=AXIS2_PLACEMENT_3D('',#22,#12,#3159);
#3161=PLANE('',#3160);
#3162=EDGE_LOOP('',(#3156,#3157,#3158));
#3163=FACE_BOUND('',#3162,.T.);
#3164=ADVANCED_FACE('',(#3163),#3161,.T.);
#3165=LINE('',#380,#741);
#3166=EDGE_CURVE('',#381,#383,#3165,.T.);
#3167=DIRECTION('',(0.3334226731208807,0.0,-0.94277745043511));
#3168=VECTOR('',#3167,1000.0);
#3169=LINE('',#382,#3168);
#3170=EDGE_CURVE('',#383,#25,#3169,.T.);
#3171=ORIENTED_EDGE('',*,*,#3166,.T.);
#3172=ORIENTED_EDGE('',*,*,#3170,.T.);
#3173=ORIENTED_EDGE('',*,*,#3153,.F.);
#3174=AXIS2_PLACEMENT_3D('',#380,#920,#740);
#3175=PLANE('',#3174);
#3176=EDGE_LOOP('',(#3171,#3172,#3173));
#3177=FACE_BOUND('',#3176,.T.);
#3178=ADVANCED_FACE('',(#3177),#3175,.T.);
#3179=DIRECTION('',(0.0,0.0,-1.0));
#3180=VECTOR('',#3179,1000.0);
#3181=LINE('',#382,#3180);
#3182=EDGE_CURVE('',#383,#39,#3181,.T.);
#3183=LINE('',#38,#720);
#3184=EDGE_CURVE('',#39,#25,#3183,.T.);
#3185=ORIENTED_EDGE('',*,*,#3170,.F.);
#3186=ORIENTED_EDGE('',*,*,#3182,.T.);
#3187=ORIENTED_EDGE('',*,*,#3184,.T.);
#3188=DIRECTION('',(-0.3334226731208807,0.0,0.94277745043511));
#3189=AXIS2_PLACEMENT_3D('',#24,#920,#3188);
#3190=PLANE('',#3189);
#3191=EDGE_LOOP('',(#3185,#3186,#3187));
#3192=FACE_BOUND('',#3191,.T.);
#3193=ADVANCED_FACE('',(#3192),#3190,.T.);
#3194=LINE('',#382,#483);
#3195=EDGE_CURVE('',#383,#385,#3194,.T.);
#3196=LINE('',#384,#2968);
#3197=EDGE_CURVE('',#385,#39,#3196,.T.);
#3198=ORIENTED_EDGE('',*,*,#3195,.T.);
#3199=ORIENTED_EDGE('',*,*,#3197,.T.);
#3200=ORIENTED_EDGE('',*,*,#3182,.F.);
#3201=AXIS2_PLACEMENT_3D('',#382,#12,#482);
#3202=PLANE('',#3201);
#3203=EDGE_LOOP('',(#3198,#3199,#3200));
#3204=FACE_BOUND('',#3203,.T.);
#3205=ADVANCED_FACE('',(#3204),#3202,.T.);
#3206=DIRECTION('',(0.0,0.0,-1.0));
#3207=VECTOR('',#3206,1000.0);
#3208=LINE('',#384,#3207);
#3209=EDGE_CURVE('',#385,#37,#3208,.T.);
#3210=LINE('',#36,#504);
#3211=EDGE_CURVE('',#37,#39,#3210,.T.);
#3212=ORIENTED_EDGE('',*,*,#3197,.F.);
#3213=ORIENTED_EDGE('',*,*,#3209,.T.);
#3214=ORIENTED_EDGE('',*,*,#3211,.T.);
#3215=AXIS2_PLACEMENT_3D('',#38,#12,#2990);
#3216=PLANE('',#3215);
#3217=EDGE_LOOP('',(#3212,#3213,#3214));
#3218=FACE_BOUND('',#3217,.T.);
#3219=ADVANCED_FACE('',(#3218),#3216,.T.);
#3220=LINE('',#384,#720);
#3221=EDGE_CURVE('',#385,#387,#3220,.T.);
#3222=DIRECTION('',(-0.3334226731208807,0.0,-0.94277745043511));
#3223=VECTOR('',#3222,1000.0);
#3224=LINE('',#386,#3223);
#3225=EDGE_CURVE('',#387,#37,#3224,.T.);
#3226=ORIENTED_EDGE('',*,*,#3221,.T.);
#3227=ORIENTED_EDGE('',*,*,#3225,.T.);
#3228=ORIENTED_EDGE('',*,*,#3209,.F.);
#3229=AXIS2_PLACEMENT_3D('',#384,#730,#12);
#3230=PLANE('',#3229);
#3231=EDGE_LOOP('',(#3226,#3227,#3228));
#3232=FACE_BOUND('',#3231,.T.);
#3233=ADVANCED_FACE('',(#3232),#3230,.T.);
#3234=DIRECTION('',(0.0,0.0,-1.0));
#3235=VECTOR('',#3234,1000.0);
#3236=LINE('',#386,#3235);
#3237=EDGE_CURVE('',#387,#33,#3236,.T.);
#3238=LINE('',#32,#741);
#3239=EDGE_CURVE('',#33,#37,#3238,.T.);
#3240=ORIENTED_EDGE('',*,*,#3225,.F.);
#3241=ORIENTED_EDGE('',*,*,#3237,.T.);
#3242=ORIENTED_EDGE('',*,*,#3239,.T.);
#3243=DIRECTION('',(0.3334226731208807,0.0,0.94277745043511));
#3244=AXIS2_PLACEMENT_3D('',#36,#730,#3243);
#3245=PLANE('',#3244);
#3246=EDGE_LOOP('',(#3240,#3241,#3242));
#3247=FACE_BOUND('',#3246,.T.);
#3248=ADVANCED_FACE('',(#3247),#3245,.T.);
#3249=LINE('',#386,#483);
#3250=EDGE_CURVE('',#387,#389,#3249,.T.);
#3251=DIRECTION('',(0.0,0.32314095928155695,-0.9463508442615747));
#3252=VECTOR('',#3251,1000.0);
#3253=LINE('',#388,#3252);
#3254=EDGE_CURVE('',#389,#33,#3253,.T.);
#3255=ORIENTED_EDGE('',*,*,#3250,.T.);
#3256=ORIENTED_EDGE('',*,*,#3254,.T.);
#3257=ORIENTED_EDGE('',*,*,#3237,.F.);
#3258=AXIS2_PLACEMENT_3D('',#386,#12,#482);
#3259=PLANE('',#3258);
#3260=EDGE_LOOP('',(#3255,#3256,#3257));
#3261=FACE_BOUND('',#3260,.T.);
#3262=ADVANCED_FACE('',(#3261),#3259,.T.);
#3263=DIRECTION('',(0.0,0.0,-1.0));
#3264=VECTOR('',#3263,1000.0);
#3265=LINE('',#388,#3264);
#3266=EDGE_CURVE('',#389,#35,#3265,.T.);
#3267=LINE('',#34,#504);
#3268=EDGE_CURVE('',#35,#33,#3267,.T.);
#3269=ORIENTED_EDGE('',*,*,#3254,.F.);
#3270=ORIENTED_EDGE('',*,*,#3266,.T.);
#3271=ORIENTED_EDGE('',*,*,#3268,.T.);
#3272=DIRECTION('',(0.0,-0.32314095928155695,0.9463508442615747));
#3273=AXIS2_PLACEMENT_3D('',#32,#12,#3272);
#3274=PLANE('',#3273);
#3275=EDGE_LOOP('',(#3269,#3270,#3271));
#3276=FACE_BOUND('',#3275,.T.);
#3277=ADVANCED_FACE('',(#3276),#3274,.T.);
#3278=LINE('',#388,#741);
#3279=EDGE_CURVE('',#389,#367,#3278,.T.);
#3280=DIRECTION('',(0.3733412126799583,0.0,-0.9276940977039027));
#3281=VECTOR('',#3280,1000.0);
#3282=LINE('',#366,#3281);
#3283=EDGE_CURVE('',#367,#35,#3282,.T.);
#3284=ORIENTED_EDGE('',*,*,#3279,.T.);
#3285=ORIENTED_EDGE('',*,*,#3283,.T.);
#3286=ORIENTED_EDGE('',*,*,#3266,.F.);
#3287=AXIS2_PLACEMENT_3D('',#388,#920,#740);
#3288=PLANE('',#3287);
#3289=EDGE_LOOP('',(#3284,#3285,#3286));
#3290=FACE_BOUND('',#3289,.T.);
#3291=ADVANCED_FACE('',(#3290),#3288,.T.);
#3292=LINE('',#14,#720);
#3293=EDGE_CURVE('',#15,#35,#3292,.T.);
#3294=ORIENTED_EDGE('',*,*,#3283,.F.);
#3295=ORIENTED_EDGE('',*,*,#2972,.F.);
#3296=ORIENTED_EDGE('',*,*,#3293,.T.);
#3297=DIRECTION('',(-0.3733412126799583,0.0,0.9276940977039027));
#3298=AXIS2_PLACEMENT_3D('',#34,#920,#3297);
#3299=PLANE('',#3298);
#3300=EDGE_LOOP('',(#3294,#3295,#3296));
#3301=FACE_BOUND('',#3300,.T.);
#3302=ADVANCED_FACE('',(#3301),#3299,.T.);
#3303=DIRECTION('',(0.9797138731696668,-0.20040141396429795,0.0));
#3304=VECTOR('',#3303,1000.0);
#3305=LINE('',#366,#3304);
#3306=EDGE_CURVE('',#367,#371,#3305,.T.);
#3307=ORIENTED_EDGE('',*,*,#2997,.F.);
#3308=ORIENTED_EDGE('',*,*,#2966,.F.);
#3309=ORIENTED_EDGE('',*,*,#3306,.T.);
#3310=DIRECTION('',(0.0,0.0,-1.0));
#3311=AXIS2_PLACEMENT_3D('',#370,#3310,#740);
#3312=PLANE('',#3311);
#3313=EDGE_LOOP('',(#3307,#3308,#3309));
#3314=FACE_BOUND('',#3313,.T.);
#3315=ADVANCED_FACE('',(#3314),#3312,.T.);
#3316=VECTOR('',#2202,1000.0);
#3317=LINE('',#388,#3316);
#3318=EDGE_CURVE('',#389,#371,#3317,.T.);
#3319=ORIENTED_EDGE('',*,*,#3279,.F.);
#3320=ORIENTED_EDGE('',*,*,#3318,.T.);
#3321=ORIENTED_EDGE('',*,*,#3306,.F.);
#3322=DIRECTION('',(0.0,0.0,-1.0));
#3323=AXIS2_PLACEMENT_3D('',#366,#3322,#12);
#3324=PLANE('',#3323);
#3325=EDGE_LOOP('',(#3319,#3320,#3321));
#3326=FACE_BOUND('',#3325,.T.);
#3327=ADVANCED_FACE('',(#3326),#3324,.T.);
#3328=DIRECTION('',(0.28497712577015066,-0.9585343174804873,0.0));
#3329=VECTOR('',#3328,1000.0);
#3330=LINE('',#386,#3329);
#3331=EDGE_CURVE('',#387,#371,#3330,.T.);
#3332=ORIENTED_EDGE('',*,*,#3318,.F.);
#3333=ORIENTED_EDGE('',*,*,#3250,.F.);
#3334=ORIENTED_EDGE('',*,*,#3331,.T.);
#3335=DIRECTION('',(0.0,0.0,-1.0));
#3336=AXIS2_PLACEMENT_3D('',#370,#3335,#2179);
#3337=PLANE('',#3336);
#3338=EDGE_LOOP('',(#3332,#3333,#3334));
#3339=FACE_BOUND('',#3338,.T.);
#3340=ADVANCED_FACE('',(#3339),#3337,.T.);
#3341=DIRECTION('',(0.23745940048721112,0.9713974640281156,0.0));
#3342=VECTOR('',#3341,1000.0);
#3343=LINE('',#386,#3342);
#3344=EDGE_CURVE('',#387,#373,#3343,.T.);
#3345=ORIENTED_EDGE('',*,*,#3331,.F.);
#3346=ORIENTED_EDGE('',*,*,#3344,.T.);
#3347=ORIENTED_EDGE('',*,*,#3026,.F.);
#3348=DIRECTION('',(0.0,0.0,-1.0));
#3349=DIRECTION('',(-0.28497712577015066,0.9585343174804873,0.0));
#3350=AXIS2_PLACEMENT_3D('',#370,#3348,#3349);
#3351=PLANE('',#3350);
#3352=EDGE_LOOP('',(#3345,#3346,#3347));
#3353=FACE_BOUND('',#3352,.T.);
#3354=ADVANCED_FACE('',(#3353),#3351,.T.);
#3355=DIRECTION('',(0.9603506148240623,-0.27879507995487585,0.0));
#3356=VECTOR('',#3355,1000.0);
#3357=LINE('',#374,#3356);
#3358=EDGE_CURVE('',#375,#379,#3357,.T.);
#3359=ORIENTED_EDGE('',*,*,#3082,.F.);
#3360=ORIENTED_EDGE('',*,*,#3358,.T.);
#3361=ORIENTED_EDGE('',*,*,#3108,.F.);
#3362=DIRECTION('',(0.0,0.0,-1.0));
#3363=AXIS2_PLACEMENT_3D('',#376,#3362,#503);
#3364=PLANE('',#3363);
#3365=EDGE_LOOP('',(#3359,#3360,#3361));
#3366=FACE_BOUND('',#3365,.T.);
#3367=ADVANCED_FACE('',(#3366),#3364,.T.);
#3368=LINE('',#372,#2151);
#3369=EDGE_CURVE('',#373,#379,#3368,.T.);
#3370=ORIENTED_EDGE('',*,*,#3358,.F.);
#3371=ORIENTED_EDGE('',*,*,#3053,.F.);
#3372=ORIENTED_EDGE('',*,*,#3369,.T.);
#3373=DIRECTION('',(0.0,0.0,-1.0));
#3374=DIRECTION('',(-0.9603506148240623,0.27879507995487585,0.0));
#3375=AXIS2_PLACEMENT_3D('',#378,#3373,#3374);
#3376=PLANE('',#3375);
#3377=EDGE_LOOP('',(#3370,#3371,#3372));
#3378=FACE_BOUND('',#3377,.T.);
#3379=ADVANCED_FACE('',(#3378),#3376,.T.);
#3380=DIRECTION('',(-0.2922284973653962,-0.9563485271215524,0.0));
#3381=VECTOR('',#3380,1000.0);
#3382=LINE('',#372,#3381);
#3383=EDGE_CURVE('',#373,#381,#3382,.T.);
#3384=ORIENTED_EDGE('',*,*,#3369,.F.);
#3385=ORIENTED_EDGE('',*,*,#3383,.T.);
#3386=ORIENTED_EDGE('',*,*,#3137,.F.);
#3387=AXIS2_PLACEMENT_3D('',#378,#1100,#2173);
#3388=PLANE('',#3387);
#3389=EDGE_LOOP('',(#3384,#3385,#3386));
#3390=FACE_BOUND('',#3389,.T.);
#3391=ADVANCED_FACE('',(#3390),#3388,.T.);
#3392=LINE('',#386,#504);
#3393=EDGE_CURVE('',#387,#381,#3392,.T.);
#3394=ORIENTED_EDGE('',*,*,#3383,.F.);
#3395=ORIENTED_EDGE('',*,*,#3344,.F.);
#3396=ORIENTED_EDGE('',*,*,#3393,.T.);
#3397=DIRECTION('',(0.2922284973653962,0.9563485271215524,0.0));
#3398=AXIS2_PLACEMENT_3D('',#380,#1100,#3397);
#3399=PLANE('',#3398);
#3400=EDGE_LOOP('',(#3394,#3395,#3396));
#3401=FACE_BOUND('',#3400,.T.);
#3402=ADVANCED_FACE('',(#3401),#3399,.T.);
#3403=DIRECTION('',(-0.9550615007031876,0.2964077088649603,0.0));
#3404=VECTOR('',#3403,1000.0);
#3405=LINE('',#386,#3404);
#3406=EDGE_CURVE('',#387,#383,#3405,.T.);
#3407=ORIENTED_EDGE('',*,*,#3393,.F.);
#3408=ORIENTED_EDGE('',*,*,#3406,.T.);
#3409=ORIENTED_EDGE('',*,*,#3166,.F.);
#3410=AXIS2_PLACEMENT_3D('',#380,#950,#482);
#3411=PLANE('',#3410);
#3412=EDGE_LOOP('',(#3407,#3408,#3409));
#3413=FACE_BOUND('',#3412,.T.);
#3414=ADVANCED_FACE('',(#3413),#3411,.T.);
#3415=ORIENTED_EDGE('',*,*,#3406,.F.);
#3416=ORIENTED_EDGE('',*,*,#3221,.F.);
#3417=ORIENTED_EDGE('',*,*,#3195,.F.);
#3418=DIRECTION('',(0.9550615007031876,-0.2964077088649603,0.0));
#3419=AXIS2_PLACEMENT_3D('',#382,#950,#3418);
#3420=PLANE('',#3419);
#3421=EDGE_LOOP('',(#3415,#3416,#3417));
#3422=FACE_BOUND('',#3421,.T.);
#3423=ADVANCED_FACE('',(#3422),#3420,.T.);
#3424=LINE('',#390,#483);
#3425=EDGE_CURVE('',#391,#393,#3424,.T.);
#3426=LINE('',#392,#2968);
#3427=EDGE_CURVE('',#393,#29,#3426,.T.);
#3428=LINE('',#28,#691);
#3429=EDGE_CURVE('',#29,#391,#3428,.T.);
#3430=ORIENTED_EDGE('',*,*,#3425,.T.);
#3431=ORIENTED_EDGE('',*,*,#3427,.T.);
#3432=ORIENTED_EDGE('',*,*,#3429,.T.);
#3433=AXIS2_PLACEMENT_3D('',#390,#12,#482);
#3434=PLANE('',#3433);
#3435=EDGE_LOOP('',(#3430,#3431,#3432));
#3436=FACE_BOUND('',#3435,.T.);
#3437=ADVANCED_FACE('',(#3436),#3434,.T.);
#3438=DIRECTION('',(0.0,0.0,-1.0));
#3439=VECTOR('',#3438,1000.0);
#3440=LINE('',#392,#3439);
#3441=EDGE_CURVE('',#393,#27,#3440,.T.);
#3442=LINE('',#26,#504);
#3443=EDGE_CURVE('',#27,#29,#3442,.T.);
#3444=ORIENTED_EDGE('',*,*,#3427,.F.);
#3445=ORIENTED_EDGE('',*,*,#3441,.T.);
#3446=ORIENTED_EDGE('',*,*,#3443,.T.);
#3447=AXIS2_PLACEMENT_3D('',#28,#12,#2990);
#3448=PLANE('',#3447);
#3449=EDGE_LOOP('',(#3444,#3445,#3446));
#3450=FACE_BOUND('',#3449,.T.);
#3451=ADVANCED_FACE('',(#3450),#3448,.T.);
#3452=DIRECTION('',(0.92505684571291,-0.3798286879629836,0.0));
#3453=VECTOR('',#3452,1000.0);
#3454=LINE('',#392,#3453);
#3455=EDGE_CURVE('',#393,#395,#3454,.T.);
#3456=DIRECTION('',(-0.10589918157323956,0.04348224369100088,-0.9934257183230735));
#3457=VECTOR('',#3456,1000.0);
#3458=LINE('',#394,#3457);
#3459=EDGE_CURVE('',#395,#27,#3458,.T.);
#3460=ORIENTED_EDGE('',*,*,#3441,.F.);
#3461=ORIENTED_EDGE('',*,*,#3455,.T.);
#3462=ORIENTED_EDGE('',*,*,#3459,.T.);
#3463=DIRECTION('',(0.3798286879629836,0.9250568457129099,-0.0));
#3464=AXIS2_PLACEMENT_3D('',#26,#3463,#11);
#3465=PLANE('',#3464);
#3466=EDGE_LOOP('',(#3460,#3461,#3462));
#3467=FACE_BOUND('',#3466,.T.);
#3468=ADVANCED_FACE('',(#3467),#3465,.T.);
#3469=DIRECTION('',(0.0,0.0,-1.0));
#3470=VECTOR('',#3469,1000.0);
#3471=LINE('',#396,#3470);
#3472=EDGE_CURVE('',#397,#127,#3471,.T.);
#3473=DIRECTION('',(-0.9998522687225867,0.017188389403791856,0.0));
#3474=VECTOR('',#3473,1000.0);
#3475=LINE('',#126,#3474);
#3476=EDGE_CURVE('',#127,#129,#3475,.T.);
#3477=DIRECTION('',(0.02732978471693673,-0.0004698243897937721,0.9996263612632316));
#3478=VECTOR('',#3477,1000.0);
#3479=LINE('',#128,#3478);
#3480=EDGE_CURVE('',#129,#397,#3479,.T.);
#3481=ORIENTED_EDGE('',*,*,#3472,.T.);
#3482=ORIENTED_EDGE('',*,*,#3476,.T.);
#3483=ORIENTED_EDGE('',*,*,#3480,.T.);
#3484=DIRECTION('',(0.01718838940379186,0.9998522687225867,0.0));
#3485=DIRECTION('',(0.0,0.0,-1.0));
#3486=AXIS2_PLACEMENT_3D('',#396,#3484,#3485);
#3487=PLANE('',#3486);
#3488=EDGE_LOOP('',(#3481,#3482,#3483));
#3489=FACE_BOUND('',#3488,.T.);
#3490=ADVANCED_FACE('',(#3489),#3487,.T.);
#3491=LINE('',#128,#691);
#3492=EDGE_CURVE('',#129,#399,#3491,.T.);
#3493=DIRECTION('',(0.9998522687225867,-0.017188389403791856,0.0));
#3494=VECTOR('',#3493,1000.0);
#3495=LINE('',#398,#3494);
#3496=EDGE_CURVE('',#399,#397,#3495,.T.);
#3497=ORIENTED_EDGE('',*,*,#3480,.F.);
#3498=ORIENTED_EDGE('',*,*,#3492,.T.);
#3499=ORIENTED_EDGE('',*,*,#3496,.T.);
#3500=DIRECTION('',(0.01718838940379186,0.9998522687225867,-0.0));
#3501=DIRECTION('',(-0.02732978471693673,0.0004698243897937721,-0.9996263612632316));
#3502=AXIS2_PLACEMENT_3D('',#396,#3500,#3501);
#3503=PLANE('',#3502);
#3504=EDGE_LOOP('',(#3497,#3498,#3499));
#3505=FACE_BOUND('',#3504,.T.);
#3506=ADVANCED_FACE('',(#3505),#3503,.T.);
#3507=DIRECTION('',(-0.9903546062538444,0.13855595935142184,0.0));
#3508=VECTOR('',#3507,1000.0);
#3509=LINE('',#128,#3508);
#3510=EDGE_CURVE('',#129,#131,#3509,.T.);
#3511=DIRECTION('',(0.040136996608504755,-0.005615382647244141,0.999178406982944));
#3512=VECTOR('',#3511,1000.0);
#3513=LINE('',#130,#3512);
#3514=EDGE_CURVE('',#131,#399,#3513,.T.);
#3515=ORIENTED_EDGE('',*,*,#3492,.F.);
#3516=ORIENTED_EDGE('',*,*,#3510,.T.);
#3517=ORIENTED_EDGE('',*,*,#3514,.T.);
#3518=DIRECTION('',(0.13855595935142187,0.9903546062538444,0.0));
#3519=DIRECTION('',(0.0,0.0,-1.0));
#3520=AXIS2_PLACEMENT_3D('',#398,#3518,#3519);
#3521=PLANE('',#3520);
#3522=EDGE_LOOP('',(#3515,#3516,#3517));
#3523=FACE_BOUND('',#3522,.T.);
#3524=ADVANCED_FACE('',(#3523),#3521,.T.);
#3525=DIRECTION('',(-0.10051817810182226,0.014086870565338515,0.9948354919024379));
#3526=VECTOR('',#3525,1000.0);
#3527=LINE('',#130,#3526);
#3528=EDGE_CURVE('',#131,#395,#3527,.T.);
#3529=DIRECTION('',(0.9903315364941463,-0.1387207548463581,0.0));
#3530=VECTOR('',#3529,1000.0);
#3531=LINE('',#394,#3530);
#3532=EDGE_CURVE('',#395,#399,#3531,.T.);
#3533=ORIENTED_EDGE('',*,*,#3514,.F.);
#3534=ORIENTED_EDGE('',*,*,#3528,.T.);
#3535=ORIENTED_EDGE('',*,*,#3532,.T.);
#3536=DIRECTION('',(0.13872075484319837,0.9903315364715888,-6.749487080938935e-06));
#3537=DIRECTION('',(-0.040136996608504755,0.005615382647244141,-0.999178406982944));
#3538=AXIS2_PLACEMENT_3D('',#398,#3536,#3537);
#3539=PLANE('',#3538);
#3540=EDGE_LOOP('',(#3533,#3534,#3535));
#3541=FACE_BOUND('',#3540,.T.);
#3542=ADVANCED_FACE('',(#3541),#3539,.T.);
#3543=LINE('',#130,#3508);
#3544=EDGE_CURVE('',#131,#133,#3543,.T.);
#3545=LINE('',#132,#691);
#3546=EDGE_CURVE('',#133,#395,#3545,.T.);
#3547=ORIENTED_EDGE('',*,*,#3528,.F.);
#3548=ORIENTED_EDGE('',*,*,#3544,.T.);
#3549=ORIENTED_EDGE('',*,*,#3546,.T.);
#3550=DIRECTION('',(0.10051817810182226,-0.014086870565338515,-0.9948354919024379));
#3551=AXIS2_PLACEMENT_3D('',#394,#3518,#3550);
#3552=PLANE('',#3551);
#3553=EDGE_LOOP('',(#3547,#3548,#3549));
#3554=FACE_BOUND('',#3553,.T.);
#3555=ADVANCED_FACE('',(#3554),#3552,.T.);
#3556=DIRECTION('',(-0.92505684571291,0.3798286879629836,0.0));
#3557=VECTOR('',#3556,1000.0);
#3558=LINE('',#132,#3557);
#3559=EDGE_CURVE('',#133,#27,#3558,.T.);
#3560=ORIENTED_EDGE('',*,*,#3546,.F.);
#3561=ORIENTED_EDGE('',*,*,#3559,.T.);
#3562=ORIENTED_EDGE('',*,*,#3459,.F.);
#3563=DIRECTION('',(0.3798286879629836,0.9250568457129099,0.0));
#3564=DIRECTION('',(0.0,0.0,-1.0));
#3565=AXIS2_PLACEMENT_3D('',#394,#3563,#3564);
#3566=PLANE('',#3565);
#3567=EDGE_LOOP('',(#3560,#3561,#3562));
#3568=FACE_BOUND('',#3567,.T.);
#3569=ADVANCED_FACE('',(#3568),#3566,.T.);
#3570=DIRECTION('',(0.05870747753100338,0.00607938340696844,-0.9982567170719854));
#3571=VECTOR('',#3570,1000.0);
#3572=LINE('',#396,#3571);
#3573=EDGE_CURVE('',#397,#47,#3572,.T.);
#3574=DIRECTION('',(-0.9946810433767974,-0.10300301911519728,0.0));
#3575=VECTOR('',#3574,1000.0);
#3576=LINE('',#46,#3575);
#3577=EDGE_CURVE('',#47,#127,#3576,.T.);
#3578=ORIENTED_EDGE('',*,*,#3472,.F.);
#3579=ORIENTED_EDGE('',*,*,#3573,.T.);
#3580=ORIENTED_EDGE('',*,*,#3577,.T.);
#3581=DIRECTION('',(-0.1030030191151973,0.9946810433767975,0.0));
#3582=AXIS2_PLACEMENT_3D('',#126,#3581,#11);
#3583=PLANE('',#3582);
#3584=EDGE_LOOP('',(#3578,#3579,#3580));
#3585=FACE_BOUND('',#3584,.T.);
#3586=ADVANCED_FACE('',(#3585),#3583,.T.);
#3587=DIRECTION('',(0.9946661257605293,0.10314697409298584,0.0));
#3588=VECTOR('',#3587,1000.0);
#3589=LINE('',#396,#3588);
#3590=EDGE_CURVE('',#397,#401,#3589,.T.);
#3591=DIRECTION('',(-0.06429525037925428,-0.006676008459369987,-0.997908588844549));
#3592=VECTOR('',#3591,1000.0);
#3593=LINE('',#400,#3592);
#3594=EDGE_CURVE('',#401,#47,#3593,.T.);
#3595=ORIENTED_EDGE('',*,*,#3573,.F.);
#3596=ORIENTED_EDGE('',*,*,#3590,.T.);
#3597=ORIENTED_EDGE('',*,*,#3594,.T.);
#3598=DIRECTION('',(-0.10314697408920967,0.9946661257241148,-8.55684052650496e-06));
#3599=DIRECTION('',(-0.05870747753100338,-0.00607938340696844,0.9982567170719854));
#3600=AXIS2_PLACEMENT_3D('',#46,#3598,#3599);
#3601=PLANE('',#3600);
#3602=EDGE_LOOP('',(#3595,#3596,#3597));
#3603=FACE_BOUND('',#3602,.T.);
#3604=ADVANCED_FACE('',(#3603),#3601,.T.);
#3605=DIRECTION('',(0.0,0.0,-1.0));
#3606=VECTOR('',#3605,1000.0);
#3607=LINE('',#400,#3606);
#3608=EDGE_CURVE('',#401,#45,#3607,.T.);
#3609=LINE('',#44,#3575);
#3610=EDGE_CURVE('',#45,#47,#3609,.T.);
#3611=ORIENTED_EDGE('',*,*,#3594,.F.);
#3612=ORIENTED_EDGE('',*,*,#3608,.T.);
#3613=ORIENTED_EDGE('',*,*,#3610,.T.);
#3614=DIRECTION('',(0.06429525037925428,0.006676008459369987,0.997908588844549));
#3615=AXIS2_PLACEMENT_3D('',#46,#3581,#3614);
#3616=PLANE('',#3615);
#3617=EDGE_LOOP('',(#3611,#3612,#3613));
#3618=FACE_BOUND('',#3617,.T.);
#3619=ADVANCED_FACE('',(#3618),#3616,.T.);
#3620=DIRECTION('',(0.9455553056698962,0.32546146303289003,0.0));
#3621=VECTOR('',#3620,1000.0);
#3622=LINE('',#400,#3621);
#3623=EDGE_CURVE('',#401,#403,#3622,.T.);
#3624=DIRECTION('',(-0.09641483811762656,-0.033186122571234204,-0.9947878468595397));
#3625=VECTOR('',#3624,1000.0);
#3626=LINE('',#402,#3625);
#3627=EDGE_CURVE('',#403,#45,#3626,.T.);
#3628=ORIENTED_EDGE('',*,*,#3608,.F.);
#3629=ORIENTED_EDGE('',*,*,#3623,.T.);
#3630=ORIENTED_EDGE('',*,*,#3627,.T.);
#3631=DIRECTION('',(-0.3254614630328901,0.9455553056698962,0.0));
#3632=AXIS2_PLACEMENT_3D('',#44,#3631,#11);
#3633=PLANE('',#3632);
#3634=EDGE_LOOP('',(#3628,#3629,#3630));
#3635=FACE_BOUND('',#3634,.T.);
#3636=ADVANCED_FACE('',(#3635),#3633,.T.);
#3637=DIRECTION('',(0.0,0.0,-1.0));
#3638=VECTOR('',#3637,1000.0);
#3639=LINE('',#402,#3638);
#3640=EDGE_CURVE('',#403,#41,#3639,.T.);
#3641=DIRECTION('',(-0.9455553056698962,-0.32546146303289003,0.0));
#3642=VECTOR('',#3641,1000.0);
#3643=LINE('',#40,#3642);
#3644=EDGE_CURVE('',#41,#45,#3643,.T.);
#3645=ORIENTED_EDGE('',*,*,#3627,.F.);
#3646=ORIENTED_EDGE('',*,*,#3640,.T.);
#3647=ORIENTED_EDGE('',*,*,#3644,.T.);
#3648=DIRECTION('',(0.09641483811762656,0.033186122571234204,0.9947878468595397));
#3649=AXIS2_PLACEMENT_3D('',#44,#3631,#3648);
#3650=PLANE('',#3649);
#3651=EDGE_LOOP('',(#3645,#3646,#3647));
#3652=FACE_BOUND('',#3651,.T.);
#3653=ADVANCED_FACE('',(#3652),#3650,.T.);
#3654=DIRECTION('',(0.8428494052863333,0.5381494959660134,0.0));
#3655=VECTOR('',#3654,1000.0);
#3656=LINE('',#402,#3655);
#3657=EDGE_CURVE('',#403,#405,#3656,.T.);
#3658=DIRECTION('',(-0.080076142170134,-0.05112768102757441,-0.9954766555213092));
#3659=VECTOR('',#3658,1000.0);
#3660=LINE('',#404,#3659);
#3661=EDGE_CURVE('',#405,#41,#3660,.T.);
#3662=ORIENTED_EDGE('',*,*,#3640,.F.);
#3663=ORIENTED_EDGE('',*,*,#3657,.T.);
#3664=ORIENTED_EDGE('',*,*,#3661,.T.);
#3665=DIRECTION('',(-0.5381494959660135,0.8428494052863333,0.0));
#3666=AXIS2_PLACEMENT_3D('',#40,#3665,#11);
#3667=PLANE('',#3666);
#3668=EDGE_LOOP('',(#3662,#3663,#3664));
#3669=FACE_BOUND('',#3668,.T.);
#3670=ADVANCED_FACE('',(#3669),#3667,.T.);
#3671=DIRECTION('',(0.0,0.0,-1.0));
#3672=VECTOR('',#3671,1000.0);
#3673=LINE('',#404,#3672);
#3674=EDGE_CURVE('',#405,#95,#3673,.T.);
#3675=DIRECTION('',(-0.8428494052863333,-0.5381494959660134,0.0));
#3676=VECTOR('',#3675,1000.0);
#3677=LINE('',#94,#3676);
#3678=EDGE_CURVE('',#95,#41,#3677,.T.);
#3679=ORIENTED_EDGE('',*,*,#3661,.F.);
#3680=ORIENTED_EDGE('',*,*,#3674,.T.);
#3681=ORIENTED_EDGE('',*,*,#3678,.T.);
#3682=DIRECTION('',(0.080076142170134,0.05112768102757441,0.9954766555213092));
#3683=AXIS2_PLACEMENT_3D('',#40,#3665,#3682);
#3684=PLANE('',#3683);
#3685=EDGE_LOOP('',(#3679,#3680,#3681));
#3686=FACE_BOUND('',#3685,.T.);
#3687=ADVANCED_FACE('',(#3686),#3684,.T.);
#3688=DIRECTION('',(0.6886723481083044,0.7250726839089957,0.0));
#3689=VECTOR('',#3688,1000.0);
#3690=LINE('',#404,#3689);
#3691=EDGE_CURVE('',#405,#407,#3690,.T.);
#3692=DIRECTION('',(-0.07466722360156924,-0.07861382029572749,-0.9941049607451641));
#3693=VECTOR('',#3692,1000.0);
#3694=LINE('',#406,#3693);
#3695=EDGE_CURVE('',#407,#95,#3694,.T.);
#3696=ORIENTED_EDGE('',*,*,#3674,.F.);
#3697=ORIENTED_EDGE('',*,*,#3691,.T.);
#3698=ORIENTED_EDGE('',*,*,#3695,.T.);
#3699=DIRECTION('',(-0.7250726839089957,0.6886723481083044,0.0));
#3700=AXIS2_PLACEMENT_3D('',#94,#3699,#11);
#3701=PLANE('',#3700);
#3702=EDGE_LOOP('',(#3696,#3697,#3698));
#3703=FACE_BOUND('',#3702,.T.);
#3704=ADVANCED_FACE('',(#3703),#3701,.T.);
#3705=DIRECTION('',(0.0,0.0,-1.0));
#3706=VECTOR('',#3705,1000.0);
#3707=LINE('',#406,#3706);
#3708=EDGE_CURVE('',#407,#97,#3707,.T.);
#3709=DIRECTION('',(-0.6886723481083044,-0.7250726839089957,0.0));
#3710=VECTOR('',#3709,1000.0);
#3711=LINE('',#96,#3710);
#3712=EDGE_CURVE('',#97,#95,#3711,.T.);
#3713=ORIENTED_EDGE('',*,*,#3695,.F.);
#3714=ORIENTED_EDGE('',*,*,#3708,.T.);
#3715=ORIENTED_EDGE('',*,*,#3712,.T.);
#3716=DIRECTION('',(0.07466722360156924,0.07861382029572749,0.9941049607451641));
#3717=AXIS2_PLACEMENT_3D('',#94,#3699,#3716);
#3718=PLANE('',#3717);
#3719=EDGE_LOOP('',(#3713,#3714,#3715));
#3720=FACE_BOUND('',#3719,.T.);
#3721=ADVANCED_FACE('',(#3720),#3718,.T.);
#3722=DIRECTION('',(0.48881008569690043,0.8723902223896075,0.0));
#3723=VECTOR('',#3722,1000.0);
#3724=LINE('',#406,#3723);
#3725=EDGE_CURVE('',#407,#409,#3724,.T.);
#3726=DIRECTION('',(-0.052966286357548395,-0.09453010829090239,-0.9941119811852186));
#3727=VECTOR('',#3726,1000.0);
#3728=LINE('',#408,#3727);
#3729=EDGE_CURVE('',#409,#97,#3728,.T.);
#3730=ORIENTED_EDGE('',*,*,#3708,.F.);
#3731=ORIENTED_EDGE('',*,*,#3725,.T.);
#3732=ORIENTED_EDGE('',*,*,#3729,.T.);
#3733=DIRECTION('',(-0.8723902223896075,0.4888100856969005,0.0));
#3734=AXIS2_PLACEMENT_3D('',#96,#3733,#11);
#3735=PLANE('',#3734);
#3736=EDGE_LOOP('',(#3730,#3731,#3732));
#3737=FACE_BOUND('',#3736,.T.);
#3738=ADVANCED_FACE('',(#3737),#3735,.T.);
#3739=DIRECTION('',(0.0,0.0,-1.0));
#3740=VECTOR('',#3739,1000.0);
#3741=LINE('',#408,#3740);
#3742=EDGE_CURVE('',#409,#101,#3741,.T.);
#3743=DIRECTION('',(-0.48881008569690043,-0.8723902223896075,0.0));
#3744=VECTOR('',#3743,1000.0);
#3745=LINE('',#100,#3744);
#3746=EDGE_CURVE('',#101,#97,#3745,.T.);
#3747=ORIENTED_EDGE('',*,*,#3729,.F.);
#3748=ORIENTED_EDGE('',*,*,#3742,.T.);
#3749=ORIENTED_EDGE('',*,*,#3746,.T.);
#3750=DIRECTION('',(0.052966286357548395,0.09453010829090239,0.9941119811852186));
#3751=AXIS2_PLACEMENT_3D('',#96,#3733,#3750);
#3752=PLANE('',#3751);
#3753=EDGE_LOOP('',(#3747,#3748,#3749));
#3754=FACE_BOUND('',#3753,.T.);
#3755=ADVANCED_FACE('',(#3754),#3752,.T.);
#3756=DIRECTION('',(0.2734366596975502,0.9618900109333947,0.0));
#3757=VECTOR('',#3756,1000.0);
#3758=LINE('',#408,#3757);
#3759=EDGE_CURVE('',#409,#411,#3758,.T.);
#3760=DIRECTION('',(-0.029909448769310457,-0.10521486049290558,-0.9939996267633979));
#3761=VECTOR('',#3760,1000.0);
#3762=LINE('',#410,#3761);
#3763=EDGE_CURVE('',#411,#101,#3762,.T.);
#3764=ORIENTED_EDGE('',*,*,#3742,.F.);
#3765=ORIENTED_EDGE('',*,*,#3759,.T.);
#3766=ORIENTED_EDGE('',*,*,#3763,.T.);
#3767=DIRECTION('',(-0.9618900109333947,0.2734366596975502,0.0));
#3768=AXIS2_PLACEMENT_3D('',#100,#3767,#11);
#3769=PLANE('',#3768);
#3770=EDGE_LOOP('',(#3764,#3765,#3766));
#3771=FACE_BOUND('',#3770,.T.);
#3772=ADVANCED_FACE('',(#3771),#3769,.T.);
#3773=DIRECTION('',(0.0,0.0,-1.0));
#3774=VECTOR('',#3773,1000.0);
#3775=LINE('',#410,#3774);
#3776=EDGE_CURVE('',#411,#105,#3775,.T.);
#3777=DIRECTION('',(-0.2734366596975502,-0.9618900109333947,0.0));
#3778=VECTOR('',#3777,1000.0);
#3779=LINE('',#104,#3778);
#3780=EDGE_CURVE('',#105,#101,#3779,.T.);
#3781=ORIENTED_EDGE('',*,*,#3763,.F.);
#3782=ORIENTED_EDGE('',*,*,#3776,.T.);
#3783=ORIENTED_EDGE('',*,*,#3780,.T.);
#3784=DIRECTION('',(0.029909448769310457,0.10521486049290558,0.9939996267633979));
#3785=AXIS2_PLACEMENT_3D('',#100,#3767,#3784);
#3786=PLANE('',#3785);
#3787=EDGE_LOOP('',(#3781,#3782,#3783));
#3788=FACE_BOUND('',#3787,.T.);
#3789=ADVANCED_FACE('',(#3788),#3786,.T.);
#3790=DIRECTION('',(0.08320926832704122,0.9965320956519556,0.0));
#3791=VECTOR('',#3790,1000.0);
#3792=LINE('',#410,#3791);
#3793=EDGE_CURVE('',#411,#413,#3792,.T.);
#3794=DIRECTION('',(-0.009605355138900087,-0.11503579923846867,-0.9933149057807511));
#3795=VECTOR('',#3794,1000.0);
#3796=LINE('',#412,#3795);
#3797=EDGE_CURVE('',#413,#105,#3796,.T.);
#3798=ORIENTED_EDGE('',*,*,#3776,.F.);
#3799=ORIENTED_EDGE('',*,*,#3793,.T.);
#3800=ORIENTED_EDGE('',*,*,#3797,.T.);
#3801=DIRECTION('',(-0.9965320956519557,0.08320926832704124,0.0));
#3802=AXIS2_PLACEMENT_3D('',#104,#3801,#11);
#3803=PLANE('',#3802);
#3804=EDGE_LOOP('',(#3798,#3799,#3800));
#3805=FACE_BOUND('',#3804,.T.);
#3806=ADVANCED_FACE('',(#3805),#3803,.T.);
#3807=DIRECTION('',(0.0,0.0,-1.0));
#3808=VECTOR('',#3807,1000.0);
#3809=LINE('',#412,#3808);
#3810=EDGE_CURVE('',#413,#107,#3809,.T.);
#3811=DIRECTION('',(-0.08320926832704122,-0.9965320956519556,0.0));
#3812=VECTOR('',#3811,1000.0);
#3813=LINE('',#106,#3812);
#3814=EDGE_CURVE('',#107,#105,#3813,.T.);
#3815=ORIENTED_EDGE('',*,*,#3797,.F.);
#3816=ORIENTED_EDGE('',*,*,#3810,.T.);
#3817=ORIENTED_EDGE('',*,*,#3814,.T.);
#3818=DIRECTION('',(0.009605355138900087,0.11503579923846867,0.9933149057807511));
#3819=AXIS2_PLACEMENT_3D('',#104,#3801,#3818);
#3820=PLANE('',#3819);
#3821=EDGE_LOOP('',(#3815,#3816,#3817));
#3822=FACE_BOUND('',#3821,.T.);
#3823=ADVANCED_FACE('',(#3822),#3820,.T.);
#3824=DIRECTION('',(0.0,0.0,-1.0));
#3825=VECTOR('',#3824,1000.0);
#3826=LINE('',#414,#3825);
#3827=EDGE_CURVE('',#415,#115,#3826,.T.);
#3828=DIRECTION('',(0.9966839588979363,-0.08137005638155209,0.0));
#3829=VECTOR('',#3828,1000.0);
#3830=LINE('',#114,#3829);
#3831=EDGE_CURVE('',#115,#113,#3830,.T.);
#3832=DIRECTION('',(-0.09993384603821438,0.00815867719547351,0.99496063359433));
#3833=VECTOR('',#3832,1000.0);
#3834=LINE('',#112,#3833);
#3835=EDGE_CURVE('',#113,#415,#3834,.T.);
#3836=ORIENTED_EDGE('',*,*,#3827,.T.);
#3837=ORIENTED_EDGE('',*,*,#3831,.T.);
#3838=ORIENTED_EDGE('',*,*,#3835,.T.);
#3839=DIRECTION('',(-0.0813700563815521,-0.9966839588979363,-0.0));
#3840=DIRECTION('',(0.0,0.0,-1.0));
#3841=AXIS2_PLACEMENT_3D('',#414,#3839,#3840);
#3842=PLANE('',#3841);
#3843=EDGE_LOOP('',(#3836,#3837,#3838));
#3844=FACE_BOUND('',#3843,.T.);
#3845=ADVANCED_FACE('',(#3844),#3842,.T.);
#3846=LINE('',#112,#691);
#3847=EDGE_CURVE('',#113,#417,#3846,.T.);
#3848=DIRECTION('',(-0.9966839588979363,0.08137005638155209,0.0));
#3849=VECTOR('',#3848,1000.0);
#3850=LINE('',#416,#3849);
#3851=EDGE_CURVE('',#417,#415,#3850,.T.);
#3852=ORIENTED_EDGE('',*,*,#3835,.F.);
#3853=ORIENTED_EDGE('',*,*,#3847,.T.);
#3854=ORIENTED_EDGE('',*,*,#3851,.T.);
#3855=DIRECTION('',(-0.0813700563815521,-0.9966839588979363,0.0));
#3856=DIRECTION('',(0.09993384603821438,-0.00815867719547351,-0.99496063359433));
#3857=AXIS2_PLACEMENT_3D('',#414,#3855,#3856);
#3858=PLANE('',#3857);
#3859=EDGE_LOOP('',(#3852,#3853,#3854));
#3860=FACE_BOUND('',#3859,.T.);
#3861=ADVANCED_FACE('',(#3860),#3858,.T.);
#3862=LINE('',#112,#3356);
#3863=EDGE_CURVE('',#113,#111,#3862,.T.);
#3864=DIRECTION('',(-0.11073630608665615,0.03217392316242187,0.9933289028225349));
#3865=VECTOR('',#3864,1000.0);
#3866=LINE('',#110,#3865);
#3867=EDGE_CURVE('',#111,#417,#3866,.T.);
#3868=ORIENTED_EDGE('',*,*,#3847,.F.);
#3869=ORIENTED_EDGE('',*,*,#3863,.T.);
#3870=ORIENTED_EDGE('',*,*,#3867,.T.);
#3871=DIRECTION('',(-0.27900751740651525,-0.9602889175819187,-0.0));
#3872=DIRECTION('',(0.0,0.0,-1.0));
#3873=AXIS2_PLACEMENT_3D('',#416,#3871,#3872);
#3874=PLANE('',#3873);
#3875=EDGE_LOOP('',(#3868,#3869,#3870));
#3876=FACE_BOUND('',#3875,.T.);
#3877=ADVANCED_FACE('',(#3876),#3874,.T.);
#3878=LINE('',#110,#691);
#3879=EDGE_CURVE('',#111,#419,#3878,.T.);
#3880=VECTOR('',#3374,1000.0);
#3881=LINE('',#418,#3880);
#3882=EDGE_CURVE('',#419,#417,#3881,.T.);
#3883=ORIENTED_EDGE('',*,*,#3867,.F.);
#3884=ORIENTED_EDGE('',*,*,#3879,.T.);
#3885=ORIENTED_EDGE('',*,*,#3882,.T.);
#3886=DIRECTION('',(-0.27900751740651525,-0.9602889175819187,0.0));
#3887=DIRECTION('',(0.11073630608665615,-0.03217392316242187,-0.9933289028225349));
#3888=AXIS2_PLACEMENT_3D('',#416,#3886,#3887);
#3889=PLANE('',#3888);
#3890=EDGE_LOOP('',(#3883,#3884,#3885));
#3891=FACE_BOUND('',#3890,.T.);
#3892=ADVANCED_FACE('',(#3891),#3889,.T.);
#3893=DIRECTION('',(0.8666834299365586,-0.4988585293180848,0.0));
#3894=VECTOR('',#3893,1000.0);
#3895=LINE('',#110,#3894);
#3896=EDGE_CURVE('',#111,#89,#3895,.T.);
#3897=DIRECTION('',(-0.09441473125497046,0.05434463421466876,0.9940485497470058));
#3898=VECTOR('',#3897,1000.0);
#3899=LINE('',#88,#3898);
#3900=EDGE_CURVE('',#89,#419,#3899,.T.);
#3901=ORIENTED_EDGE('',*,*,#3879,.F.);
#3902=ORIENTED_EDGE('',*,*,#3896,.T.);
#3903=ORIENTED_EDGE('',*,*,#3900,.T.);
#3904=DIRECTION('',(-0.4988585293180847,-0.8666834299365586,-0.0));
#3905=DIRECTION('',(0.0,0.0,-1.0));
#3906=AXIS2_PLACEMENT_3D('',#418,#3904,#3905);
#3907=PLANE('',#3906);
#3908=EDGE_LOOP('',(#3901,#3902,#3903));
#3909=FACE_BOUND('',#3908,.T.);
#3910=ADVANCED_FACE('',(#3909),#3907,.T.);
#3911=LINE('',#88,#691);
#3912=EDGE_CURVE('',#89,#421,#3911,.T.);
#3913=DIRECTION('',(-0.8666834299365586,0.4988585293180848,0.0));
#3914=VECTOR('',#3913,1000.0);
#3915=LINE('',#420,#3914);
#3916=EDGE_CURVE('',#421,#419,#3915,.T.);
#3917=ORIENTED_EDGE('',*,*,#3900,.F.);
#3918=ORIENTED_EDGE('',*,*,#3912,.T.);
#3919=ORIENTED_EDGE('',*,*,#3916,.T.);
#3920=DIRECTION('',(-0.4988585293180847,-0.8666834299365586,0.0));
#3921=DIRECTION('',(0.09441473125497046,-0.05434463421466876,-0.9940485497470058));
#3922=AXIS2_PLACEMENT_3D('',#418,#3920,#3921);
#3923=PLANE('',#3922);
#3924=EDGE_LOOP('',(#3917,#3918,#3919));
#3925=FACE_BOUND('',#3924,.T.);
#3926=ADVANCED_FACE('',(#3925),#3923,.T.);
#3927=DIRECTION('',(0.7207824407580925,-0.693161361513181,0.0));
#3928=VECTOR('',#3927,1000.0);
#3929=LINE('',#88,#3928);
#3930=EDGE_CURVE('',#89,#53,#3929,.T.);
#3931=DIRECTION('',(-0.0895898262271016,0.08615665756229067,0.992245278847066));
#3932=VECTOR('',#3931,1000.0);
#3933=LINE('',#52,#3932);
#3934=EDGE_CURVE('',#53,#421,#3933,.T.);
#3935=ORIENTED_EDGE('',*,*,#3912,.F.);
#3936=ORIENTED_EDGE('',*,*,#3930,.T.);
#3937=ORIENTED_EDGE('',*,*,#3934,.T.);
#3938=DIRECTION('',(-0.6931613615131811,-0.7207824407580926,-0.0));
#3939=DIRECTION('',(0.0,0.0,-1.0));
#3940=AXIS2_PLACEMENT_3D('',#420,#3938,#3939);
#3941=PLANE('',#3940);
#3942=EDGE_LOOP('',(#3935,#3936,#3937));
#3943=FACE_BOUND('',#3942,.T.);
#3944=ADVANCED_FACE('',(#3943),#3941,.T.);
#3945=LINE('',#52,#691);
#3946=EDGE_CURVE('',#53,#423,#3945,.T.);
#3947=DIRECTION('',(-0.7207824407580925,0.693161361513181,0.0));
#3948=VECTOR('',#3947,1000.0);
#3949=LINE('',#422,#3948);
#3950=EDGE_CURVE('',#423,#421,#3949,.T.);
#3951=ORIENTED_EDGE('',*,*,#3934,.F.);
#3952=ORIENTED_EDGE('',*,*,#3946,.T.);
#3953=ORIENTED_EDGE('',*,*,#3950,.T.);
#3954=DIRECTION('',(-0.6931613615131811,-0.7207824407580926,0.0));
#3955=DIRECTION('',(0.0895898262271016,-0.08615665756229067,-0.992245278847066));
#3956=AXIS2_PLACEMENT_3D('',#420,#3954,#3955);
#3957=PLANE('',#3956);
#3958=EDGE_LOOP('',(#3951,#3952,#3953));
#3959=FACE_BOUND('',#3958,.T.);
#3960=ADVANCED_FACE('',(#3959),#3957,.T.);
#3961=DIRECTION('',(0.5311633499877169,-0.847269435085337,0.0));
#3962=VECTOR('',#3961,1000.0);
#3963=LINE('',#52,#3962);
#3964=EDGE_CURVE('',#53,#51,#3963,.T.);
#3965=DIRECTION('',(-0.05825642210280486,0.09292600072327625,0.9939672769630585));
#3966=VECTOR('',#3965,1000.0);
#3967=LINE('',#50,#3966);
#3968=EDGE_CURVE('',#51,#423,#3967,.T.);
#3969=ORIENTED_EDGE('',*,*,#3946,.F.);
#3970=ORIENTED_EDGE('',*,*,#3964,.T.);
#3971=ORIENTED_EDGE('',*,*,#3968,.T.);
#3972=DIRECTION('',(-0.847269435085337,-0.531163349987717,-0.0));
#3973=DIRECTION('',(0.0,0.0,-1.0));
#3974=AXIS2_PLACEMENT_3D('',#422,#3972,#3973);
#3975=PLANE('',#3974);
#3976=EDGE_LOOP('',(#3969,#3970,#3971));
#3977=FACE_BOUND('',#3976,.T.);
#3978=ADVANCED_FACE('',(#3977),#3975,.T.);
#3979=LINE('',#50,#691);
#3980=EDGE_CURVE('',#51,#425,#3979,.T.);
#3981=DIRECTION('',(-0.5311633499877169,0.847269435085337,0.0));
#3982=VECTOR('',#3981,1000.0);
#3983=LINE('',#424,#3982);
#3984=EDGE_CURVE('',#425,#423,#3983,.T.);
#3985=ORIENTED_EDGE('',*,*,#3968,.F.);
#3986=ORIENTED_EDGE('',*,*,#3980,.T.);
#3987=ORIENTED_EDGE('',*,*,#3984,.T.);
#3988=DIRECTION('',(-0.847269435085337,-0.531163349987717,0.0));
#3989=DIRECTION('',(0.05825642210280486,-0.09292600072327625,-0.9939672769630585));
#3990=AXIS2_PLACEMENT_3D('',#422,#3988,#3989);
#3991=PLANE('',#3990);
#3992=EDGE_LOOP('',(#3985,#3986,#3987));
#3993=FACE_BOUND('',#3992,.T.);
#3994=ADVANCED_FACE('',(#3993),#3991,.T.);
#3995=DIRECTION('',(0.320888063490976,-0.9471171261829296,0.0));
#3996=VECTOR('',#3995,1000.0);
#3997=LINE('',#50,#3996);
#3998=EDGE_CURVE('',#51,#109,#3997,.T.);
#3999=DIRECTION('',(-0.0381181774402934,0.11250770215576106,0.992919443612754));
#4000=VECTOR('',#3999,1000.0);
#4001=LINE('',#108,#4000);
#4002=EDGE_CURVE('',#109,#425,#4001,.T.);
#4003=ORIENTED_EDGE('',*,*,#3980,.F.);
#4004=ORIENTED_EDGE('',*,*,#3998,.T.);
#4005=ORIENTED_EDGE('',*,*,#4002,.T.);
#4006=DIRECTION('',(-0.9471171261829295,-0.320888063490976,-0.0));
#4007=DIRECTION('',(0.0,0.0,-1.0));
#4008=AXIS2_PLACEMENT_3D('',#424,#4006,#4007);
#4009=PLANE('',#4008);
#4010=EDGE_LOOP('',(#4003,#4004,#4005));
#4011=FACE_BOUND('',#4010,.T.);
#4012=ADVANCED_FACE('',(#4011),#4009,.T.);
#4013=LINE('',#108,#691);
#4014=EDGE_CURVE('',#109,#427,#4013,.T.);
#4015=DIRECTION('',(-0.320888063490976,0.9471171261829296,0.0));
#4016=VECTOR('',#4015,1000.0);
#4017=LINE('',#426,#4016);
#4018=EDGE_CURVE('',#427,#425,#4017,.T.);
#4019=ORIENTED_EDGE('',*,*,#4002,.F.);
#4020=ORIENTED_EDGE('',*,*,#4014,.T.);
#4021=ORIENTED_EDGE('',*,*,#4018,.T.);
#4022=DIRECTION('',(-0.9471171261829295,-0.320888063490976,0.0));
#4023=DIRECTION('',(0.0381181774402934,-0.11250770215576106,-0.992919443612754));
#4024=AXIS2_PLACEMENT_3D('',#424,#4022,#4023);
#4025=PLANE('',#4024);
#4026=EDGE_LOOP('',(#4019,#4020,#4021));
#4027=FACE_BOUND('',#4026,.T.);
#4028=ADVANCED_FACE('',(#4027),#4025,.T.);
#4029=DIRECTION('',(0.10063305549889184,-0.9949236091986947,0.0));
#4030=VECTOR('',#4029,1000.0);
#4031=LINE('',#108,#4030);
#4032=EDGE_CURVE('',#109,#107,#4031,.T.);
#4033=DIRECTION('',(-0.01423539747829167,0.14074036575025697,0.9899441918144269));
#4034=VECTOR('',#4033,1000.0);
#4035=LINE('',#106,#4034);
#4036=EDGE_CURVE('',#107,#427,#4035,.T.);
#4037=ORIENTED_EDGE('',*,*,#4014,.F.);
#4038=ORIENTED_EDGE('',*,*,#4032,.T.);
#4039=ORIENTED_EDGE('',*,*,#4036,.T.);
#4040=DIRECTION('',(-0.9949236091986947,-0.10063305549889186,-0.0));
#4041=DIRECTION('',(0.0,0.0,-1.0));
#4042=AXIS2_PLACEMENT_3D('',#426,#4040,#4041);
#4043=PLANE('',#4042);
#4044=EDGE_LOOP('',(#4037,#4038,#4039));
#4045=FACE_BOUND('',#4044,.T.);
#4046=ADVANCED_FACE('',(#4045),#4043,.T.);
#4047=DIRECTION('',(-0.10063305549889184,0.9949236091986947,0.0));
#4048=VECTOR('',#4047,1000.0);
#4049=LINE('',#412,#4048);
#4050=EDGE_CURVE('',#413,#427,#4049,.T.);
#4051=ORIENTED_EDGE('',*,*,#4036,.F.);
#4052=ORIENTED_EDGE('',*,*,#3810,.F.);
#4053=ORIENTED_EDGE('',*,*,#4050,.T.);
#4054=DIRECTION('',(-0.9949236091986947,-0.10063305549889186,0.0));
#4055=DIRECTION('',(0.01423539747829167,-0.14074036575025697,-0.9899441918144269));
#4056=AXIS2_PLACEMENT_3D('',#426,#4054,#4055);
#4057=PLANE('',#4056);
#4058=EDGE_LOOP('',(#4051,#4052,#4053));
#4059=FACE_BOUND('',#4058,.T.);
#4060=ADVANCED_FACE('',(#4059),#4057,.T.);
#4061=DIRECTION('',(0.0,0.0,-1.0));
#4062=VECTOR('',#4061,1000.0);
#4063=LINE('',#428,#4062);
#4064=EDGE_CURVE('',#429,#119,#4063,.T.);
#4065=DIRECTION('',(0.9650867005256734,0.2619306405682031,0.0));
#4066=VECTOR('',#4065,1000.0);
#4067=LINE('',#118,#4066);
#4068=EDGE_CURVE('',#119,#117,#4067,.T.);
#4069=DIRECTION('',(-0.11479909718848039,-0.031157201779748452,0.9928999929811492));
#4070=VECTOR('',#4069,1000.0);
#4071=LINE('',#116,#4070);
#4072=EDGE_CURVE('',#117,#429,#4071,.T.);
#4073=ORIENTED_EDGE('',*,*,#4064,.T.);
#4074=ORIENTED_EDGE('',*,*,#4068,.T.);
#4075=ORIENTED_EDGE('',*,*,#4072,.T.);
#4076=DIRECTION('',(0.2619306405682031,-0.9650867005256734,0.0));
#4077=DIRECTION('',(0.0,0.0,-1.0));
#4078=AXIS2_PLACEMENT_3D('',#428,#4076,#4077);
#4079=PLANE('',#4078);
#4080=EDGE_LOOP('',(#4073,#4074,#4075));
#4081=FACE_BOUND('',#4080,.T.);
#4082=ADVANCED_FACE('',(#4081),#4079,.T.);
#4083=LINE('',#116,#691);
#4084=EDGE_CURVE('',#117,#431,#4083,.T.);
#4085=DIRECTION('',(-0.9650867005256734,-0.2619306405682031,0.0));
#4086=VECTOR('',#4085,1000.0);
#4087=LINE('',#430,#4086);
#4088=EDGE_CURVE('',#431,#429,#4087,.T.);
#4089=ORIENTED_EDGE('',*,*,#4072,.F.);
#4090=ORIENTED_EDGE('',*,*,#4084,.T.);
#4091=ORIENTED_EDGE('',*,*,#4088,.T.);
#4092=DIRECTION('',(0.11479909718848039,0.031157201779748452,-0.9928999929811492));
#4093=AXIS2_PLACEMENT_3D('',#428,#4076,#4092);
#4094=PLANE('',#4093);
#4095=EDGE_LOOP('',(#4089,#4090,#4091));
#4096=FACE_BOUND('',#4095,.T.);
#4097=ADVANCED_FACE('',(#4096),#4094,.T.);
#4098=DIRECTION('',(0.997627960862828,0.06883641263659648,0.0));
#4099=VECTOR('',#4098,1000.0);
#4100=LINE('',#116,#4099);
#4101=EDGE_CURVE('',#117,#115,#4100,.T.);
#4102=DIRECTION('',(-0.11885736181042102,-0.008201167893693746,0.9928774689701877));
#4103=VECTOR('',#4102,1000.0);
#4104=LINE('',#114,#4103);
#4105=EDGE_CURVE('',#115,#431,#4104,.T.);
#4106=ORIENTED_EDGE('',*,*,#4084,.F.);
#4107=ORIENTED_EDGE('',*,*,#4101,.T.);
#4108=ORIENTED_EDGE('',*,*,#4105,.T.);
#4109=DIRECTION('',(0.0688364126365965,-0.997627960862828,0.0));
#4110=DIRECTION('',(0.0,0.0,-1.0));
#4111=AXIS2_PLACEMENT_3D('',#430,#4109,#4110);
#4112=PLANE('',#4111);
#4113=EDGE_LOOP('',(#4106,#4107,#4108));
#4114=FACE_BOUND('',#4113,.T.);
#4115=ADVANCED_FACE('',(#4114),#4112,.T.);
#4116=DIRECTION('',(-0.997627960862828,-0.06883641263659648,0.0));
#4117=VECTOR('',#4116,1000.0);
#4118=LINE('',#414,#4117);
#4119=EDGE_CURVE('',#415,#431,#4118,.T.);
#4120=ORIENTED_EDGE('',*,*,#4105,.F.);
#4121=ORIENTED_EDGE('',*,*,#3827,.F.);
#4122=ORIENTED_EDGE('',*,*,#4119,.T.);
#4123=DIRECTION('',(0.11885736181042102,0.008201167893693746,-0.9928774689701877));
#4124=AXIS2_PLACEMENT_3D('',#430,#4109,#4123);
#4125=PLANE('',#4124);
#4126=EDGE_LOOP('',(#4120,#4121,#4122));
#4127=FACE_BOUND('',#4126,.T.);
#4128=ADVANCED_FACE('',(#4127),#4125,.T.);
#4129=LINE('',#428,#483);
#4130=EDGE_CURVE('',#429,#433,#4129,.T.);
#4131=DIRECTION('',(0.0,0.1329492191886637,-0.991122850668435));
#4132=VECTOR('',#4131,1000.0);
#4133=LINE('',#432,#4132);
#4134=EDGE_CURVE('',#433,#119,#4133,.T.);
#4135=ORIENTED_EDGE('',*,*,#4130,.T.);
#4136=ORIENTED_EDGE('',*,*,#4134,.T.);
#4137=ORIENTED_EDGE('',*,*,#4064,.F.);
#4138=AXIS2_PLACEMENT_3D('',#428,#12,#482);
#4139=PLANE('',#4138);
#4140=EDGE_LOOP('',(#4135,#4136,#4137));
#4141=FACE_BOUND('',#4140,.T.);
#4142=ADVANCED_FACE('',(#4141),#4139,.T.);
#4143=DIRECTION('',(0.0,0.0,-1.0));
#4144=VECTOR('',#4143,1000.0);
#4145=LINE('',#432,#4144);
#4146=EDGE_CURVE('',#433,#121,#4145,.T.);
#4147=LINE('',#120,#504);
#4148=EDGE_CURVE('',#121,#119,#4147,.T.);
#4149=ORIENTED_EDGE('',*,*,#4134,.F.);
#4150=ORIENTED_EDGE('',*,*,#4146,.T.);
#4151=ORIENTED_EDGE('',*,*,#4148,.T.);
#4152=DIRECTION('',(0.0,-0.1329492191886637,0.991122850668435));
#4153=AXIS2_PLACEMENT_3D('',#118,#12,#4152);
#4154=PLANE('',#4153);
#4155=EDGE_LOOP('',(#4149,#4150,#4151));
#4156=FACE_BOUND('',#4155,.T.);
#4157=ADVANCED_FACE('',(#4156),#4154,.T.);
#4158=DIRECTION('',(0.0,0.0,-1.0));
#4159=VECTOR('',#4158,1000.0);
#4160=LINE('',#434,#4159);
#4161=EDGE_CURVE('',#435,#125,#4160,.T.);
#4162=DIRECTION('',(-0.9916676073290988,-0.12882296601996276,0.0));
#4163=VECTOR('',#4162,1000.0);
#4164=LINE('',#124,#4163);
#4165=EDGE_CURVE('',#125,#123,#4164,.T.);
#4166=DIRECTION('',(0.12064709413154817,0.01567270766217315,0.9925717328798708));
#4167=VECTOR('',#4166,1000.0);
#4168=LINE('',#122,#4167);
#4169=EDGE_CURVE('',#123,#435,#4168,.T.);
#4170=ORIENTED_EDGE('',*,*,#4161,.T.);
#4171=ORIENTED_EDGE('',*,*,#4165,.T.);
#4172=ORIENTED_EDGE('',*,*,#4169,.T.);
#4173=DIRECTION('',(-0.12882296601996276,0.9916676073290988,0.0));
#4174=DIRECTION('',(0.0,0.0,-1.0));
#4175=AXIS2_PLACEMENT_3D('',#434,#4173,#4174);
#4176=PLANE('',#4175);
#4177=EDGE_LOOP('',(#4170,#4171,#4172));
#4178=FACE_BOUND('',#4177,.T.);
#4179=ADVANCED_FACE('',(#4178),#4176,.T.);
#4180=LINE('',#122,#691);
#4181=EDGE_CURVE('',#123,#437,#4180,.T.);
#4182=DIRECTION('',(0.9916676073290988,0.12882296601996276,0.0));
#4183=VECTOR('',#4182,1000.0);
#4184=LINE('',#436,#4183);
#4185=EDGE_CURVE('',#437,#435,#4184,.T.);
#4186=ORIENTED_EDGE('',*,*,#4169,.F.);
#4187=ORIENTED_EDGE('',*,*,#4181,.T.);
#4188=ORIENTED_EDGE('',*,*,#4185,.T.);
#4189=DIRECTION('',(-0.12064709413154817,-0.01567270766217315,-0.9925717328798708));
#4190=AXIS2_PLACEMENT_3D('',#434,#4173,#4189);
#4191=PLANE('',#4190);
#4192=EDGE_LOOP('',(#4186,#4187,#4188));
#4193=FACE_BOUND('',#4192,.T.);
#4194=ADVANCED_FACE('',(#4193),#4191,.T.);
#4195=DIRECTION('',(-0.9192758396754486,-0.39361393596898864,0.0));
#4196=VECTOR('',#4195,1000.0);
#4197=LINE('',#122,#4196);
#4198=EDGE_CURVE('',#123,#121,#4197,.T.);
#4199=DIRECTION('',(0.1118038210501605,0.047871966346317824,0.9925765363117954));
#4200=VECTOR('',#4199,1000.0);
#4201=LINE('',#120,#4200);
#4202=EDGE_CURVE('',#121,#437,#4201,.T.);
#4203=ORIENTED_EDGE('',*,*,#4181,.F.);
#4204=ORIENTED_EDGE('',*,*,#4198,.T.);
#4205=ORIENTED_EDGE('',*,*,#4202,.T.);
#4206=DIRECTION('',(-0.3936139359689886,0.9192758396754486,0.0));
#4207=DIRECTION('',(0.0,0.0,-1.0));
#4208=AXIS2_PLACEMENT_3D('',#436,#4206,#4207);
#4209=PLANE('',#4208);
#4210=EDGE_LOOP('',(#4203,#4204,#4205));
#4211=FACE_BOUND('',#4210,.T.);
#4212=ADVANCED_FACE('',(#4211),#4209,.T.);
#4213=DIRECTION('',(0.9192758396754486,0.39361393596898864,0.0));
#4214=VECTOR('',#4213,1000.0);
#4215=LINE('',#432,#4214);
#4216=EDGE_CURVE('',#433,#437,#4215,.T.);
#4217=ORIENTED_EDGE('',*,*,#4202,.F.);
#4218=ORIENTED_EDGE('',*,*,#4146,.F.);
#4219=ORIENTED_EDGE('',*,*,#4216,.T.);
#4220=DIRECTION('',(-0.1118038210501605,-0.047871966346317824,-0.9925765363117954));
#4221=AXIS2_PLACEMENT_3D('',#436,#4206,#4220);
#4222=PLANE('',#4221);
#4223=EDGE_LOOP('',(#4217,#4218,#4219));
#4224=FACE_BOUND('',#4223,.T.);
#4225=ADVANCED_FACE('',(#4224),#4222,.T.);
#4226=DIRECTION('',(0.0,0.0,-1.0));
#4227=VECTOR('',#4226,1000.0);
#4228=LINE('',#438,#4227);
#4229=EDGE_CURVE('',#439,#67,#4228,.T.);
#4230=DIRECTION('',(-0.06118830696661746,0.9981262400571178,0.0));
#4231=VECTOR('',#4230,1000.0);
#4232=LINE('',#66,#4231);
#4233=EDGE_CURVE('',#67,#87,#4232,.T.);
#4234=DIRECTION('',(0.004755571728498832,-0.07757464071163313,0.9969752051360135));
#4235=VECTOR('',#4234,1000.0);
#4236=LINE('',#86,#4235);
#4237=EDGE_CURVE('',#87,#439,#4236,.T.);
#4238=ORIENTED_EDGE('',*,*,#4229,.T.);
#4239=ORIENTED_EDGE('',*,*,#4233,.T.);
#4240=ORIENTED_EDGE('',*,*,#4237,.T.);
#4241=DIRECTION('',(0.9981262400571178,0.061188306966617464,0.0));
#4242=DIRECTION('',(0.0,0.0,-1.0));
#4243=AXIS2_PLACEMENT_3D('',#438,#4241,#4242);
#4244=PLANE('',#4243);
#4245=EDGE_LOOP('',(#4238,#4239,#4240));
#4246=FACE_BOUND('',#4245,.T.);
#4247=ADVANCED_FACE('',(#4246),#4244,.T.);
#4248=LINE('',#86,#691);
#4249=EDGE_CURVE('',#87,#441,#4248,.T.);
#4250=DIRECTION('',(0.06118830696661746,-0.9981262400571178,0.0));
#4251=VECTOR('',#4250,1000.0);
#4252=LINE('',#440,#4251);
#4253=EDGE_CURVE('',#441,#439,#4252,.T.);
#4254=ORIENTED_EDGE('',*,*,#4237,.F.);
#4255=ORIENTED_EDGE('',*,*,#4249,.T.);
#4256=ORIENTED_EDGE('',*,*,#4253,.T.);
#4257=DIRECTION('',(0.9981262400571178,0.061188306966617464,-0.0));
#4258=DIRECTION('',(-0.004755571728498832,0.07757464071163313,-0.9969752051360135));
#4259=AXIS2_PLACEMENT_3D('',#438,#4257,#4258);
#4260=PLANE('',#4259);
#4261=EDGE_LOOP('',(#4254,#4255,#4256));
#4262=FACE_BOUND('',#4261,.T.);
#4263=ADVANCED_FACE('',(#4262),#4260,.T.);
#4264=VECTOR('',#2114,1000.0);
#4265=LINE('',#86,#4264);
#4266=EDGE_CURVE('',#87,#85,#4265,.T.);
#4267=DIRECTION('',(0.026499233763282254,-0.10640446265413966,0.9939697585627255));
#4268=VECTOR('',#4267,1000.0);
#4269=LINE('',#84,#4268);
#4270=EDGE_CURVE('',#85,#441,#4269,.T.);
#4271=ORIENTED_EDGE('',*,*,#4249,.F.);
#4272=ORIENTED_EDGE('',*,*,#4266,.T.);
#4273=ORIENTED_EDGE('',*,*,#4270,.T.);
#4274=DIRECTION('',(0.9703607217981032,0.24166106345761276,0.0));
#4275=DIRECTION('',(0.0,0.0,-1.0));
#4276=AXIS2_PLACEMENT_3D('',#440,#4274,#4275);
#4277=PLANE('',#4276);
#4278=EDGE_LOOP('',(#4271,#4272,#4273));
#4279=FACE_BOUND('',#4278,.T.);
#4280=ADVANCED_FACE('',(#4279),#4277,.T.);
#4281=LINE('',#84,#691);
#4282=EDGE_CURVE('',#85,#443,#4281,.T.);
#4283=LINE('',#442,#2091);
#4284=EDGE_CURVE('',#443,#441,#4283,.T.);
#4285=ORIENTED_EDGE('',*,*,#4270,.F.);
#4286=ORIENTED_EDGE('',*,*,#4282,.T.);
#4287=ORIENTED_EDGE('',*,*,#4284,.T.);
#4288=DIRECTION('',(0.9703607217981032,0.24166106345761276,-0.0));
#4289=DIRECTION('',(-0.026499233763282254,0.10640446265413966,-0.9939697585627255));
#4290=AXIS2_PLACEMENT_3D('',#440,#4288,#4289);
#4291=PLANE('',#4290);
#4292=EDGE_LOOP('',(#4285,#4286,#4287));
#4293=FACE_BOUND('',#4292,.T.);
#4294=ADVANCED_FACE('',(#4293),#4291,.T.);
#4295=DIRECTION('',(-0.4710447692218824,0.8821093046718779,0.0));
#4296=VECTOR('',#4295,1000.0);
#4297=LINE('',#84,#4296);
#4298=EDGE_CURVE('',#85,#65,#4297,.T.);
#4299=DIRECTION('',(0.04107296411239124,-0.07691592430554757,0.9961912227114057));
#4300=VECTOR('',#4299,1000.0);
#4301=LINE('',#64,#4300);
#4302=EDGE_CURVE('',#65,#443,#4301,.T.);
#4303=ORIENTED_EDGE('',*,*,#4282,.F.);
#4304=ORIENTED_EDGE('',*,*,#4298,.T.);
#4305=ORIENTED_EDGE('',*,*,#4302,.T.);
#4306=DIRECTION('',(0.8821093046718778,0.4710447692218823,0.0));
#4307=DIRECTION('',(0.0,0.0,-1.0));
#4308=AXIS2_PLACEMENT_3D('',#442,#4306,#4307);
#4309=PLANE('',#4308);
#4310=EDGE_LOOP('',(#4303,#4304,#4305));
#4311=FACE_BOUND('',#4310,.T.);
#4312=ADVANCED_FACE('',(#4311),#4309,.T.);
#4313=LINE('',#64,#691);
#4314=EDGE_CURVE('',#65,#445,#4313,.T.);
#4315=DIRECTION('',(0.4710447692218824,-0.8821093046718779,0.0));
#4316=VECTOR('',#4315,1000.0);
#4317=LINE('',#444,#4316);
#4318=EDGE_CURVE('',#445,#443,#4317,.T.);
#4319=ORIENTED_EDGE('',*,*,#4302,.F.);
#4320=ORIENTED_EDGE('',*,*,#4314,.T.);
#4321=ORIENTED_EDGE('',*,*,#4318,.T.);
#4322=DIRECTION('',(0.8821093046718778,0.4710447692218823,-0.0));
#4323=DIRECTION('',(-0.04107296411239124,0.07691592430554757,-0.9961912227114057));
#4324=AXIS2_PLACEMENT_3D('',#442,#4322,#4323);
#4325=PLANE('',#4324);
#4326=EDGE_LOOP('',(#4319,#4320,#4321));
#4327=FACE_BOUND('',#4326,.T.);
#4328=ADVANCED_FACE('',(#4327),#4325,.T.);
#4329=DIRECTION('',(-0.6712771277936743,0.7412064609142821,0.0));
#4330=VECTOR('',#4329,1000.0);
#4331=LINE('',#64,#4330);
#4332=EDGE_CURVE('',#65,#63,#4331,.T.);
#4333=DIRECTION('',(0.06013721599865025,-0.06640192432312056,0.9959790658935148));
#4334=VECTOR('',#4333,1000.0);
#4335=LINE('',#62,#4334);
#4336=EDGE_CURVE('',#63,#445,#4335,.T.);
#4337=ORIENTED_EDGE('',*,*,#4314,.F.);
#4338=ORIENTED_EDGE('',*,*,#4332,.T.);
#4339=ORIENTED_EDGE('',*,*,#4336,.T.);
#4340=DIRECTION('',(0.7412064609142821,0.6712771277936743,0.0));
#4341=DIRECTION('',(0.0,0.0,-1.0));
#4342=AXIS2_PLACEMENT_3D('',#444,#4340,#4341);
#4343=PLANE('',#4342);
#4344=EDGE_LOOP('',(#4337,#4338,#4339));
#4345=FACE_BOUND('',#4344,.T.);
#4346=ADVANCED_FACE('',(#4345),#4343,.T.);
#4347=LINE('',#62,#691);
#4348=EDGE_CURVE('',#63,#447,#4347,.T.);
#4349=DIRECTION('',(0.6712771277936743,-0.7412064609142821,0.0));
#4350=VECTOR('',#4349,1000.0);
#4351=LINE('',#446,#4350);
#4352=EDGE_CURVE('',#447,#445,#4351,.T.);
#4353=ORIENTED_EDGE('',*,*,#4336,.F.);
#4354=ORIENTED_EDGE('',*,*,#4348,.T.);
#4355=ORIENTED_EDGE('',*,*,#4352,.T.);
#4356=DIRECTION('',(0.7412064609142821,0.6712771277936743,-0.0));
#4357=DIRECTION('',(-0.06013721599865025,0.06640192432312056,-0.9959790658935148));
#4358=AXIS2_PLACEMENT_3D('',#444,#4356,#4357);
#4359=PLANE('',#4358);
#4360=EDGE_LOOP('',(#4353,#4354,#4355));
#4361=FACE_BOUND('',#4360,.T.);
#4362=ADVANCED_FACE('',(#4361),#4359,.T.);
#4363=DIRECTION('',(-0.8311995151044378,0.5559742494847649,0.0));
#4364=VECTOR('',#4363,1000.0);
#4365=LINE('',#62,#4364);
#4366=EDGE_CURVE('',#63,#59,#4365,.T.);
#4367=DIRECTION('',(0.0689812175141071,-0.04614028273480432,0.9965503830411304));
#4368=VECTOR('',#4367,1000.0);
#4369=LINE('',#58,#4368);
#4370=EDGE_CURVE('',#59,#447,#4369,.T.);
#4371=ORIENTED_EDGE('',*,*,#4348,.F.);
#4372=ORIENTED_EDGE('',*,*,#4366,.T.);
#4373=ORIENTED_EDGE('',*,*,#4370,.T.);
#4374=DIRECTION('',(0.5559742494847649,0.8311995151044378,0.0));
#4375=DIRECTION('',(0.0,0.0,-1.0));
#4376=AXIS2_PLACEMENT_3D('',#446,#4374,#4375);
#4377=PLANE('',#4376);
#4378=EDGE_LOOP('',(#4371,#4372,#4373));
#4379=FACE_BOUND('',#4378,.T.);
#4380=ADVANCED_FACE('',(#4379),#4377,.T.);
#4381=LINE('',#58,#691);
#4382=EDGE_CURVE('',#59,#449,#4381,.T.);
#4383=DIRECTION('',(0.8311995151044378,-0.5559742494847649,0.0));
#4384=VECTOR('',#4383,1000.0);
#4385=LINE('',#448,#4384);
#4386=EDGE_CURVE('',#449,#447,#4385,.T.);
#4387=ORIENTED_EDGE('',*,*,#4370,.F.);
#4388=ORIENTED_EDGE('',*,*,#4382,.T.);
#4389=ORIENTED_EDGE('',*,*,#4386,.T.);
#4390=DIRECTION('',(0.5559742494847649,0.8311995151044378,-0.0));
#4391=DIRECTION('',(-0.0689812175141071,0.04614028273480432,-0.9965503830411304));
#4392=AXIS2_PLACEMENT_3D('',#446,#4390,#4391);
#4393=PLANE('',#4392);
#4394=EDGE_LOOP('',(#4387,#4388,#4389));
#4395=FACE_BOUND('',#4394,.T.);
#4396=ADVANCED_FACE('',(#4395),#4393,.T.);
#4397=VECTOR('',#764,1000.0);
#4398=LINE('',#58,#4397);
#4399=EDGE_CURVE('',#59,#57,#4398,.T.);
#4400=DIRECTION('',(0.07461414206840394,-0.026924889475852896,0.9968489254295805));
#4401=VECTOR('',#4400,1000.0);
#4402=LINE('',#56,#4401);
#4403=EDGE_CURVE('',#57,#449,#4402,.T.);
#4404=ORIENTED_EDGE('',*,*,#4382,.F.);
#4405=ORIENTED_EDGE('',*,*,#4399,.T.);
#4406=ORIENTED_EDGE('',*,*,#4403,.T.);
#4407=DIRECTION('',(0.0,0.0,-1.0));
#4408=AXIS2_PLACEMENT_3D('',#448,#753,#4407);
#4409=PLANE('',#4408);
#4410=EDGE_LOOP('',(#4404,#4405,#4406));
#4411=FACE_BOUND('',#4410,.T.);
#4412=ADVANCED_FACE('',(#4411),#4409,.T.);
#4413=LINE('',#56,#691);
#4414=EDGE_CURVE('',#57,#451,#4413,.T.);
#4415=DIRECTION('',(0.9406308208769671,-0.33943137570991133,0.0));
#4416=VECTOR('',#4415,1000.0);
#4417=LINE('',#450,#4416);
#4418=EDGE_CURVE('',#451,#449,#4417,.T.);
#4419=ORIENTED_EDGE('',*,*,#4403,.F.);
#4420=ORIENTED_EDGE('',*,*,#4414,.T.);
#4421=ORIENTED_EDGE('',*,*,#4418,.T.);
#4422=DIRECTION('',(0.3394313757099114,0.9406308208769671,-0.0));
#4423=DIRECTION('',(-0.07461414206840394,0.026924889475852896,-0.9968489254295805));
#4424=AXIS2_PLACEMENT_3D('',#448,#4422,#4423);
#4425=PLANE('',#4424);
#4426=EDGE_LOOP('',(#4419,#4420,#4421));
#4427=FACE_BOUND('',#4426,.T.);
#4428=ADVANCED_FACE('',(#4427),#4425,.T.);
#4429=DIRECTION('',(-0.9937500833053251,0.11162782776108994,0.0));
#4430=VECTOR('',#4429,1000.0);
#4431=LINE('',#56,#4430);
#4432=EDGE_CURVE('',#57,#125,#4431,.T.);
#4433=DIRECTION('',(0.09798025336476957,-0.011006110117960119,0.9951274971030832));
#4434=VECTOR('',#4433,1000.0);
#4435=LINE('',#124,#4434);
#4436=EDGE_CURVE('',#125,#451,#4435,.T.);
#4437=ORIENTED_EDGE('',*,*,#4414,.F.);
#4438=ORIENTED_EDGE('',*,*,#4432,.T.);
#4439=ORIENTED_EDGE('',*,*,#4436,.T.);
#4440=DIRECTION('',(0.11162782776108993,0.9937500833053251,0.0));
#4441=DIRECTION('',(0.0,0.0,-1.0));
#4442=AXIS2_PLACEMENT_3D('',#450,#4440,#4441);
#4443=PLANE('',#4442);
#4444=EDGE_LOOP('',(#4437,#4438,#4439));
#4445=FACE_BOUND('',#4444,.T.);
#4446=ADVANCED_FACE('',(#4445),#4443,.T.);
#4447=DIRECTION('',(0.9937500833053251,-0.11162782776108994,0.0));
#4448=VECTOR('',#4447,1000.0);
#4449=LINE('',#434,#4448);
#4450=EDGE_CURVE('',#435,#451,#4449,.T.);
#4451=ORIENTED_EDGE('',*,*,#4436,.F.);
#4452=ORIENTED_EDGE('',*,*,#4161,.F.);
#4453=ORIENTED_EDGE('',*,*,#4450,.T.);
#4454=DIRECTION('',(0.11162782776108993,0.9937500833053251,-0.0));
#4455=DIRECTION('',(-0.09798025336476957,0.011006110117960119,-0.9951274971030832));
#4456=AXIS2_PLACEMENT_3D('',#450,#4454,#4455);
#4457=PLANE('',#4456);
#4458=EDGE_LOOP('',(#4451,#4452,#4453));
#4459=FACE_BOUND('',#4458,.T.);
#4460=ADVANCED_FACE('',(#4459),#4457,.T.);
#4461=DIRECTION('',(0.0,0.0,-1.0));
#4462=VECTOR('',#4461,1000.0);
#4463=LINE('',#452,#4462);
#4464=EDGE_CURVE('',#453,#75,#4463,.T.);
#4465=DIRECTION('',(0.9937583633802977,0.11155409096806806,0.0));
#4466=VECTOR('',#4465,1000.0);
#4467=LINE('',#74,#4466);
#4468=EDGE_CURVE('',#75,#73,#4467,.T.);
#4469=DIRECTION('',(-0.09286189058484788,-0.010424187781959434,0.995624429986576));
#4470=VECTOR('',#4469,1000.0);
#4471=LINE('',#72,#4470);
#4472=EDGE_CURVE('',#73,#453,#4471,.T.);
#4473=ORIENTED_EDGE('',*,*,#4464,.T.);
#4474=ORIENTED_EDGE('',*,*,#4468,.T.);
#4475=ORIENTED_EDGE('',*,*,#4472,.T.);
#4476=DIRECTION('',(0.11155409096806808,-0.9937583633802979,0.0));
#4477=DIRECTION('',(0.0,0.0,-1.0));
#4478=AXIS2_PLACEMENT_3D('',#452,#4476,#4477);
#4479=PLANE('',#4478);
#4480=EDGE_LOOP('',(#4473,#4474,#4475));
#4481=FACE_BOUND('',#4480,.T.);
#4482=ADVANCED_FACE('',(#4481),#4479,.T.);
#4483=LINE('',#72,#691);
#4484=EDGE_CURVE('',#73,#455,#4483,.T.);
#4485=DIRECTION('',(-0.9937583633802977,-0.11155409096806806,0.0));
#4486=VECTOR('',#4485,1000.0);
#4487=LINE('',#454,#4486);
#4488=EDGE_CURVE('',#455,#453,#4487,.T.);
#4489=ORIENTED_EDGE('',*,*,#4472,.F.);
#4490=ORIENTED_EDGE('',*,*,#4484,.T.);
#4491=ORIENTED_EDGE('',*,*,#4488,.T.);
#4492=DIRECTION('',(0.09286189058484788,0.010424187781959434,-0.995624429986576));
#4493=AXIS2_PLACEMENT_3D('',#452,#4476,#4492);
#4494=PLANE('',#4493);
#4495=EDGE_LOOP('',(#4489,#4490,#4491));
#4496=FACE_BOUND('',#4495,.T.);
#4497=ADVANCED_FACE('',(#4496),#4494,.T.);
#4498=DIRECTION('',(0.9384552045048921,0.3454009686403344,0.0));
#4499=VECTOR('',#4498,1000.0);
#4500=LINE('',#72,#4499);
#4501=EDGE_CURVE('',#73,#77,#4500,.T.);
#4502=DIRECTION('',(-0.07265130908579946,-0.026739510219310262,0.9969988896088857));
#4503=VECTOR('',#4502,1000.0);
#4504=LINE('',#76,#4503);
#4505=EDGE_CURVE('',#77,#455,#4504,.T.);
#4506=ORIENTED_EDGE('',*,*,#4484,.F.);
#4507=ORIENTED_EDGE('',*,*,#4501,.T.);
#4508=ORIENTED_EDGE('',*,*,#4505,.T.);
#4509=DIRECTION('',(0.34540096864033437,-0.9384552045048921,0.0));
#4510=DIRECTION('',(0.0,0.0,-1.0));
#4511=AXIS2_PLACEMENT_3D('',#454,#4509,#4510);
#4512=PLANE('',#4511);
#4513=EDGE_LOOP('',(#4506,#4507,#4508));
#4514=FACE_BOUND('',#4513,.T.);
#4515=ADVANCED_FACE('',(#4514),#4512,.T.);
#4516=LINE('',#76,#691);
#4517=EDGE_CURVE('',#77,#457,#4516,.T.);
#4518=DIRECTION('',(-0.9384552045048921,-0.3454009686403344,0.0));
#4519=VECTOR('',#4518,1000.0);
#4520=LINE('',#456,#4519);
#4521=EDGE_CURVE('',#457,#455,#4520,.T.);
#4522=ORIENTED_EDGE('',*,*,#4505,.F.);
#4523=ORIENTED_EDGE('',*,*,#4517,.T.);
#4524=ORIENTED_EDGE('',*,*,#4521,.T.);
#4525=DIRECTION('',(0.07265130908579946,0.026739510219310262,-0.9969988896088857));
#4526=AXIS2_PLACEMENT_3D('',#454,#4509,#4525);
#4527=PLANE('',#4526);
#4528=EDGE_LOOP('',(#4522,#4523,#4524));
#4529=FACE_BOUND('',#4528,.T.);
#4530=ADVANCED_FACE('',(#4529),#4527,.T.);
#4531=DIRECTION('',(0.8291915522529372,0.5589645513557765,0.0));
#4532=VECTOR('',#4531,1000.0);
#4533=LINE('',#76,#4532);
#4534=EDGE_CURVE('',#77,#79,#4533,.T.);
#4535=DIRECTION('',(-0.06120260253315567,-0.0412571560501328,0.9972723241511436));
#4536=VECTOR('',#4535,1000.0);
#4537=LINE('',#78,#4536);
#4538=EDGE_CURVE('',#79,#457,#4537,.T.);
#4539=ORIENTED_EDGE('',*,*,#4517,.F.);
#4540=ORIENTED_EDGE('',*,*,#4534,.T.);
#4541=ORIENTED_EDGE('',*,*,#4538,.T.);
#4542=DIRECTION('',(0.5589645513557766,-0.8291915522529372,0.0));
#4543=DIRECTION('',(0.0,0.0,-1.0));
#4544=AXIS2_PLACEMENT_3D('',#456,#4542,#4543);
#4545=PLANE('',#4544);
#4546=EDGE_LOOP('',(#4539,#4540,#4541));
#4547=FACE_BOUND('',#4546,.T.);
#4548=ADVANCED_FACE('',(#4547),#4545,.T.);
#4549=LINE('',#78,#691);
#4550=EDGE_CURVE('',#79,#459,#4549,.T.);
#4551=DIRECTION('',(-0.8291915522529372,-0.5589645513557765,0.0));
#4552=VECTOR('',#4551,1000.0);
#4553=LINE('',#458,#4552);
#4554=EDGE_CURVE('',#459,#457,#4553,.T.);
#4555=ORIENTED_EDGE('',*,*,#4538,.F.);
#4556=ORIENTED_EDGE('',*,*,#4550,.T.);
#4557=ORIENTED_EDGE('',*,*,#4554,.T.);
#4558=DIRECTION('',(0.06120260253315567,0.0412571560501328,-0.9972723241511436));
#4559=AXIS2_PLACEMENT_3D('',#456,#4542,#4558);
#4560=PLANE('',#4559);
#4561=EDGE_LOOP('',(#4555,#4556,#4557));
#4562=FACE_BOUND('',#4561,.T.);
#4563=ADVANCED_FACE('',(#4562),#4560,.T.);
#4564=DIRECTION('',(0.6880170492669073,0.7256945224528418,0.0));
#4565=VECTOR('',#4564,1000.0);
#4566=LINE('',#78,#4565);
#4567=EDGE_CURVE('',#79,#81,#4566,.T.);
#4568=DIRECTION('',(-0.046821204479258215,-0.04938524657411631,0.9976817489720483));
#4569=VECTOR('',#4568,1000.0);
#4570=LINE('',#80,#4569);
#4571=EDGE_CURVE('',#81,#459,#4570,.T.);
#4572=ORIENTED_EDGE('',*,*,#4550,.F.);
#4573=ORIENTED_EDGE('',*,*,#4567,.T.);
#4574=ORIENTED_EDGE('',*,*,#4571,.T.);
#4575=DIRECTION('',(0.7256945224528417,-0.6880170492669073,0.0));
#4576=DIRECTION('',(0.0,0.0,-1.0));
#4577=AXIS2_PLACEMENT_3D('',#458,#4575,#4576);
#4578=PLANE('',#4577);
#4579=EDGE_LOOP('',(#4572,#4573,#4574));
#4580=FACE_BOUND('',#4579,.T.);
#4581=ADVANCED_FACE('',(#4580),#4578,.T.);
#4582=LINE('',#80,#691);
#4583=EDGE_CURVE('',#81,#461,#4582,.T.);
#4584=DIRECTION('',(-0.6880170492669073,-0.7256945224528418,0.0));
#4585=VECTOR('',#4584,1000.0);
#4586=LINE('',#460,#4585);
#4587=EDGE_CURVE('',#461,#459,#4586,.T.);
#4588=ORIENTED_EDGE('',*,*,#4571,.F.);
#4589=ORIENTED_EDGE('',*,*,#4583,.T.);
#4590=ORIENTED_EDGE('',*,*,#4587,.T.);
#4591=DIRECTION('',(0.046821204479258215,0.04938524657411631,-0.9976817489720483));
#4592=AXIS2_PLACEMENT_3D('',#458,#4575,#4591);
#4593=PLANE('',#4592);
#4594=EDGE_LOOP('',(#4588,#4589,#4590));
#4595=FACE_BOUND('',#4594,.T.);
#4596=ADVANCED_FACE('',(#4595),#4593,.T.);
#4597=DIRECTION('',(0.5121805277282913,0.8588778184444917,0.0));
#4598=VECTOR('',#4597,1000.0);
#4599=LINE('',#80,#4598);
#4600=EDGE_CURVE('',#81,#71,#4599,.T.);
#4601=DIRECTION('',(-0.04121589846993579,-0.06911512454426479,0.9967569158388351));
#4602=VECTOR('',#4601,1000.0);
#4603=LINE('',#70,#4602);
#4604=EDGE_CURVE('',#71,#461,#4603,.T.);
#4605=ORIENTED_EDGE('',*,*,#4583,.F.);
#4606=ORIENTED_EDGE('',*,*,#4600,.T.);
#4607=ORIENTED_EDGE('',*,*,#4604,.T.);
#4608=DIRECTION('',(0.8588778184444916,-0.5121805277282913,0.0));
#4609=DIRECTION('',(0.0,0.0,-1.0));
#4610=AXIS2_PLACEMENT_3D('',#460,#4608,#4609);
#4611=PLANE('',#4610);
#4612=EDGE_LOOP('',(#4605,#4606,#4607));
#4613=FACE_BOUND('',#4612,.T.);
#4614=ADVANCED_FACE('',(#4613),#4611,.T.);
#4615=LINE('',#70,#691);
#4616=EDGE_CURVE('',#71,#463,#4615,.T.);
#4617=DIRECTION('',(-0.5121805277282913,-0.8588778184444917,0.0));
#4618=VECTOR('',#4617,1000.0);
#4619=LINE('',#462,#4618);
#4620=EDGE_CURVE('',#463,#461,#4619,.T.);
#4621=ORIENTED_EDGE('',*,*,#4604,.F.);
#4622=ORIENTED_EDGE('',*,*,#4616,.T.);
#4623=ORIENTED_EDGE('',*,*,#4620,.T.);
#4624=DIRECTION('',(0.04121589846993579,0.06911512454426479,-0.9967569158388351));
#4625=AXIS2_PLACEMENT_3D('',#460,#4608,#4624);
#4626=PLANE('',#4625);
#4627=EDGE_LOOP('',(#4621,#4622,#4623));
#4628=FACE_BOUND('',#4627,.T.);
#4629=ADVANCED_FACE('',(#4628),#4626,.T.);
#4630=DIRECTION('',(0.3011897261652979,0.9535642342561265,0.0));
#4631=VECTOR('',#4630,1000.0);
#4632=LINE('',#70,#4631);
#4633=EDGE_CURVE('',#71,#69,#4632,.T.);
#4634=DIRECTION('',(-0.02706012020376151,-0.085672121454824,0.9959558411395497));
#4635=VECTOR('',#4634,1000.0);
#4636=LINE('',#68,#4635);
#4637=EDGE_CURVE('',#69,#463,#4636,.T.);
#4638=ORIENTED_EDGE('',*,*,#4616,.F.);
#4639=ORIENTED_EDGE('',*,*,#4633,.T.);
#4640=ORIENTED_EDGE('',*,*,#4637,.T.);
#4641=DIRECTION('',(0.9535642342561266,-0.3011897261652979,0.0));
#4642=DIRECTION('',(0.0,0.0,-1.0));
#4643=AXIS2_PLACEMENT_3D('',#462,#4641,#4642);
#4644=PLANE('',#4643);
#4645=EDGE_LOOP('',(#4638,#4639,#4640));
#4646=FACE_BOUND('',#4645,.T.);
#4647=ADVANCED_FACE('',(#4646),#4644,.T.);
#4648=LINE('',#68,#691);
#4649=EDGE_CURVE('',#69,#465,#4648,.T.);
#4650=DIRECTION('',(-0.3011897261652979,-0.9535642342561265,0.0));
#4651=VECTOR('',#4650,1000.0);
#4652=LINE('',#464,#4651);
#4653=EDGE_CURVE('',#465,#463,#4652,.T.);
#4654=ORIENTED_EDGE('',*,*,#4637,.F.);
#4655=ORIENTED_EDGE('',*,*,#4649,.T.);
#4656=ORIENTED_EDGE('',*,*,#4653,.T.);
#4657=DIRECTION('',(0.02706012020376151,0.085672121454824,-0.9959558411395497));
#4658=AXIS2_PLACEMENT_3D('',#462,#4641,#4657);
#4659=PLANE('',#4658);
#4660=EDGE_LOOP('',(#4654,#4655,#4656));
#4661=FACE_BOUND('',#4660,.T.);
#4662=ADVANCED_FACE('',(#4661),#4659,.T.);
#4663=DIRECTION('',(0.0931726024329803,0.9956499717048486,0.0));
#4664=VECTOR('',#4663,1000.0);
#4665=LINE('',#68,#4664);
#4666=EDGE_CURVE('',#69,#67,#4665,.T.);
#4667=DIRECTION('',(-0.010070653877226507,-0.1076158225281115,0.9941415476038022));
#4668=VECTOR('',#4667,1000.0);
#4669=LINE('',#66,#4668);
#4670=EDGE_CURVE('',#67,#465,#4669,.T.);
#4671=ORIENTED_EDGE('',*,*,#4649,.F.);
#4672=ORIENTED_EDGE('',*,*,#4666,.T.);
#4673=ORIENTED_EDGE('',*,*,#4670,.T.);
#4674=DIRECTION('',(0.9956499717048486,-0.09317260243298028,0.0));
#4675=DIRECTION('',(0.0,0.0,-1.0));
#4676=AXIS2_PLACEMENT_3D('',#464,#4674,#4675);
#4677=PLANE('',#4676);
#4678=EDGE_LOOP('',(#4671,#4672,#4673));
#4679=FACE_BOUND('',#4678,.T.);
#4680=ADVANCED_FACE('',(#4679),#4677,.T.);
#4681=DIRECTION('',(-0.0931726024329803,-0.9956499717048486,0.0));
#4682=VECTOR('',#4681,1000.0);
#4683=LINE('',#438,#4682);
#4684=EDGE_CURVE('',#439,#465,#4683,.T.);
#4685=ORIENTED_EDGE('',*,*,#4670,.F.);
#4686=ORIENTED_EDGE('',*,*,#4229,.F.);
#4687=ORIENTED_EDGE('',*,*,#4684,.T.);
#4688=DIRECTION('',(0.010070653877226507,0.1076158225281115,-0.9941415476038022));
#4689=AXIS2_PLACEMENT_3D('',#464,#4674,#4688);
#4690=PLANE('',#4689);
#4691=EDGE_LOOP('',(#4685,#4686,#4687));
#4692=FACE_BOUND('',#4691,.T.);
#4693=ADVANCED_FACE('',(#4692),#4690,.T.);
#4694=DIRECTION('',(0.8746863056153048,-0.48468945394865925,0.0));
#4695=VECTOR('',#4694,1000.0);
#4696=LINE('',#28,#4695);
#4697=EDGE_CURVE('',#29,#61,#4696,.T.);
#4698=DIRECTION('',(-0.017916240391029785,0.009927916689895408,0.9997902003922869));
#4699=VECTOR('',#4698,1000.0);
#4700=LINE('',#60,#4699);
#4701=EDGE_CURVE('',#61,#391,#4700,.T.);
#4702=ORIENTED_EDGE('',*,*,#3429,.F.);
#4703=ORIENTED_EDGE('',*,*,#4697,.T.);
#4704=ORIENTED_EDGE('',*,*,#4701,.T.);
#4705=DIRECTION('',(-0.48468945394865937,-0.8746863056153048,-0.0));
#4706=DIRECTION('',(0.0,0.0,-1.0));
#4707=AXIS2_PLACEMENT_3D('',#390,#4705,#4706);
#4708=PLANE('',#4707);
#4709=EDGE_LOOP('',(#4702,#4703,#4704));
#4710=FACE_BOUND('',#4709,.T.);
#4711=ADVANCED_FACE('',(#4710),#4708,.T.);
#4712=LINE('',#60,#691);
#4713=EDGE_CURVE('',#61,#467,#4712,.T.);
#4714=DIRECTION('',(-0.8746863056153048,0.48468945394865925,0.0));
#4715=VECTOR('',#4714,1000.0);
#4716=LINE('',#466,#4715);
#4717=EDGE_CURVE('',#467,#391,#4716,.T.);
#4718=ORIENTED_EDGE('',*,*,#4701,.F.);
#4719=ORIENTED_EDGE('',*,*,#4713,.T.);
#4720=ORIENTED_EDGE('',*,*,#4717,.T.);
#4721=DIRECTION('',(-0.48468945394865937,-0.8746863056153048,0.0));
#4722=DIRECTION('',(0.017916240391029785,-0.009927916689895408,-0.9997902003922869));
#4723=AXIS2_PLACEMENT_3D('',#390,#4721,#4722);
#4724=PLANE('',#4723);
#4725=EDGE_LOOP('',(#4718,#4719,#4720));
#4726=FACE_BOUND('',#4725,.T.);
#4727=ADVANCED_FACE('',(#4726),#4724,.T.);
#4728=DIRECTION('',(0.9374689731854694,-0.3480688499630233,0.0));
#4729=VECTOR('',#4728,1000.0);
#4730=LINE('',#60,#4729);
#4731=EDGE_CURVE('',#61,#83,#4730,.T.);
#4732=DIRECTION('',(-0.1053386394531383,0.039110733410768095,0.9936670073874012));
#4733=VECTOR('',#4732,1000.0);
#4734=LINE('',#82,#4733);
#4735=EDGE_CURVE('',#83,#467,#4734,.T.);
#4736=ORIENTED_EDGE('',*,*,#4713,.F.);
#4737=ORIENTED_EDGE('',*,*,#4731,.T.);
#4738=ORIENTED_EDGE('',*,*,#4735,.T.);
#4739=DIRECTION('',(-0.3480688499630233,-0.9374689731854694,-0.0));
#4740=DIRECTION('',(0.0,0.0,-1.0));
#4741=AXIS2_PLACEMENT_3D('',#466,#4739,#4740);
#4742=PLANE('',#4741);
#4743=EDGE_LOOP('',(#4736,#4737,#4738));
#4744=FACE_BOUND('',#4743,.T.);
#4745=ADVANCED_FACE('',(#4744),#4742,.T.);
#4746=LINE('',#82,#691);
#4747=EDGE_CURVE('',#83,#469,#4746,.T.);
#4748=DIRECTION('',(-0.9374689731854694,0.3480688499630233,0.0));
#4749=VECTOR('',#4748,1000.0);
#4750=LINE('',#468,#4749);
#4751=EDGE_CURVE('',#469,#467,#4750,.T.);
#4752=ORIENTED_EDGE('',*,*,#4735,.F.);
#4753=ORIENTED_EDGE('',*,*,#4747,.T.);
#4754=ORIENTED_EDGE('',*,*,#4751,.T.);
#4755=DIRECTION('',(-0.3480688499630233,-0.9374689731854694,0.0));
#4756=DIRECTION('',(0.1053386394531383,-0.039110733410768095,-0.9936670073874012));
#4757=AXIS2_PLACEMENT_3D('',#466,#4755,#4756);
#4758=PLANE('',#4757);
#4759=EDGE_LOOP('',(#4752,#4753,#4754));
#4760=FACE_BOUND('',#4759,.T.);
#4761=ADVANCED_FACE('',(#4760),#4758,.T.);
#4762=DIRECTION('',(0.9938910373793489,-0.11036578191179426,0.0));
#4763=VECTOR('',#4762,1000.0);
#4764=LINE('',#82,#4763);
#4765=EDGE_CURVE('',#83,#75,#4764,.T.);
#4766=DIRECTION('',(-0.1315717523346382,0.014610272935155662,0.9911989779617173));
#4767=VECTOR('',#4766,1000.0);
#4768=LINE('',#74,#4767);
#4769=EDGE_CURVE('',#75,#469,#4768,.T.);
#4770=ORIENTED_EDGE('',*,*,#4747,.F.);
#4771=ORIENTED_EDGE('',*,*,#4765,.T.);
#4772=ORIENTED_EDGE('',*,*,#4769,.T.);
#4773=DIRECTION('',(-0.11036578191179428,-0.9938910373793489,-0.0));
#4774=DIRECTION('',(0.0,0.0,-1.0));
#4775=AXIS2_PLACEMENT_3D('',#468,#4773,#4774);
#4776=PLANE('',#4775);
#4777=EDGE_LOOP('',(#4770,#4771,#4772));
#4778=FACE_BOUND('',#4777,.T.);
#4779=ADVANCED_FACE('',(#4778),#4776,.T.);
#4780=DIRECTION('',(-0.9938910373793489,0.11036578191179426,0.0));
#4781=VECTOR('',#4780,1000.0);
#4782=LINE('',#452,#4781);
#4783=EDGE_CURVE('',#453,#469,#4782,.T.);
#4784=ORIENTED_EDGE('',*,*,#4769,.F.);
#4785=ORIENTED_EDGE('',*,*,#4464,.F.);
#4786=ORIENTED_EDGE('',*,*,#4783,.T.);
#4787=DIRECTION('',(-0.11036578191179428,-0.9938910373793489,0.0));
#4788=DIRECTION('',(0.1315717523346382,-0.014610272935155662,-0.9911989779617173));
#4789=AXIS2_PLACEMENT_3D('',#468,#4787,#4788);
#4790=PLANE('',#4789);
#4791=EDGE_LOOP('',(#4784,#4785,#4786));
#4792=FACE_BOUND('',#4791,.T.);
#4793=ADVANCED_FACE('',(#4792),#4790,.T.);
#4794=DIRECTION('',(-0.5282328654379015,-0.8490995465028018,0.0));
#4795=VECTOR('',#4794,1000.0);
#4796=LINE('',#454,#4795);
#4797=EDGE_CURVE('',#455,#397,#4796,.T.);
#4798=VECTOR('',#998,1000.0);
#4799=LINE('',#396,#4798);
#4800=EDGE_CURVE('',#397,#453,#4799,.T.);
#4801=ORIENTED_EDGE('',*,*,#4797,.T.);
#4802=ORIENTED_EDGE('',*,*,#4800,.T.);
#4803=ORIENTED_EDGE('',*,*,#4488,.F.);
#4804=AXIS2_PLACEMENT_3D('',#454,#1054,#4794);
#4805=PLANE('',#4804);
#4806=EDGE_LOOP('',(#4801,#4802,#4803));
#4807=FACE_BOUND('',#4806,.T.);
#4808=ADVANCED_FACE('',(#4807),#4805,.T.);
#4809=DIRECTION('',(0.08081097076143208,0.996729445238072,0.0));
#4810=VECTOR('',#4809,1000.0);
#4811=LINE('',#398,#4810);
#4812=EDGE_CURVE('',#399,#453,#4811,.T.);
#4813=ORIENTED_EDGE('',*,*,#4800,.F.);
#4814=ORIENTED_EDGE('',*,*,#3496,.F.);
#4815=ORIENTED_EDGE('',*,*,#4812,.T.);
#4816=AXIS2_PLACEMENT_3D('',#452,#950,#973);
#4817=PLANE('',#4816);
#4818=EDGE_LOOP('',(#4813,#4814,#4815));
#4819=FACE_BOUND('',#4818,.T.);
#4820=ADVANCED_FACE('',(#4819),#4817,.T.);
#4821=DIRECTION('',(-0.7067073342847029,0.7075060025669103,0.0));
#4822=VECTOR('',#4821,1000.0);
#4823=LINE('',#398,#4822);
#4824=EDGE_CURVE('',#399,#469,#4823,.T.);
#4825=ORIENTED_EDGE('',*,*,#4812,.F.);
#4826=ORIENTED_EDGE('',*,*,#4824,.T.);
#4827=ORIENTED_EDGE('',*,*,#4783,.F.);
#4828=DIRECTION('',(-0.08081097076143208,-0.996729445238072,0.0));
#4829=AXIS2_PLACEMENT_3D('',#452,#1054,#4828);
#4830=PLANE('',#4829);
#4831=EDGE_LOOP('',(#4825,#4826,#4827));
#4832=FACE_BOUND('',#4831,.T.);
#4833=ADVANCED_FACE('',(#4832),#4830,.T.);
#4834=DIRECTION('',(0.16399997825994528,0.9864603424014254,0.0));
#4835=VECTOR('',#4834,1000.0);
#4836=LINE('',#394,#4835);
#4837=EDGE_CURVE('',#395,#469,#4836,.T.);
#4838=ORIENTED_EDGE('',*,*,#4824,.F.);
#4839=ORIENTED_EDGE('',*,*,#3532,.F.);
#4840=ORIENTED_EDGE('',*,*,#4837,.T.);
#4841=DIRECTION('',(0.7067073342847029,-0.7075060025669103,0.0));
#4842=AXIS2_PLACEMENT_3D('',#468,#950,#4841);
#4843=PLANE('',#4842);
#4844=EDGE_LOOP('',(#4838,#4839,#4840));
#4845=FACE_BOUND('',#4844,.T.);
#4846=ADVANCED_FACE('',(#4845),#4843,.T.);
#4847=DIRECTION('',(-0.5254323304788823,0.8508353930623307,0.0));
#4848=VECTOR('',#4847,1000.0);
#4849=LINE('',#394,#4848);
#4850=EDGE_CURVE('',#395,#467,#4849,.T.);
#4851=ORIENTED_EDGE('',*,*,#4837,.F.);
#4852=ORIENTED_EDGE('',*,*,#4850,.T.);
#4853=ORIENTED_EDGE('',*,*,#4751,.F.);
#4854=DIRECTION('',(-0.16399997825994528,-0.9864603424014254,0.0));
#4855=AXIS2_PLACEMENT_3D('',#468,#1054,#4854);
#4856=PLANE('',#4855);
#4857=EDGE_LOOP('',(#4851,#4852,#4853));
#4858=FACE_BOUND('',#4857,.T.);
#4859=ADVANCED_FACE('',(#4858),#4856,.T.);
#4860=DIRECTION('',(0.1766812068928431,0.9842681296937783,0.0));
#4861=VECTOR('',#4860,1000.0);
#4862=LINE('',#392,#4861);
#4863=EDGE_CURVE('',#393,#467,#4862,.T.);
#4864=ORIENTED_EDGE('',*,*,#4850,.F.);
#4865=ORIENTED_EDGE('',*,*,#3455,.F.);
#4866=ORIENTED_EDGE('',*,*,#4863,.T.);
#4867=DIRECTION('',(0.5254323304788823,-0.8508353930623307,0.0));
#4868=AXIS2_PLACEMENT_3D('',#466,#950,#4867);
#4869=PLANE('',#4868);
#4870=EDGE_LOOP('',(#4864,#4865,#4866));
#4871=FACE_BOUND('',#4870,.T.);
#4872=ADVANCED_FACE('',(#4871),#4869,.T.);
#4873=ORIENTED_EDGE('',*,*,#4863,.F.);
#4874=ORIENTED_EDGE('',*,*,#3425,.F.);
#4875=ORIENTED_EDGE('',*,*,#4717,.F.);
#4876=DIRECTION('',(-0.1766812068928431,-0.9842681296937783,0.0));
#4877=AXIS2_PLACEMENT_3D('',#466,#1054,#4876);
#4878=PLANE('',#4877);
#4879=EDGE_LOOP('',(#4873,#4874,#4875));
#4880=FACE_BOUND('',#4879,.T.);
#4881=ADVANCED_FACE('',(#4880),#4878,.T.);
#4882=DIRECTION('',(0.7951285990337986,-0.6064408553177703,0.0));
#4883=VECTOR('',#4882,1000.0);
#4884=LINE('',#428,#4883);
#4885=EDGE_CURVE('',#429,#437,#4884,.T.);
#4886=ORIENTED_EDGE('',*,*,#4130,.F.);
#4887=ORIENTED_EDGE('',*,*,#4885,.T.);
#4888=ORIENTED_EDGE('',*,*,#4216,.F.);
#4889=DIRECTION('',(0.0,0.0,-1.0));
#4890=AXIS2_PLACEMENT_3D('',#432,#4889,#503);
#4891=PLANE('',#4890);
#4892=EDGE_LOOP('',(#4886,#4887,#4888));
#4893=FACE_BOUND('',#4892,.T.);
#4894=ADVANCED_FACE('',(#4893),#4891,.T.);
#4895=DIRECTION('',(-0.025398914133515207,-0.9996773955436016,0.0));
#4896=VECTOR('',#4895,1000.0);
#4897=LINE('',#430,#4896);
#4898=EDGE_CURVE('',#431,#437,#4897,.T.);
#4899=ORIENTED_EDGE('',*,*,#4885,.F.);
#4900=ORIENTED_EDGE('',*,*,#4088,.F.);
#4901=ORIENTED_EDGE('',*,*,#4898,.T.);
#4902=DIRECTION('',(0.0,0.0,-1.0));
#4903=DIRECTION('',(-0.7951285990337986,0.6064408553177703,0.0));
#4904=AXIS2_PLACEMENT_3D('',#436,#4902,#4903);
#4905=PLANE('',#4904);
#4906=EDGE_LOOP('',(#4899,#4900,#4901));
#4907=FACE_BOUND('',#4906,.T.);
#4908=ADVANCED_FACE('',(#4907),#4905,.T.);
#4909=DIRECTION('',(0.7596725223144185,-0.6503058194729993,0.0));
#4910=VECTOR('',#4909,1000.0);
#4911=LINE('',#430,#4910);
#4912=EDGE_CURVE('',#431,#435,#4911,.T.);
#4913=ORIENTED_EDGE('',*,*,#4898,.F.);
#4914=ORIENTED_EDGE('',*,*,#4912,.T.);
#4915=ORIENTED_EDGE('',*,*,#4185,.F.);
#4916=DIRECTION('',(0.0,0.0,-1.0));
#4917=DIRECTION('',(0.025398914133515207,0.9996773955436016,0.0));
#4918=AXIS2_PLACEMENT_3D('',#436,#4916,#4917);
#4919=PLANE('',#4918);
#4920=EDGE_LOOP('',(#4913,#4914,#4915));
#4921=FACE_BOUND('',#4920,.T.);
#4922=ADVANCED_FACE('',(#4921),#4919,.T.);
#4923=DIRECTION('',(-0.010385737209600105,-0.9999460667769102,0.0));
#4924=VECTOR('',#4923,1000.0);
#4925=LINE('',#414,#4924);
#4926=EDGE_CURVE('',#415,#435,#4925,.T.);
#4927=ORIENTED_EDGE('',*,*,#4912,.F.);
#4928=ORIENTED_EDGE('',*,*,#4119,.F.);
#4929=ORIENTED_EDGE('',*,*,#4926,.T.);
#4930=DIRECTION('',(0.0,0.0,-1.0));
#4931=DIRECTION('',(-0.7596725223144185,0.6503058194729993,0.0));
#4932=AXIS2_PLACEMENT_3D('',#434,#4930,#4931);
#4933=PLANE('',#4932);
#4934=EDGE_LOOP('',(#4927,#4928,#4929));
#4935=FACE_BOUND('',#4934,.T.);
#4936=ADVANCED_FACE('',(#4935),#4933,.T.);
#4937=DIRECTION('',(0.6273013052151847,-0.7787766512135079,0.0));
#4938=VECTOR('',#4937,1000.0);
#4939=LINE('',#414,#4938);
#4940=EDGE_CURVE('',#415,#451,#4939,.T.);
#4941=ORIENTED_EDGE('',*,*,#4926,.F.);
#4942=ORIENTED_EDGE('',*,*,#4940,.T.);
#4943=ORIENTED_EDGE('',*,*,#4450,.F.);
#4944=DIRECTION('',(0.0,0.0,-1.0));
#4945=DIRECTION('',(0.010385737209600105,0.9999460667769102,0.0));
#4946=AXIS2_PLACEMENT_3D('',#434,#4944,#4945);
#4947=PLANE('',#4946);
#4948=EDGE_LOOP('',(#4941,#4942,#4943));
#4949=FACE_BOUND('',#4948,.T.);
#4950=ADVANCED_FACE('',(#4949),#4947,.T.);
#4951=DIRECTION('',(-0.02769315742693992,-0.9996164709686044,0.0));
#4952=VECTOR('',#4951,1000.0);
#4953=LINE('',#416,#4952);
#4954=EDGE_CURVE('',#417,#451,#4953,.T.);
#4955=ORIENTED_EDGE('',*,*,#4940,.F.);
#4956=ORIENTED_EDGE('',*,*,#3851,.F.);
#4957=ORIENTED_EDGE('',*,*,#4954,.T.);
#4958=DIRECTION('',(0.0,0.0,-1.0));
#4959=DIRECTION('',(-0.6273013052151847,0.7787766512135079,0.0));
#4960=AXIS2_PLACEMENT_3D('',#450,#4958,#4959);
#4961=PLANE('',#4960);
#4962=EDGE_LOOP('',(#4955,#4956,#4957));
#4963=FACE_BOUND('',#4962,.T.);
#4964=ADVANCED_FACE('',(#4963),#4961,.T.);
#4965=DIRECTION('',(0.4569463738189184,-0.8894942447558284,0.0));
#4966=VECTOR('',#4965,1000.0);
#4967=LINE('',#416,#4966);
#4968=EDGE_CURVE('',#417,#449,#4967,.T.);
#4969=ORIENTED_EDGE('',*,*,#4954,.F.);
#4970=ORIENTED_EDGE('',*,*,#4968,.T.);
#4971=ORIENTED_EDGE('',*,*,#4418,.F.);
#4972=DIRECTION('',(0.0,0.0,-1.0));
#4973=DIRECTION('',(0.02769315742693992,0.9996164709686044,0.0));
#4974=AXIS2_PLACEMENT_3D('',#450,#4972,#4973);
#4975=PLANE('',#4974);
#4976=EDGE_LOOP('',(#4969,#4970,#4971));
#4977=FACE_BOUND('',#4976,.T.);
#4978=ADVANCED_FACE('',(#4977),#4975,.T.);
#4979=DIRECTION('',(-0.3475564005121785,-0.9376590790170051,0.0));
#4980=VECTOR('',#4979,1000.0);
#4981=LINE('',#418,#4980);
#4982=EDGE_CURVE('',#419,#449,#4981,.T.);
#4983=ORIENTED_EDGE('',*,*,#4968,.F.);
#4984=ORIENTED_EDGE('',*,*,#3882,.F.);
#4985=ORIENTED_EDGE('',*,*,#4982,.T.);
#4986=DIRECTION('',(0.0,0.0,-1.0));
#4987=DIRECTION('',(-0.4569463738189184,0.8894942447558284,0.0));
#4988=AXIS2_PLACEMENT_3D('',#448,#4986,#4987);
#4989=PLANE('',#4988);
#4990=EDGE_LOOP('',(#4983,#4984,#4985));
#4991=FACE_BOUND('',#4990,.T.);
#4992=ADVANCED_FACE('',(#4991),#4989,.T.);
#4993=DIRECTION('',(0.1884962744238903,-0.9820739048199547,0.0));
#4994=VECTOR('',#4993,1000.0);
#4995=LINE('',#418,#4994);
#4996=EDGE_CURVE('',#419,#447,#4995,.T.);
#4997=ORIENTED_EDGE('',*,*,#4982,.F.);
#4998=ORIENTED_EDGE('',*,*,#4996,.T.);
#4999=ORIENTED_EDGE('',*,*,#4386,.F.);
#5000=DIRECTION('',(0.0,0.0,-1.0));
#5001=DIRECTION('',(0.3475564005121785,0.9376590790170051,0.0));
#5002=AXIS2_PLACEMENT_3D('',#448,#5000,#5001);
#5003=PLANE('',#5002);
#5004=EDGE_LOOP('',(#4997,#4998,#4999));
#5005=FACE_BOUND('',#5004,.T.);
#5006=ADVANCED_FACE('',(#5005),#5003,.T.);
#5007=DIRECTION('',(-0.5523436580994882,-0.833616508568104,0.0));
#5008=VECTOR('',#5007,1000.0);
#5009=LINE('',#420,#5008);
#5010=EDGE_CURVE('',#421,#447,#5009,.T.);
#5011=ORIENTED_EDGE('',*,*,#4996,.F.);
#5012=ORIENTED_EDGE('',*,*,#3916,.F.);
#5013=ORIENTED_EDGE('',*,*,#5010,.T.);
#5014=DIRECTION('',(0.0,0.0,-1.0));
#5015=DIRECTION('',(-0.1884962744238903,0.9820739048199547,0.0));
#5016=AXIS2_PLACEMENT_3D('',#446,#5014,#5015);
#5017=PLANE('',#5016);
#5018=EDGE_LOOP('',(#5011,#5012,#5013));
#5019=FACE_BOUND('',#5018,.T.);
#5020=ADVANCED_FACE('',(#5019),#5017,.T.);
#5021=DIRECTION('',(-0.030974619300991442,-0.9995201713618183,0.0));
#5022=VECTOR('',#5021,1000.0);
#5023=LINE('',#420,#5022);
#5024=EDGE_CURVE('',#421,#445,#5023,.T.);
#5025=ORIENTED_EDGE('',*,*,#5010,.F.);
#5026=ORIENTED_EDGE('',*,*,#5024,.T.);
#5027=ORIENTED_EDGE('',*,*,#4352,.F.);
#5028=DIRECTION('',(0.5523436580994882,0.833616508568104,0.0));
#5029=AXIS2_PLACEMENT_3D('',#446,#1100,#5028);
#5030=PLANE('',#5029);
#5031=EDGE_LOOP('',(#5025,#5026,#5027));
#5032=FACE_BOUND('',#5031,.T.);
#5033=ADVANCED_FACE('',(#5032),#5030,.T.);
#5034=DIRECTION('',(-0.7714189151067392,-0.6363276337041646,0.0));
#5035=VECTOR('',#5034,1000.0);
#5036=LINE('',#422,#5035);
#5037=EDGE_CURVE('',#423,#445,#5036,.T.);
#5038=ORIENTED_EDGE('',*,*,#5024,.F.);
#5039=ORIENTED_EDGE('',*,*,#3950,.F.);
#5040=ORIENTED_EDGE('',*,*,#5037,.T.);
#5041=DIRECTION('',(0.0,0.0,-1.0));
#5042=DIRECTION('',(0.030974619300991442,0.9995201713618183,0.0));
#5043=AXIS2_PLACEMENT_3D('',#444,#5041,#5042);
#5044=PLANE('',#5043);
#5045=EDGE_LOOP('',(#5038,#5039,#5040));
#5046=FACE_BOUND('',#5045,.T.);
#5047=ADVANCED_FACE('',(#5046),#5044,.T.);
#5048=DIRECTION('',(-0.3282879965103505,-0.944577678831773,0.0));
#5049=VECTOR('',#5048,1000.0);
#5050=LINE('',#422,#5049);
#5051=EDGE_CURVE('',#423,#443,#5050,.T.);
#5052=ORIENTED_EDGE('',*,*,#5037,.F.);
#5053=ORIENTED_EDGE('',*,*,#5051,.T.);
#5054=ORIENTED_EDGE('',*,*,#4318,.F.);
#5055=DIRECTION('',(0.7714189151067392,0.6363276337041646,0.0));
#5056=AXIS2_PLACEMENT_3D('',#444,#1100,#5055);
#5057=PLANE('',#5056);
#5058=EDGE_LOOP('',(#5052,#5053,#5054));
#5059=FACE_BOUND('',#5058,.T.);
#5060=ADVANCED_FACE('',(#5059),#5057,.T.);
#5061=DIRECTION('',(-0.8749354613581644,-0.4842395465655155,0.0));
#5062=VECTOR('',#5061,1000.0);
#5063=LINE('',#424,#5062);
#5064=EDGE_CURVE('',#425,#443,#5063,.T.);
#5065=ORIENTED_EDGE('',*,*,#5051,.F.);
#5066=ORIENTED_EDGE('',*,*,#3984,.F.);
#5067=ORIENTED_EDGE('',*,*,#5064,.T.);
#5068=DIRECTION('',(0.0,0.0,-1.0));
#5069=DIRECTION('',(0.3282879965103505,0.944577678831773,0.0));
#5070=AXIS2_PLACEMENT_3D('',#442,#5068,#5069);
#5071=PLANE('',#5070);
#5072=EDGE_LOOP('',(#5065,#5066,#5067));
#5073=FACE_BOUND('',#5072,.T.);
#5074=ADVANCED_FACE('',(#5073),#5071,.T.);
#5075=DIRECTION('',(-0.45309507756873263,-0.8914621981233889,0.0));
#5076=VECTOR('',#5075,1000.0);
#5077=LINE('',#424,#5076);
#5078=EDGE_CURVE('',#425,#441,#5077,.T.);
#5079=ORIENTED_EDGE('',*,*,#5064,.F.);
#5080=ORIENTED_EDGE('',*,*,#5078,.T.);
#5081=ORIENTED_EDGE('',*,*,#4284,.F.);
#5082=DIRECTION('',(0.8749354613581644,0.4842395465655155,0.0));
#5083=AXIS2_PLACEMENT_3D('',#442,#1100,#5082);
#5084=PLANE('',#5083);
#5085=EDGE_LOOP('',(#5079,#5080,#5081));
#5086=FACE_BOUND('',#5085,.T.);
#5087=ADVANCED_FACE('',(#5086),#5084,.T.);
#5088=DIRECTION('',(-0.9115609362674901,-0.41116500273142986,0.0));
#5089=VECTOR('',#5088,1000.0);
#5090=LINE('',#426,#5089);
#5091=EDGE_CURVE('',#427,#441,#5090,.T.);
#5092=ORIENTED_EDGE('',*,*,#5078,.F.);
#5093=ORIENTED_EDGE('',*,*,#4018,.F.);
#5094=ORIENTED_EDGE('',*,*,#5091,.T.);
#5095=DIRECTION('',(0.0,0.0,-1.0));
#5096=DIRECTION('',(0.45309507756873263,0.8914621981233889,0.0));
#5097=AXIS2_PLACEMENT_3D('',#440,#5095,#5096);
#5098=PLANE('',#5097);
#5099=EDGE_LOOP('',(#5092,#5093,#5094));
#5100=FACE_BOUND('',#5099,.T.);
#5101=ADVANCED_FACE('',(#5100),#5098,.T.);
#5102=DIRECTION('',(-0.6664336721485148,-0.7455643236010197,0.0));
#5103=VECTOR('',#5102,1000.0);
#5104=LINE('',#426,#5103);
#5105=EDGE_CURVE('',#427,#439,#5104,.T.);
#5106=ORIENTED_EDGE('',*,*,#5091,.F.);
#5107=ORIENTED_EDGE('',*,*,#5105,.T.);
#5108=ORIENTED_EDGE('',*,*,#4253,.F.);
#5109=DIRECTION('',(0.9115609362674901,0.41116500273142986,0.0));
#5110=AXIS2_PLACEMENT_3D('',#440,#1100,#5109);
#5111=PLANE('',#5110);
#5112=EDGE_LOOP('',(#5106,#5107,#5108));
#5113=FACE_BOUND('',#5112,.T.);
#5114=ADVANCED_FACE('',(#5113),#5111,.T.);
#5115=DIRECTION('',(-0.9981413010430915,0.06094212953289784,0.0));
#5116=VECTOR('',#5115,1000.0);
#5117=LINE('',#412,#5116);
#5118=EDGE_CURVE('',#413,#439,#5117,.T.);
#5119=ORIENTED_EDGE('',*,*,#5105,.F.);
#5120=ORIENTED_EDGE('',*,*,#4050,.F.);
#5121=ORIENTED_EDGE('',*,*,#5118,.T.);
#5122=DIRECTION('',(0.0,0.0,-1.0));
#5123=DIRECTION('',(0.6664336721485148,0.7455643236010197,0.0));
#5124=AXIS2_PLACEMENT_3D('',#438,#5122,#5123);
#5125=PLANE('',#5124);
#5126=EDGE_LOOP('',(#5119,#5120,#5121));
#5127=FACE_BOUND('',#5126,.T.);
#5128=ADVANCED_FACE('',(#5127),#5125,.T.);
#5129=DIRECTION('',(-0.8217100458685388,-0.5699057821418586,0.0));
#5130=VECTOR('',#5129,1000.0);
#5131=LINE('',#412,#5130);
#5132=EDGE_CURVE('',#413,#465,#5131,.T.);
#5133=ORIENTED_EDGE('',*,*,#5118,.F.);
#5134=ORIENTED_EDGE('',*,*,#5132,.T.);
#5135=ORIENTED_EDGE('',*,*,#4684,.F.);
#5136=DIRECTION('',(0.9981413010430915,-0.06094212953289784,0.0));
#5137=AXIS2_PLACEMENT_3D('',#438,#1100,#5136);
#5138=PLANE('',#5137);
#5139=EDGE_LOOP('',(#5133,#5134,#5135));
#5140=FACE_BOUND('',#5139,.T.);
#5141=ADVANCED_FACE('',(#5140),#5138,.T.);
#5142=DIRECTION('',(-0.9932234455077013,0.11622042545873931,0.0));
#5143=VECTOR('',#5142,1000.0);
#5144=LINE('',#410,#5143);
#5145=EDGE_CURVE('',#411,#465,#5144,.T.);
#5146=ORIENTED_EDGE('',*,*,#5132,.F.);
#5147=ORIENTED_EDGE('',*,*,#3793,.F.);
#5148=ORIENTED_EDGE('',*,*,#5145,.T.);
#5149=DIRECTION('',(0.8217100458685388,0.5699057821418586,0.0));
#5150=AXIS2_PLACEMENT_3D('',#464,#1100,#5149);
#5151=PLANE('',#5150);
#5152=EDGE_LOOP('',(#5146,#5147,#5148));
#5153=FACE_BOUND('',#5152,.T.);
#5154=ADVANCED_FACE('',(#5153),#5151,.T.);
#5155=DIRECTION('',(-0.9172043127961675,-0.3984171790825665,0.0));
#5156=VECTOR('',#5155,1000.0);
#5157=LINE('',#410,#5156);
#5158=EDGE_CURVE('',#411,#463,#5157,.T.);
#5159=ORIENTED_EDGE('',*,*,#5145,.F.);
#5160=ORIENTED_EDGE('',*,*,#5158,.T.);
#5161=ORIENTED_EDGE('',*,*,#4653,.F.);
#5162=DIRECTION('',(0.9932234455077013,-0.11622042545873931,0.0));
#5163=AXIS2_PLACEMENT_3D('',#464,#1100,#5162);
#5164=PLANE('',#5163);
#5165=EDGE_LOOP('',(#5159,#5160,#5161));
#5166=FACE_BOUND('',#5165,.T.);
#5167=ADVANCED_FACE('',(#5166),#5164,.T.);
#5168=DIRECTION('',(-0.9653803591862636,0.26084624225278896,0.0));
#5169=VECTOR('',#5168,1000.0);
#5170=LINE('',#408,#5169);
#5171=EDGE_CURVE('',#409,#463,#5170,.T.);
#5172=ORIENTED_EDGE('',*,*,#5158,.F.);
#5173=ORIENTED_EDGE('',*,*,#3759,.F.);
#5174=ORIENTED_EDGE('',*,*,#5171,.T.);
#5175=DIRECTION('',(0.9172043127961675,0.3984171790825665,0.0));
#5176=AXIS2_PLACEMENT_3D('',#462,#1100,#5175);
#5177=PLANE('',#5176);
#5178=EDGE_LOOP('',(#5172,#5173,#5174));
#5179=FACE_BOUND('',#5178,.T.);
#5180=ADVANCED_FACE('',(#5179),#5177,.T.);
#5181=DIRECTION('',(-0.9814926723838407,-0.19149969727607066,0.0));
#5182=VECTOR('',#5181,1000.0);
#5183=LINE('',#408,#5182);
#5184=EDGE_CURVE('',#409,#461,#5183,.T.);
#5185=ORIENTED_EDGE('',*,*,#5171,.F.);
#5186=ORIENTED_EDGE('',*,*,#5184,.T.);
#5187=ORIENTED_EDGE('',*,*,#4620,.F.);
#5188=DIRECTION('',(0.9653803591862636,-0.26084624225278896,0.0));
#5189=AXIS2_PLACEMENT_3D('',#462,#1100,#5188);
#5190=PLANE('',#5189);
#5191=EDGE_LOOP('',(#5185,#5186,#5187));
#5192=FACE_BOUND('',#5191,.T.);
#5193=ADVANCED_FACE('',(#5192),#5190,.T.);
#5194=DIRECTION('',(-0.8900595465937585,0.4558442755122773,0.0));
#5195=VECTOR('',#5194,1000.0);
#5196=LINE('',#406,#5195);
#5197=EDGE_CURVE('',#407,#461,#5196,.T.);
#5198=ORIENTED_EDGE('',*,*,#5184,.F.);
#5199=ORIENTED_EDGE('',*,*,#3725,.F.);
#5200=ORIENTED_EDGE('',*,*,#5197,.T.);
#5201=DIRECTION('',(0.9814926723838407,0.19149969727607066,0.0));
#5202=AXIS2_PLACEMENT_3D('',#460,#1100,#5201);
#5203=PLANE('',#5202);
#5204=EDGE_LOOP('',(#5198,#5199,#5200));
#5205=FACE_BOUND('',#5204,.T.);
#5206=ADVANCED_FACE('',(#5205),#5203,.T.);
#5207=DIRECTION('',(-0.9974907986374117,0.0707962331886286,0.0));
#5208=VECTOR('',#5207,1000.0);
#5209=LINE('',#406,#5208);
#5210=EDGE_CURVE('',#407,#459,#5209,.T.);
#5211=ORIENTED_EDGE('',*,*,#5197,.F.);
#5212=ORIENTED_EDGE('',*,*,#5210,.T.);
#5213=ORIENTED_EDGE('',*,*,#4587,.F.);
#5214=DIRECTION('',(0.8900595465937585,-0.4558442755122773,0.0));
#5215=AXIS2_PLACEMENT_3D('',#460,#950,#5214);
#5216=PLANE('',#5215);
#5217=EDGE_LOOP('',(#5211,#5212,#5213));
#5218=FACE_BOUND('',#5217,.T.);
#5219=ADVANCED_FACE('',(#5218),#5216,.T.);
#5220=DIRECTION('',(-0.7096596278559409,0.7045446845952126,0.0));
#5221=VECTOR('',#5220,1000.0);
#5222=LINE('',#404,#5221);
#5223=EDGE_CURVE('',#405,#459,#5222,.T.);
#5224=ORIENTED_EDGE('',*,*,#5210,.F.);
#5225=ORIENTED_EDGE('',*,*,#3691,.F.);
#5226=ORIENTED_EDGE('',*,*,#5223,.T.);
#5227=DIRECTION('',(0.9974907986374117,-0.0707962331886286,0.0));
#5228=AXIS2_PLACEMENT_3D('',#458,#1100,#5227);
#5229=PLANE('',#5228);
#5230=EDGE_LOOP('',(#5224,#5225,#5226));
#5231=FACE_BOUND('',#5230,.T.);
#5232=ADVANCED_FACE('',(#5231),#5229,.T.);
#5233=DIRECTION('',(-0.951336225141676,0.30815480968692704,0.0));
#5234=VECTOR('',#5233,1000.0);
#5235=LINE('',#404,#5234);
#5236=EDGE_CURVE('',#405,#457,#5235,.T.);
#5237=ORIENTED_EDGE('',*,*,#5223,.F.);
#5238=ORIENTED_EDGE('',*,*,#5236,.T.);
#5239=ORIENTED_EDGE('',*,*,#4554,.F.);
#5240=DIRECTION('',(0.7096596278559409,-0.7045446845952126,0.0));
#5241=AXIS2_PLACEMENT_3D('',#458,#950,#5240);
#5242=PLANE('',#5241);
#5243=EDGE_LOOP('',(#5237,#5238,#5239));
#5244=FACE_BOUND('',#5243,.T.);
#5245=ADVANCED_FACE('',(#5244),#5242,.T.);
#5246=DIRECTION('',(-0.583519952333695,0.8120988026271694,0.0));
#5247=VECTOR('',#5246,1000.0);
#5248=LINE('',#402,#5247);
#5249=EDGE_CURVE('',#403,#457,#5248,.T.);
#5250=ORIENTED_EDGE('',*,*,#5236,.F.);
#5251=ORIENTED_EDGE('',*,*,#3657,.F.);
#5252=ORIENTED_EDGE('',*,*,#5249,.T.);
#5253=DIRECTION('',(0.951336225141676,-0.30815480968692704,0.0));
#5254=AXIS2_PLACEMENT_3D('',#456,#1100,#5253);
#5255=PLANE('',#5254);
#5256=EDGE_LOOP('',(#5250,#5251,#5252));
#5257=FACE_BOUND('',#5256,.T.);
#5258=ADVANCED_FACE('',(#5257),#5255,.T.);
#5259=DIRECTION('',(-0.8909810226293784,0.4540405458924424,0.0));
#5260=VECTOR('',#5259,1000.0);
#5261=LINE('',#402,#5260);
#5262=EDGE_CURVE('',#403,#455,#5261,.T.);
#5263=ORIENTED_EDGE('',*,*,#5249,.F.);
#5264=ORIENTED_EDGE('',*,*,#5262,.T.);
#5265=ORIENTED_EDGE('',*,*,#4521,.F.);
#5266=DIRECTION('',(0.583519952333695,-0.8120988026271694,0.0));
#5267=AXIS2_PLACEMENT_3D('',#456,#950,#5266);
#5268=PLANE('',#5267);
#5269=EDGE_LOOP('',(#5263,#5264,#5265));
#5270=FACE_BOUND('',#5269,.T.);
#5271=ADVANCED_FACE('',(#5270),#5268,.T.);
#5272=DIRECTION('',(-0.41108425059164216,0.9115973556979572,0.0));
#5273=VECTOR('',#5272,1000.0);
#5274=LINE('',#400,#5273);
#5275=EDGE_CURVE('',#401,#455,#5274,.T.);
#5276=ORIENTED_EDGE('',*,*,#5262,.F.);
#5277=ORIENTED_EDGE('',*,*,#3623,.F.);
#5278=ORIENTED_EDGE('',*,*,#5275,.T.);
#5279=DIRECTION('',(0.8909810226293784,-0.4540405458924424,0.0));
#5280=AXIS2_PLACEMENT_3D('',#454,#1100,#5279);
#5281=PLANE('',#5280);
#5282=EDGE_LOOP('',(#5276,#5277,#5278));
#5283=FACE_BOUND('',#5282,.T.);
#5284=ADVANCED_FACE('',(#5283),#5281,.T.);
#5285=ORIENTED_EDGE('',*,*,#5275,.F.);
#5286=ORIENTED_EDGE('',*,*,#3590,.F.);
#5287=ORIENTED_EDGE('',*,*,#4797,.F.);
#5288=DIRECTION('',(0.41108425059164216,-0.9115973556979572,0.0));
#5289=AXIS2_PLACEMENT_3D('',#454,#1100,#5288);
#5290=PLANE('',#5289);
#5291=EDGE_LOOP('',(#5285,#5286,#5287));
#5292=FACE_BOUND('',#5291,.T.);
#5293=ADVANCED_FACE('',(#5292),#5290,.T.);
#5294=LINE('',#470,#483);
#5295=EDGE_CURVE('',#471,#473,#5294,.T.);
#5296=LINE('',#472,#2968);
#5297=EDGE_CURVE('',#473,#99,#5296,.T.);
#5298=LINE('',#98,#691);
#5299=EDGE_CURVE('',#99,#471,#5298,.T.);
#5300=ORIENTED_EDGE('',*,*,#5295,.T.);
#5301=ORIENTED_EDGE('',*,*,#5297,.T.);
#5302=ORIENTED_EDGE('',*,*,#5299,.T.);
#5303=AXIS2_PLACEMENT_3D('',#470,#12,#482);
#5304=PLANE('',#5303);
#5305=EDGE_LOOP('',(#5300,#5301,#5302));
#5306=FACE_BOUND('',#5305,.T.);
#5307=ADVANCED_FACE('',(#5306),#5304,.T.);
#5308=DIRECTION('',(0.0,0.0,-1.0));
#5309=VECTOR('',#5308,1000.0);
#5310=LINE('',#472,#5309);
#5311=EDGE_CURVE('',#473,#43,#5310,.T.);
#5312=LINE('',#42,#504);
#5313=EDGE_CURVE('',#43,#99,#5312,.T.);
#5314=ORIENTED_EDGE('',*,*,#5297,.F.);
#5315=ORIENTED_EDGE('',*,*,#5311,.T.);
#5316=ORIENTED_EDGE('',*,*,#5313,.T.);
#5317=AXIS2_PLACEMENT_3D('',#98,#12,#2990);
#5318=PLANE('',#5317);
#5319=EDGE_LOOP('',(#5314,#5315,#5316));
#5320=FACE_BOUND('',#5319,.T.);
#5321=ADVANCED_FACE('',(#5320),#5318,.T.);
#5322=LINE('',#472,#720);
#5323=EDGE_CURVE('',#473,#475,#5322,.T.);
#5324=DIRECTION('',(-0.45587225844973817,0.0,-0.8900452145683022));
#5325=VECTOR('',#5324,1000.0);
#5326=LINE('',#474,#5325);
#5327=EDGE_CURVE('',#475,#43,#5326,.T.);
#5328=ORIENTED_EDGE('',*,*,#5323,.T.);
#5329=ORIENTED_EDGE('',*,*,#5327,.T.);
#5330=ORIENTED_EDGE('',*,*,#5311,.F.);
#5331=AXIS2_PLACEMENT_3D('',#472,#730,#12);
#5332=PLANE('',#5331);
#5333=EDGE_LOOP('',(#5328,#5329,#5330));
#5334=FACE_BOUND('',#5333,.T.);
#5335=ADVANCED_FACE('',(#5334),#5332,.T.);
#5336=DIRECTION('',(0.0,0.0,-1.0));
#5337=VECTOR('',#5336,1000.0);
#5338=LINE('',#474,#5337);
#5339=EDGE_CURVE('',#475,#93,#5338,.T.);
#5340=LINE('',#92,#741);
#5341=EDGE_CURVE('',#93,#43,#5340,.T.);
#5342=ORIENTED_EDGE('',*,*,#5327,.F.);
#5343=ORIENTED_EDGE('',*,*,#5339,.T.);
#5344=ORIENTED_EDGE('',*,*,#5341,.T.);
#5345=DIRECTION('',(0.45587225844973817,0.0,0.8900452145683022));
#5346=AXIS2_PLACEMENT_3D('',#42,#730,#5345);
#5347=PLANE('',#5346);
#5348=EDGE_LOOP('',(#5342,#5343,#5344));
#5349=FACE_BOUND('',#5348,.T.);
#5350=ADVANCED_FACE('',(#5349),#5347,.T.);
#5351=LINE('',#474,#504);
#5352=EDGE_CURVE('',#475,#477,#5351,.T.);
#5353=LINE('',#476,#1422);
#5354=EDGE_CURVE('',#477,#93,#5353,.T.);
#5355=ORIENTED_EDGE('',*,*,#5352,.T.);
#5356=ORIENTED_EDGE('',*,*,#5354,.T.);
#5357=ORIENTED_EDGE('',*,*,#5339,.F.);
#5358=DIRECTION('',(-1.0,0.0,-0.0));
#5359=AXIS2_PLACEMENT_3D('',#474,#5358,#503);
#5360=PLANE('',#5359);
#5361=EDGE_LOOP('',(#5355,#5356,#5357));
#5362=FACE_BOUND('',#5361,.T.);
#5363=ADVANCED_FACE('',(#5362),#5360,.T.);
#5364=DIRECTION('',(0.0,0.0,-1.0));
#5365=VECTOR('',#5364,1000.0);
#5366=LINE('',#476,#5365);
#5367=EDGE_CURVE('',#477,#91,#5366,.T.);
#5368=LINE('',#90,#483);
#5369=EDGE_CURVE('',#91,#93,#5368,.T.);
#5370=ORIENTED_EDGE('',*,*,#5354,.F.);
#5371=ORIENTED_EDGE('',*,*,#5367,.T.);
#5372=ORIENTED_EDGE('',*,*,#5369,.T.);
#5373=AXIS2_PLACEMENT_3D('',#92,#740,#1443);
#5374=PLANE('',#5373);
#5375=EDGE_LOOP('',(#5370,#5371,#5372));
#5376=FACE_BOUND('',#5375,.T.);
#5377=ADVANCED_FACE('',(#5376),#5374,.T.);
#5378=LINE('',#476,#741);
#5379=EDGE_CURVE('',#477,#479,#5378,.T.);
#5380=LINE('',#478,#914);
#5381=EDGE_CURVE('',#479,#91,#5380,.T.);
#5382=ORIENTED_EDGE('',*,*,#5379,.T.);
#5383=ORIENTED_EDGE('',*,*,#5381,.T.);
#5384=ORIENTED_EDGE('',*,*,#5367,.F.);
#5385=AXIS2_PLACEMENT_3D('',#476,#920,#740);
#5386=PLANE('',#5385);
#5387=EDGE_LOOP('',(#5382,#5383,#5384));
#5388=FACE_BOUND('',#5387,.T.);
#5389=ADVANCED_FACE('',(#5388),#5386,.T.);
#5390=DIRECTION('',(0.0,0.0,-1.0));
#5391=VECTOR('',#5390,1000.0);
#5392=LINE('',#478,#5391);
#5393=EDGE_CURVE('',#479,#55,#5392,.T.);
#5394=LINE('',#54,#720);
#5395=EDGE_CURVE('',#55,#91,#5394,.T.);
#5396=ORIENTED_EDGE('',*,*,#5381,.F.);
#5397=ORIENTED_EDGE('',*,*,#5393,.T.);
#5398=ORIENTED_EDGE('',*,*,#5395,.T.);
#5399=AXIS2_PLACEMENT_3D('',#90,#920,#931);
#5400=PLANE('',#5399);
#5401=EDGE_LOOP('',(#5396,#5397,#5398));
#5402=FACE_BOUND('',#5401,.T.);
#5403=ADVANCED_FACE('',(#5402),#5400,.T.);
#5404=LINE('',#478,#483);
#5405=EDGE_CURVE('',#479,#481,#5404,.T.);
#5406=DIRECTION('',(0.0,0.6649273851106685,-0.7469080080772253));
#5407=VECTOR('',#5406,1000.0);
#5408=LINE('',#480,#5407);
#5409=EDGE_CURVE('',#481,#55,#5408,.T.);
#5410=ORIENTED_EDGE('',*,*,#5405,.T.);
#5411=ORIENTED_EDGE('',*,*,#5409,.T.);
#5412=ORIENTED_EDGE('',*,*,#5393,.F.);
#5413=AXIS2_PLACEMENT_3D('',#478,#12,#482);
#5414=PLANE('',#5413);
#5415=EDGE_LOOP('',(#5410,#5411,#5412));
#5416=FACE_BOUND('',#5415,.T.);
#5417=ADVANCED_FACE('',(#5416),#5414,.T.);
#5418=DIRECTION('',(0.0,0.0,-1.0));
#5419=VECTOR('',#5418,1000.0);
#5420=LINE('',#480,#5419);
#5421=EDGE_CURVE('',#481,#103,#5420,.T.);
#5422=LINE('',#102,#504);
#5423=EDGE_CURVE('',#103,#55,#5422,.T.);
#5424=ORIENTED_EDGE('',*,*,#5409,.F.);
#5425=ORIENTED_EDGE('',*,*,#5421,.T.);
#5426=ORIENTED_EDGE('',*,*,#5423,.T.);
#5427=DIRECTION('',(0.0,-0.6649273851106685,0.7469080080772253));
#5428=AXIS2_PLACEMENT_3D('',#54,#12,#5427);
#5429=PLANE('',#5428);
#5430=EDGE_LOOP('',(#5424,#5425,#5426));
#5431=FACE_BOUND('',#5430,.T.);
#5432=ADVANCED_FACE('',(#5431),#5429,.T.);
#5433=LINE('',#480,#741);
#5434=EDGE_CURVE('',#481,#471,#5433,.T.);
#5435=DIRECTION('',(0.353623390400529,0.0,-0.9353878862598314));
#5436=VECTOR('',#5435,1000.0);
#5437=LINE('',#470,#5436);
#5438=EDGE_CURVE('',#471,#103,#5437,.T.);
#5439=ORIENTED_EDGE('',*,*,#5434,.T.);
#5440=ORIENTED_EDGE('',*,*,#5438,.T.);
#5441=ORIENTED_EDGE('',*,*,#5421,.F.);
#5442=AXIS2_PLACEMENT_3D('',#480,#920,#740);
#5443=PLANE('',#5442);
#5444=EDGE_LOOP('',(#5439,#5440,#5441));
#5445=FACE_BOUND('',#5444,.T.);
#5446=ADVANCED_FACE('',(#5445),#5443,.T.);
#5447=LINE('',#98,#720);
#5448=EDGE_CURVE('',#99,#103,#5447,.T.);
#5449=ORIENTED_EDGE('',*,*,#5438,.F.);
#5450=ORIENTED_EDGE('',*,*,#5299,.F.);
#5451=ORIENTED_EDGE('',*,*,#5448,.T.);
#5452=DIRECTION('',(-0.353623390400529,0.0,0.9353878862598314));
#5453=AXIS2_PLACEMENT_3D('',#102,#920,#5452);
#5454=PLANE('',#5453);
#5455=EDGE_LOOP('',(#5449,#5450,#5451));
#5456=FACE_BOUND('',#5455,.T.);
#5457=ADVANCED_FACE('',(#5456),#5454,.T.);
#5458=LINE('',#476,#2165);
#5459=EDGE_CURVE('',#477,#481,#5458,.T.);
#5460=ORIENTED_EDGE('',*,*,#5379,.F.);
#5461=ORIENTED_EDGE('',*,*,#5459,.T.);
#5462=ORIENTED_EDGE('',*,*,#5405,.F.);
#5463=AXIS2_PLACEMENT_3D('',#478,#1100,#12);
#5464=PLANE('',#5463);
#5465=EDGE_LOOP('',(#5460,#5461,#5462));
#5466=FACE_BOUND('',#5465,.T.);
#5467=ADVANCED_FACE('',(#5466),#5464,.T.);
#5468=LINE('',#474,#2180);
#5469=EDGE_CURVE('',#475,#481,#5468,.T.);
#5470=ORIENTED_EDGE('',*,*,#5459,.F.);
#5471=ORIENTED_EDGE('',*,*,#5352,.F.);
#5472=ORIENTED_EDGE('',*,*,#5469,.T.);
#5473=DIRECTION('',(0.0,0.0,-1.0));
#5474=AXIS2_PLACEMENT_3D('',#480,#5473,#2187);
#5475=PLANE('',#5474);
#5476=EDGE_LOOP('',(#5470,#5471,#5472));
#5477=FACE_BOUND('',#5476,.T.);
#5478=ADVANCED_FACE('',(#5477),#5475,.T.);
#5479=DIRECTION('',(-0.977800458414347,0.20953821495062136,0.0));
#5480=VECTOR('',#5479,1000.0);
#5481=LINE('',#474,#5480);
#5482=EDGE_CURVE('',#475,#471,#5481,.T.);
#5483=ORIENTED_EDGE('',*,*,#5469,.F.);
#5484=ORIENTED_EDGE('',*,*,#5482,.T.);
#5485=ORIENTED_EDGE('',*,*,#5434,.F.);
#5486=AXIS2_PLACEMENT_3D('',#480,#950,#2202);
#5487=PLANE('',#5486);
#5488=EDGE_LOOP('',(#5483,#5484,#5485));
#5489=FACE_BOUND('',#5488,.T.);
#5490=ADVANCED_FACE('',(#5489),#5487,.T.);
#5491=ORIENTED_EDGE('',*,*,#5482,.F.);
#5492=ORIENTED_EDGE('',*,*,#5323,.F.);
#5493=ORIENTED_EDGE('',*,*,#5295,.F.);
#5494=DIRECTION('',(0.977800458414347,-0.20953821495062136,0.0));
#5495=AXIS2_PLACEMENT_3D('',#470,#950,#5494);
#5496=PLANE('',#5495);
#5497=EDGE_LOOP('',(#5491,#5492,#5493));
#5498=FACE_BOUND('',#5497,.T.);
#5499=ADVANCED_FACE('',(#5498),#5496,.T.);
#5500=CLOSED_SHELL('',(#502,#519,#536,#551,#568,#583,#600,#616,#633,#649,#666,#682,#702,#719,#735,#752,#769,#786,#800,#815,#832,#849,#861,#875,#892,#910,#925,#936,#955,#968,#989,#1003,#1016,#1025,#1042,#1060,#1073,#1088,#1106,#1122,#1137,#1151,#1164,#1173,#1187,#1202,#1218,#1229,#1245,#1257,#1273,#1285,#1299,#1310,#1326,#1337,#1353,#1364,#1376,#1387,#1403,#1418,#1433,#1448,#1462,#1477,#1499,#1514,#1532,#1547,#1565,#1580,#1598,#1613,#1631,#1646,#1664,#1679,#1697,#1712,#1730,#1743,#1761,#1777,#1793,#1808,#1826,#1842,#1860,#1876,#1894,#1910,#1928,#1944,#1962,#1976,#1993,#2007,#2025,#2039,#2057,#2071,#2089,#2103,#2119,#2133,#2149,#2163,#2178,#2192,#2207,#2220,#2237,#2250,#2267,#2280,#2297,#2310,#2327,#2340,#2357,#2370,#2387,#2400,#2417,#2430,#2448,#2461,#2478,#2489,#2502,#2516,#2531,#2547,#2558,#2574,#2585,#2601,#2612,#2628,#2639,#2655,#2666,#2682,#2693,#2709,#2720,#2736,#2748,#2764,#2776,#2792,#2804,#2820,#2832,#2848,#2860,#2876,#2888,#2904,#2916,#2930,#2941,#2953,#2964,#2980,#2995,#3009,#3024,#3037,#3051,#3065,#3080,#3092,#3106,#3120,#3135,#3149,#3164,#3178,#3193,#3205,#3219,#3233,#3248,#3262,#3277,#3291,#3302,#3315,#3327,#3340,#3354,#3367,#3379,#3391,#3402,#3414,#3423,#3437,#3451,#3468,#3490,#3506,#3524,#3542,#3555,#3569,#3586,#3604,#3619,#3636,#3653,#3670,#3687,#3704,#3721,#3738,#3755,#3772,#3789,#3806,#3823,#3845,#3861,#3877,#3892,#3910,#3926,#3944,#3960,#3978,#3994,#4012,#4028,#4046,#4060,#4082,#4097,#4115,#4128,#4142,#4157,#4179,#4194,#4212,#4225,#4247,#4263,#4280,#4294,#4312,#4328,#4346,#4362,#4380,#4396,#4412,#4428,#4446,#4460,#4482,#4497,#4515,#4530,#4548,#4563,#4581,#4596,#4614,#4629,#4647,#4662,#4680,#4693,#4711,#4727,#4745,#4761,#4779,#4793,#4808,#4820,#4833,#4846,#4859,#4872,#4881,#4894,#4908,#4922,#4936,#4950,#4964,#4978,#4992,#5006,#5020,#5033,#5047,#5060,#5074,#5087,#5101,#5114,#5128,#5141,#5154,#5167,#5180,#5193,#5206,#5219,#5232,#5245,#5258,#5271,#5284,#5293,#5307,#5321,#5335,#5350,#5363,#5377,#5389,#5403,#5417,#5432,#5446,#5457,#5467,#5478,#5490,#5499));
#5501=MANIFOLD_SOLID_BREP('',#5500);
#5502=COLOUR_RGB('',1.0,1.0,1.0);
#5503=FILL_AREA_STYLE_COLOUR('',#5502);
#5504=FILL_AREA_STYLE('',(#5503));
#5505=SURFACE_STYLE_FILL_AREA(#5504);
#5506=SURFACE_SIDE_STYLE('',(#5505));
#5507=SURFACE_STYLE_USAGE(.BOTH.,#5506);
#5508=PRESENTATION_STYLE_ASSIGNMENT((#5507));
#5509=STYLED_ITEM('',(#5508),#5501);
#5510=ADVANCED_BREP_SHAPE_REPRESENTATION('',(#5501),*);
#5511=PRODUCT_DEFINITION('','',*,*);
#5512=PRODUCT_DEFINITION_SHAPE('','',#5511);
#5513=SHAPE_REPRESENTATION('',(#13),*);
#5514=SHAPE_DEFINITION_REPRESENTATION(#5512,#5513);
#5515=SHAPE_REPRESENTATION_RELATIONSHIP('','',#5513,#5510);
#5516=CARTESIAN_POINT('',(-0.605372,-0.758074,0.8));
#5517=VERTEX_POINT('',#5516);
#5518=CARTESIAN_POINT('',(-0.605372,0.758074,0.8));
#5519=VERTEX_POINT('',#5518);
#5520=CARTESIAN_POINT('',(-0.905372,0.758074,0.8));
#5521=VERTEX_POINT('',#5520);
#5522=CARTESIAN_POINT('',(-0.905372,-0.758074,0.8));
#5523=VERTEX_POINT('',#5522);
#5524=LINE('',#5518,#741);
#5525=EDGE_CURVE('',#5519,#5521,#5524,.T.);
#5526=DIRECTION('',(0.1941064725881051,-0.9809804673383681,0.0));
#5527=VECTOR('',#5526,1000.0);
#5528=LINE('',#5520,#5527);
#5529=EDGE_CURVE('',#5521,#5517,#5528,.T.);
#5530=LINE('',#5516,#504);
#5531=EDGE_CURVE('',#5517,#5519,#5530,.T.);
#5532=ORIENTED_EDGE('',*,*,#5525,.T.);
#5533=ORIENTED_EDGE('',*,*,#5529,.T.);
#5534=ORIENTED_EDGE('',*,*,#5531,.T.);
#5535=AXIS2_PLACEMENT_3D('',#5518,#11,#740);
#5536=PLANE('',#5535);
#5537=EDGE_LOOP('',(#5532,#5533,#5534));
#5538=FACE_BOUND('',#5537,.T.);
#5539=ADVANCED_FACE('',(#5538),#5536,.T.);
#5540=LINE('',#5520,#483);
#5541=EDGE_CURVE('',#5521,#5523,#5540,.T.);
#5542=LINE('',#5522,#720);
#5543=EDGE_CURVE('',#5523,#5517,#5542,.T.);
#5544=ORIENTED_EDGE('',*,*,#5529,.F.);
#5545=ORIENTED_EDGE('',*,*,#5541,.T.);
#5546=ORIENTED_EDGE('',*,*,#5543,.T.);
#5547=DIRECTION('',(-0.1941064725881051,0.9809804673383681,0.0));
#5548=AXIS2_PLACEMENT_3D('',#5516,#11,#5547);
#5549=PLANE('',#5548);
#5550=EDGE_LOOP('',(#5544,#5545,#5546));
#5551=FACE_BOUND('',#5550,.T.);
#5552=ADVANCED_FACE('',(#5551),#5549,.T.);
#5553=CLOSED_SHELL('',(#5539,#5552));
#5554=MANIFOLD_SOLID_BREP('',#5553);
#5555=COLOUR_RGB('',0.5098039215686274,0.25098039215686274,0.01568627450980392);
#5556=FILL_AREA_STYLE_COLOUR('',#5555);
#5557=FILL_AREA_STYLE('',(#5556));
#5558=SURFACE_STYLE_FILL_AREA(#5557);
#5559=SURFACE_SIDE_STYLE('',(#5558));
#5560=SURFACE_STYLE_USAGE(.BOTH.,#5559);
#5561=PRESENTATION_STYLE_ASSIGNMENT((#5560));
#5562=STYLED_ITEM('',(#5561),#5554);
#5563=ADVANCED_BREP_SHAPE_REPRESENTATION('',(#5554),*);
#5564=PRODUCT_DEFINITION('','',*,*);
#5565=PRODUCT_DEFINITION_SHAPE('','',#5564);
#5566=SHAPE_REPRESENTATION('',(#13),*);
#5567=SHAPE_DEFINITION_REPRESENTATION(#5565,#5566);
#5568=SHAPE_REPRESENTATION_RELATIONSHIP('','',#5566,#5563);
#5569=CARTESIAN_POINT('',(1.47,0.6,0.0));
#5570=VERTEX_POINT('',#5569);
#5571=CARTESIAN_POINT('',(1.47,0.2,0.0));
#5572=VERTEX_POINT('',#5571);
#5573=CARTESIAN_POINT('',(1.503646,0.2,-0.00443));
#5574=VERTEX_POINT('',#5573);
#5575=CARTESIAN_POINT('',(1.503646,0.6,-0.00443));
#5576=VERTEX_POINT('',#5575);
#5577=CARTESIAN_POINT('',(1.535,0.2,-0.017417));
#5578=VERTEX_POINT('',#5577);
#5579=CARTESIAN_POINT('',(1.535,0.6,-0.017417));
#5580=VERTEX_POINT('',#5579);
#5581=CARTESIAN_POINT('',(1.561924,0.2,-0.038076));
#5582=VERTEX_POINT('',#5581);
#5583=CARTESIAN_POINT('',(1.561924,0.6,-0.038076));
#5584=VERTEX_POINT('',#5583);
#5585=CARTESIAN_POINT('',(1.582583,0.2,-0.065));
#5586=VERTEX_POINT('',#5585);
#5587=CARTESIAN_POINT('',(1.582583,0.6,-0.065));
#5588=VERTEX_POINT('',#5587);
#5589=CARTESIAN_POINT('',(1.59557,0.2,-0.096354));
#5590=VERTEX_POINT('',#5589);
#5591=CARTESIAN_POINT('',(1.59557,0.6,-0.096354));
#5592=VERTEX_POINT('',#5591);
#5593=CARTESIAN_POINT('',(1.6,0.2,-0.13));
#5594=VERTEX_POINT('',#5593);
#5595=CARTESIAN_POINT('',(1.6,0.6,-0.13));
#5596=VERTEX_POINT('',#5595);
#5597=CARTESIAN_POINT('',(1.469,-0.6,-0.019081));
#5598=VERTEX_POINT('',#5597);
#5599=CARTESIAN_POINT('',(1.47,-0.6,0.0));
#5600=VERTEX_POINT('',#5599);
#5601=CARTESIAN_POINT('',(1.433367,0.6,-0.699));
#5602=VERTEX_POINT('',#5601);
#5603=CARTESIAN_POINT('',(1.433315,0.6,-0.7));
#5604=VERTEX_POINT('',#5603);
#5605=CARTESIAN_POINT('',(1.469,0.6,-0.019081));
#5606=VERTEX_POINT('',#5605);
#5607=CARTESIAN_POINT('',(1.433315,-0.6,-0.7));
#5608=VERTEX_POINT('',#5607);
#5609=CARTESIAN_POINT('',(1.433367,-0.6,-0.699));
#5610=VERTEX_POINT('',#5609);
#5611=CARTESIAN_POINT('',(-1.433367,-0.6,-0.699));
#5612=VERTEX_POINT('',#5611);
#5613=CARTESIAN_POINT('',(-1.433315,-0.6,-0.7));
#5614=VERTEX_POINT('',#5613);
#5615=CARTESIAN_POINT('',(-1.433367,0.6,-0.699));
#5616=VERTEX_POINT('',#5615);
#5617=CARTESIAN_POINT('',(-1.433315,0.6,-0.7));
#5618=VERTEX_POINT('',#5617);
#5619=CARTESIAN_POINT('',(-1.47,-0.6,0.0));
#5620=VERTEX_POINT('',#5619);
#5621=CARTESIAN_POINT('',(-1.469,-0.6,-0.019081));
#5622=VERTEX_POINT('',#5621);
#5623=CARTESIAN_POINT('',(-1.47,0.6,0.0));
#5624=VERTEX_POINT('',#5623);
#5625=CARTESIAN_POINT('',(-1.469,0.6,-0.019081));
#5626=VERTEX_POINT('',#5625);
#5627=CARTESIAN_POINT('',(0.8,0.6,-0.7));
#5628=VERTEX_POINT('',#5627);
#5629=CARTESIAN_POINT('',(0.8,-0.6,-0.7));
#5630=VERTEX_POINT('',#5629);
#5631=CARTESIAN_POINT('',(-0.8,-0.6,-0.7));
#5632=VERTEX_POINT('',#5631);
#5633=CARTESIAN_POINT('',(-0.8,0.6,-0.7));
#5634=VERTEX_POINT('',#5633);
#5635=CARTESIAN_POINT('',(1.47,-0.2,0.0));
#5636=VERTEX_POINT('',#5635);
#5637=CARTESIAN_POINT('',(-1.45,0.6,-0.699));
#5638=VERTEX_POINT('',#5637);
#5639=CARTESIAN_POINT('',(-1.45,-0.6,-0.699));
#5640=VERTEX_POINT('',#5639);
#5641=CARTESIAN_POINT('',(-0.8,-0.6,-0.83));
#5642=VERTEX_POINT('',#5641);
#5643=CARTESIAN_POINT('',(-0.8,0.6,-0.83));
#5644=VERTEX_POINT('',#5643);
#5645=CARTESIAN_POINT('',(-1.45,0.6,-0.83));
#5646=VERTEX_POINT('',#5645);
#5647=CARTESIAN_POINT('',(-1.45,-0.6,-0.83));
#5648=VERTEX_POINT('',#5647);
#5649=CARTESIAN_POINT('',(-1.483378,-0.6,-0.826239));
#5650=VERTEX_POINT('',#5649);
#5651=CARTESIAN_POINT('',(-1.483378,0.6,-0.826239));
#5652=VERTEX_POINT('',#5651);
#5653=CARTESIAN_POINT('',(-1.515083,-0.6,-0.815145));
#5654=VERTEX_POINT('',#5653);
#5655=CARTESIAN_POINT('',(-1.515083,0.6,-0.815145));
#5656=VERTEX_POINT('',#5655);
#5657=CARTESIAN_POINT('',(-1.543524,-0.6,-0.797275));
#5658=VERTEX_POINT('',#5657);
#5659=CARTESIAN_POINT('',(-1.543524,0.6,-0.797275));
#5660=VERTEX_POINT('',#5659);
#5661=CARTESIAN_POINT('',(-1.567275,-0.6,-0.773523));
#5662=VERTEX_POINT('',#5661);
#5663=CARTESIAN_POINT('',(-1.567275,0.6,-0.773523));
#5664=VERTEX_POINT('',#5663);
#5665=CARTESIAN_POINT('',(-1.585145,-0.6,-0.745083));
#5666=VERTEX_POINT('',#5665);
#5667=CARTESIAN_POINT('',(-1.585145,0.6,-0.745083));
#5668=VERTEX_POINT('',#5667);
#5669=CARTESIAN_POINT('',(-1.596239,-0.6,-0.713378));
#5670=VERTEX_POINT('',#5669);
#5671=CARTESIAN_POINT('',(-1.596239,0.6,-0.713378));
#5672=VERTEX_POINT('',#5671);
#5673=CARTESIAN_POINT('',(-1.6,-0.6,-0.68));
#5674=VERTEX_POINT('',#5673);
#5675=CARTESIAN_POINT('',(-1.6,0.6,-0.68));
#5676=VERTEX_POINT('',#5675);
#5677=CARTESIAN_POINT('',(-1.6,0.6,-0.13));
#5678=VERTEX_POINT('',#5677);
#5679=CARTESIAN_POINT('',(-1.6,-0.6,-0.13));
#5680=VERTEX_POINT('',#5679);
#5681=CARTESIAN_POINT('',(-1.469,-0.6,-0.68));
#5682=VERTEX_POINT('',#5681);
#5683=CARTESIAN_POINT('',(-1.469,0.6,-0.68));
#5684=VERTEX_POINT('',#5683);
#5685=CARTESIAN_POINT('',(-1.468524,0.6,-0.684228));
#5686=VERTEX_POINT('',#5685);
#5687=CARTESIAN_POINT('',(-1.468524,-0.6,-0.684228));
#5688=VERTEX_POINT('',#5687);
#5689=CARTESIAN_POINT('',(-1.467118,0.6,-0.688244));
#5690=VERTEX_POINT('',#5689);
#5691=CARTESIAN_POINT('',(-1.467118,-0.6,-0.688244));
#5692=VERTEX_POINT('',#5691);
#5693=CARTESIAN_POINT('',(-1.464855,0.6,-0.691846));
#5694=VERTEX_POINT('',#5693);
#5695=CARTESIAN_POINT('',(-1.464855,-0.6,-0.691846));
#5696=VERTEX_POINT('',#5695);
#5697=CARTESIAN_POINT('',(-1.461846,0.6,-0.694855));
#5698=VERTEX_POINT('',#5697);
#5699=CARTESIAN_POINT('',(-1.461846,-0.6,-0.694855));
#5700=VERTEX_POINT('',#5699);
#5701=CARTESIAN_POINT('',(-1.458244,0.6,-0.697118));
#5702=VERTEX_POINT('',#5701);
#5703=CARTESIAN_POINT('',(-1.458244,-0.6,-0.697118));
#5704=VERTEX_POINT('',#5703);
#5705=CARTESIAN_POINT('',(-1.454228,0.6,-0.698524));
#5706=VERTEX_POINT('',#5705);
#5707=CARTESIAN_POINT('',(-1.454228,-0.6,-0.698524));
#5708=VERTEX_POINT('',#5707);
#5709=CARTESIAN_POINT('',(-1.503646,0.6,-0.00443));
#5710=VERTEX_POINT('',#5709);
#5711=CARTESIAN_POINT('',(-1.535,0.6,-0.017417));
#5712=VERTEX_POINT('',#5711);
#5713=CARTESIAN_POINT('',(-1.59557,0.6,-0.096354));
#5714=VERTEX_POINT('',#5713);
#5715=CARTESIAN_POINT('',(-1.582583,0.6,-0.065));
#5716=VERTEX_POINT('',#5715);
#5717=CARTESIAN_POINT('',(-1.561924,0.6,-0.038076));
#5718=VERTEX_POINT('',#5717);
#5719=CARTESIAN_POINT('',(-1.503646,-0.6,-0.00443));
#5720=VERTEX_POINT('',#5719);
#5721=CARTESIAN_POINT('',(-1.535,-0.6,-0.017417));
#5722=VERTEX_POINT('',#5721);
#5723=CARTESIAN_POINT('',(-1.561924,-0.6,-0.038076));
#5724=VERTEX_POINT('',#5723);
#5725=CARTESIAN_POINT('',(-1.582583,-0.6,-0.065));
#5726=VERTEX_POINT('',#5725);
#5727=CARTESIAN_POINT('',(-1.59557,-0.6,-0.096354));
#5728=VERTEX_POINT('',#5727);
#5729=CARTESIAN_POINT('',(1.45,-0.6,-0.699));
#5730=VERTEX_POINT('',#5729);
#5731=CARTESIAN_POINT('',(1.45,0.6,-0.699));
#5732=VERTEX_POINT('',#5731);
#5733=CARTESIAN_POINT('',(1.454228,0.6,-0.698524));
#5734=VERTEX_POINT('',#5733);
#5735=CARTESIAN_POINT('',(1.454228,-0.6,-0.698524));
#5736=VERTEX_POINT('',#5735);
#5737=CARTESIAN_POINT('',(1.458244,0.6,-0.697118));
#5738=VERTEX_POINT('',#5737);
#5739=CARTESIAN_POINT('',(1.458244,-0.6,-0.697118));
#5740=VERTEX_POINT('',#5739);
#5741=CARTESIAN_POINT('',(1.461846,0.6,-0.694855));
#5742=VERTEX_POINT('',#5741);
#5743=CARTESIAN_POINT('',(1.461846,-0.6,-0.694855));
#5744=VERTEX_POINT('',#5743);
#5745=CARTESIAN_POINT('',(1.464855,0.6,-0.691846));
#5746=VERTEX_POINT('',#5745);
#5747=CARTESIAN_POINT('',(1.464855,-0.6,-0.691846));
#5748=VERTEX_POINT('',#5747);
#5749=CARTESIAN_POINT('',(1.467118,0.6,-0.688244));
#5750=VERTEX_POINT('',#5749);
#5751=CARTESIAN_POINT('',(1.467118,-0.6,-0.688244));
#5752=VERTEX_POINT('',#5751);
#5753=CARTESIAN_POINT('',(1.468524,0.6,-0.684228));
#5754=VERTEX_POINT('',#5753);
#5755=CARTESIAN_POINT('',(1.468524,-0.6,-0.684228));
#5756=VERTEX_POINT('',#5755);
#5757=CARTESIAN_POINT('',(1.469,0.6,-0.68));
#5758=VERTEX_POINT('',#5757);
#5759=CARTESIAN_POINT('',(1.469,-0.6,-0.68));
#5760=VERTEX_POINT('',#5759);
#5761=CARTESIAN_POINT('',(1.6,-0.2,-0.18));
#5762=VERTEX_POINT('',#5761);
#5763=CARTESIAN_POINT('',(1.6,-0.2,-0.13));
#5764=VERTEX_POINT('',#5763);
#5765=CARTESIAN_POINT('',(1.6,-0.6,-0.13));
#5766=VERTEX_POINT('',#5765);
#5767=CARTESIAN_POINT('',(1.6,-0.161126,-0.228746));
#5768=VERTEX_POINT('',#5767);
#5769=CARTESIAN_POINT('',(1.6,-0.171694,-0.225048));
#5770=VERTEX_POINT('',#5769);
#5771=CARTESIAN_POINT('',(1.6,-0.6,-0.68));
#5772=VERTEX_POINT('',#5771);
#5773=CARTESIAN_POINT('',(1.6,-0.181174,-0.219092));
#5774=VERTEX_POINT('',#5773);
#5775=CARTESIAN_POINT('',(1.6,0.195048,-0.201694));
#5776=VERTEX_POINT('',#5775);
#5777=CARTESIAN_POINT('',(1.6,0.6,-0.68));
#5778=VERTEX_POINT('',#5777);
#5779=CARTESIAN_POINT('',(1.6,0.198746,-0.191126));
#5780=VERTEX_POINT('',#5779);
#5781=CARTESIAN_POINT('',(1.6,0.2,-0.18));
#5782=VERTEX_POINT('',#5781);
#5783=CARTESIAN_POINT('',(1.6,0.189092,-0.211174));
#5784=VERTEX_POINT('',#5783);
#5785=CARTESIAN_POINT('',(1.6,0.181174,-0.219092));
#5786=VERTEX_POINT('',#5785);
#5787=CARTESIAN_POINT('',(1.6,0.171694,-0.225048));
#5788=VERTEX_POINT('',#5787);
#5789=CARTESIAN_POINT('',(1.6,-0.189092,-0.211174));
#5790=VERTEX_POINT('',#5789);
#5791=CARTESIAN_POINT('',(1.6,-0.195048,-0.201694));
#5792=VERTEX_POINT('',#5791);
#5793=CARTESIAN_POINT('',(1.6,-0.198746,-0.191126));
#5794=VERTEX_POINT('',#5793);
#5795=CARTESIAN_POINT('',(1.6,0.161126,-0.228746));
#5796=VERTEX_POINT('',#5795);
#5797=CARTESIAN_POINT('',(1.6,0.15,-0.23));
#5798=VERTEX_POINT('',#5797);
#5799=CARTESIAN_POINT('',(1.6,-0.15,-0.23));
#5800=VERTEX_POINT('',#5799);
#5801=CARTESIAN_POINT('',(1.596239,-0.6,-0.713378));
#5802=VERTEX_POINT('',#5801);
#5803=CARTESIAN_POINT('',(1.596239,0.6,-0.713378));
#5804=VERTEX_POINT('',#5803);
#5805=CARTESIAN_POINT('',(1.585145,-0.6,-0.745083));
#5806=VERTEX_POINT('',#5805);
#5807=CARTESIAN_POINT('',(1.585145,0.6,-0.745083));
#5808=VERTEX_POINT('',#5807);
#5809=CARTESIAN_POINT('',(1.567275,-0.6,-0.773523));
#5810=VERTEX_POINT('',#5809);
#5811=CARTESIAN_POINT('',(1.567275,0.6,-0.773523));
#5812=VERTEX_POINT('',#5811);
#5813=CARTESIAN_POINT('',(1.543524,-0.6,-0.797275));
#5814=VERTEX_POINT('',#5813);
#5815=CARTESIAN_POINT('',(1.543524,0.6,-0.797275));
#5816=VERTEX_POINT('',#5815);
#5817=CARTESIAN_POINT('',(1.515083,-0.6,-0.815145));
#5818=VERTEX_POINT('',#5817);
#5819=CARTESIAN_POINT('',(1.515083,0.6,-0.815145));
#5820=VERTEX_POINT('',#5819);
#5821=CARTESIAN_POINT('',(1.483378,-0.6,-0.826239));
#5822=VERTEX_POINT('',#5821);
#5823=CARTESIAN_POINT('',(1.483378,0.6,-0.826239));
#5824=VERTEX_POINT('',#5823);
#5825=CARTESIAN_POINT('',(1.45,-0.6,-0.83));
#5826=VERTEX_POINT('',#5825);
#5827=CARTESIAN_POINT('',(1.45,0.6,-0.83));
#5828=VERTEX_POINT('',#5827);
#5829=CARTESIAN_POINT('',(0.8,0.6,-0.83));
#5830=VERTEX_POINT('',#5829);
#5831=CARTESIAN_POINT('',(0.8,-0.6,-0.83));
#5832=VERTEX_POINT('',#5831);
#5833=CARTESIAN_POINT('',(1.503646,-0.6,-0.00443));
#5834=VERTEX_POINT('',#5833);
#5835=CARTESIAN_POINT('',(1.59557,-0.6,-0.096354));
#5836=VERTEX_POINT('',#5835);
#5837=CARTESIAN_POINT('',(1.582583,-0.6,-0.065));
#5838=VERTEX_POINT('',#5837);
#5839=CARTESIAN_POINT('',(1.561924,-0.6,-0.038076));
#5840=VERTEX_POINT('',#5839);
#5841=CARTESIAN_POINT('',(1.535,-0.6,-0.017417));
#5842=VERTEX_POINT('',#5841);
#5843=CARTESIAN_POINT('',(1.503646,-0.2,-0.00443));
#5844=VERTEX_POINT('',#5843);
#5845=CARTESIAN_POINT('',(1.535,-0.2,-0.017417));
#5846=VERTEX_POINT('',#5845);
#5847=CARTESIAN_POINT('',(1.561924,-0.2,-0.038076));
#5848=VERTEX_POINT('',#5847);
#5849=CARTESIAN_POINT('',(1.582583,-0.2,-0.065));
#5850=VERTEX_POINT('',#5849);
#5851=CARTESIAN_POINT('',(1.59557,-0.2,-0.096354));
#5852=VERTEX_POINT('',#5851);
#5853=CARTESIAN_POINT('',(1.47,0.2,-0.18));
#5854=VERTEX_POINT('',#5853);
#5855=CARTESIAN_POINT('',(1.47,0.15,-0.23));
#5856=VERTEX_POINT('',#5855);
#5857=CARTESIAN_POINT('',(1.47,0.161126,-0.228746));
#5858=VERTEX_POINT('',#5857);
#5859=CARTESIAN_POINT('',(1.47,0.171694,-0.225048));
#5860=VERTEX_POINT('',#5859);
#5861=CARTESIAN_POINT('',(1.47,0.181174,-0.219092));
#5862=VERTEX_POINT('',#5861);
#5863=CARTESIAN_POINT('',(1.47,0.189092,-0.211174));
#5864=VERTEX_POINT('',#5863);
#5865=CARTESIAN_POINT('',(1.47,0.195048,-0.201694));
#5866=VERTEX_POINT('',#5865);
#5867=CARTESIAN_POINT('',(1.47,0.198746,-0.191126));
#5868=VERTEX_POINT('',#5867);
#5869=CARTESIAN_POINT('',(1.47,-0.15,-0.23));
#5870=VERTEX_POINT('',#5869);
#5871=CARTESIAN_POINT('',(1.47,-0.2,-0.18));
#5872=VERTEX_POINT('',#5871);
#5873=CARTESIAN_POINT('',(1.47,-0.198746,-0.191126));
#5874=VERTEX_POINT('',#5873);
#5875=CARTESIAN_POINT('',(1.47,-0.195048,-0.201694));
#5876=VERTEX_POINT('',#5875);
#5877=CARTESIAN_POINT('',(1.47,-0.189092,-0.211174));
#5878=VERTEX_POINT('',#5877);
#5879=CARTESIAN_POINT('',(1.47,-0.181174,-0.219092));
#5880=VERTEX_POINT('',#5879);
#5881=CARTESIAN_POINT('',(1.47,-0.171694,-0.225048));
#5882=VERTEX_POINT('',#5881);
#5883=CARTESIAN_POINT('',(1.47,-0.161126,-0.228746));
#5884=VERTEX_POINT('',#5883);
#5885=LINE('',#5569,#483);
#5886=EDGE_CURVE('',#5570,#5572,#5885,.T.);
#5887=DIRECTION('',(0.9914432594619691,0.0,-0.13053835937158992));
#5888=VECTOR('',#5887,1000.0);
#5889=LINE('',#5571,#5888);
#5890=EDGE_CURVE('',#5572,#5574,#5889,.T.);
#5891=DIRECTION('',(-0.083813895124552,0.9964203189033088,0.011035355031854146));
#5892=VECTOR('',#5891,1000.0);
#5893=LINE('',#5573,#5892);
#5894=EDGE_CURVE('',#5574,#5570,#5893,.T.);
#5895=ORIENTED_EDGE('',*,*,#5886,.T.);
#5896=ORIENTED_EDGE('',*,*,#5890,.T.);
#5897=ORIENTED_EDGE('',*,*,#5894,.T.);
#5898=AXIS2_PLACEMENT_3D('',#5569,#486,#482);
#5899=PLANE('',#5898);
#5900=EDGE_LOOP('',(#5895,#5896,#5897));
#5901=FACE_BOUND('',#5900,.T.);
#5902=ADVANCED_FACE('',(#5901),#5899,.T.);
#5903=LINE('',#5573,#504);
#5904=EDGE_CURVE('',#5574,#5576,#5903,.T.);
#5905=VECTOR('',#497,1000.0);
#5906=LINE('',#5575,#5905);
#5907=EDGE_CURVE('',#5576,#5570,#5906,.T.);
#5908=ORIENTED_EDGE('',*,*,#5894,.F.);
#5909=ORIENTED_EDGE('',*,*,#5904,.T.);
#5910=ORIENTED_EDGE('',*,*,#5907,.T.);
#5911=DIRECTION('',(0.13053835937158995,-0.0,0.9914432594619692));
#5912=DIRECTION('',(0.083813895124552,-0.9964203189033088,-0.011035355031854146));
#5913=AXIS2_PLACEMENT_3D('',#5569,#5911,#5912);
#5914=PLANE('',#5913);
#5915=EDGE_LOOP('',(#5908,#5909,#5910));
#5916=FACE_BOUND('',#5915,.T.);
#5917=ADVANCED_FACE('',(#5916),#5914,.T.);
#5918=DIRECTION('',(0.9238821581518976,0.0,-0.38267709344640993));
#5919=VECTOR('',#5918,1000.0);
#5920=LINE('',#5573,#5919);
#5921=EDGE_CURVE('',#5574,#5578,#5920,.T.);
#5922=DIRECTION('',(-0.07810439281912979,0.9964201418527789,0.032351270955605096));
#5923=VECTOR('',#5922,1000.0);
#5924=LINE('',#5577,#5923);
#5925=EDGE_CURVE('',#5578,#5576,#5924,.T.);
#5926=ORIENTED_EDGE('',*,*,#5904,.F.);
#5927=ORIENTED_EDGE('',*,*,#5921,.T.);
#5928=ORIENTED_EDGE('',*,*,#5925,.T.);
#5929=AXIS2_PLACEMENT_3D('',#5575,#520,#482);
#5930=PLANE('',#5929);
#5931=EDGE_LOOP('',(#5926,#5927,#5928));
#5932=FACE_BOUND('',#5931,.T.);
#5933=ADVANCED_FACE('',(#5932),#5930,.T.);
#5934=LINE('',#5577,#504);
#5935=EDGE_CURVE('',#5578,#5580,#5934,.T.);
#5936=VECTOR('',#531,1000.0);
#5937=LINE('',#5579,#5936);
#5938=EDGE_CURVE('',#5580,#5576,#5937,.T.);
#5939=ORIENTED_EDGE('',*,*,#5925,.F.);
#5940=ORIENTED_EDGE('',*,*,#5935,.T.);
#5941=ORIENTED_EDGE('',*,*,#5938,.T.);
#5942=DIRECTION('',(0.38267709344640993,-0.0,0.9238821581518974));
#5943=DIRECTION('',(0.07810439281912979,-0.9964201418527789,-0.032351270955605096));
#5944=AXIS2_PLACEMENT_3D('',#5575,#5942,#5943);
#5945=PLANE('',#5944);
#5946=EDGE_LOOP('',(#5939,#5940,#5941));
#5947=FACE_BOUND('',#5946,.T.);
#5948=ADVANCED_FACE('',(#5947),#5945,.T.);
#5949=DIRECTION('',(0.793360624164761,0.0,-0.6087519363623419));
#5950=VECTOR('',#5949,1000.0);
#5951=LINE('',#5577,#5950);
#5952=EDGE_CURVE('',#5578,#5582,#5951,.T.);
#5953=DIRECTION('',(-0.06706904795279638,0.9964202637467828,0.05146261557186197));
#5954=VECTOR('',#5953,1000.0);
#5955=LINE('',#5581,#5954);
#5956=EDGE_CURVE('',#5582,#5580,#5955,.T.);
#5957=ORIENTED_EDGE('',*,*,#5935,.F.);
#5958=ORIENTED_EDGE('',*,*,#5952,.T.);
#5959=ORIENTED_EDGE('',*,*,#5956,.T.);
#5960=AXIS2_PLACEMENT_3D('',#5579,#552,#482);
#5961=PLANE('',#5960);
#5962=EDGE_LOOP('',(#5957,#5958,#5959));
#5963=FACE_BOUND('',#5962,.T.);
#5964=ADVANCED_FACE('',(#5963),#5961,.T.);
#5965=LINE('',#5581,#504);
#5966=EDGE_CURVE('',#5582,#5584,#5965,.T.);
#5967=VECTOR('',#563,1000.0);
#5968=LINE('',#5583,#5967);
#5969=EDGE_CURVE('',#5584,#5580,#5968,.T.);
#5970=ORIENTED_EDGE('',*,*,#5956,.F.);
#5971=ORIENTED_EDGE('',*,*,#5966,.T.);
#5972=ORIENTED_EDGE('',*,*,#5969,.T.);
#5973=DIRECTION('',(0.608751936362342,-0.0,0.793360624164761));
#5974=DIRECTION('',(0.06706904795279638,-0.9964202637467828,-0.05146261557186197));
#5975=AXIS2_PLACEMENT_3D('',#5579,#5973,#5974);
#5976=PLANE('',#5975);
#5977=EDGE_LOOP('',(#5970,#5971,#5972));
#5978=FACE_BOUND('',#5977,.T.);
#5979=ADVANCED_FACE('',(#5978),#5976,.T.);
#5980=DIRECTION('',(0.6087519363623439,0.0,-0.7933606241647594));
#5981=VECTOR('',#5980,1000.0);
#5982=LINE('',#5581,#5981);
#5983=EDGE_CURVE('',#5582,#5586,#5982,.T.);
#5984=DIRECTION('',(-0.05146261557186193,0.9964202637467829,0.06706904795279597));
#5985=VECTOR('',#5984,1000.0);
#5986=LINE('',#5585,#5985);
#5987=EDGE_CURVE('',#5586,#5584,#5986,.T.);
#5988=ORIENTED_EDGE('',*,*,#5966,.F.);
#5989=ORIENTED_EDGE('',*,*,#5983,.T.);
#5990=ORIENTED_EDGE('',*,*,#5987,.T.);
#5991=AXIS2_PLACEMENT_3D('',#5583,#584,#482);
#5992=PLANE('',#5991);
#5993=EDGE_LOOP('',(#5988,#5989,#5990));
#5994=FACE_BOUND('',#5993,.T.);
#5995=ADVANCED_FACE('',(#5994),#5992,.T.);
#5996=LINE('',#5585,#504);
#5997=EDGE_CURVE('',#5586,#5588,#5996,.T.);
#5998=DIRECTION('',(-0.6087519363623439,0.0,0.7933606241647594));
#5999=VECTOR('',#5998,1000.0);
#6000=LINE('',#5587,#5999);
#6001=EDGE_CURVE('',#5588,#5584,#6000,.T.);
#6002=ORIENTED_EDGE('',*,*,#5987,.F.);
#6003=ORIENTED_EDGE('',*,*,#5997,.T.);
#6004=ORIENTED_EDGE('',*,*,#6001,.T.);
#6005=DIRECTION('',(0.7933606241647595,-0.0,0.608751936362344));
#6006=DIRECTION('',(0.05146261557186193,-0.9964202637467829,-0.06706904795279597));
#6007=AXIS2_PLACEMENT_3D('',#5583,#6005,#6006);
#6008=PLANE('',#6007);
#6009=EDGE_LOOP('',(#6002,#6003,#6004));
#6010=FACE_BOUND('',#6009,.T.);
#6011=ADVANCED_FACE('',(#6010),#6008,.T.);
#6012=DIRECTION('',(0.3826770934464053,0.0,-0.9238821581518996));
#6013=VECTOR('',#6012,1000.0);
#6014=LINE('',#5585,#6013);
#6015=EDGE_CURVE('',#5586,#5590,#6014,.T.);
#6016=DIRECTION('',(-0.032351270955604756,0.9964201418527789,0.07810439281913006));
#6017=VECTOR('',#6016,1000.0);
#6018=LINE('',#5589,#6017);
#6019=EDGE_CURVE('',#5590,#5588,#6018,.T.);
#6020=ORIENTED_EDGE('',*,*,#5997,.F.);
#6021=ORIENTED_EDGE('',*,*,#6015,.T.);
#6022=ORIENTED_EDGE('',*,*,#6019,.T.);
#6023=AXIS2_PLACEMENT_3D('',#5587,#617,#482);
#6024=PLANE('',#6023);
#6025=EDGE_LOOP('',(#6020,#6021,#6022));
#6026=FACE_BOUND('',#6025,.T.);
#6027=ADVANCED_FACE('',(#6026),#6024,.T.);
#6028=LINE('',#5589,#504);
#6029=EDGE_CURVE('',#5590,#5592,#6028,.T.);
#6030=DIRECTION('',(-0.3826770934464053,0.0,0.9238821581518996));
#6031=VECTOR('',#6030,1000.0);
#6032=LINE('',#5591,#6031);
#6033=EDGE_CURVE('',#5592,#5588,#6032,.T.);
#6034=ORIENTED_EDGE('',*,*,#6019,.F.);
#6035=ORIENTED_EDGE('',*,*,#6029,.T.);
#6036=ORIENTED_EDGE('',*,*,#6033,.T.);
#6037=DIRECTION('',(0.9238821581518993,-0.0,0.38267709344640527));
#6038=DIRECTION('',(0.032351270955604756,-0.9964201418527789,-0.07810439281913006));
#6039=AXIS2_PLACEMENT_3D('',#5587,#6037,#6038);
#6040=PLANE('',#6039);
#6041=EDGE_LOOP('',(#6034,#6035,#6036));
#6042=FACE_BOUND('',#6041,.T.);
#6043=ADVANCED_FACE('',(#6042),#6040,.T.);
#6044=DIRECTION('',(0.1305383593715947,0.0,-0.9914432594619687));
#6045=VECTOR('',#6044,1000.0);
#6046=LINE('',#5589,#6045);
#6047=EDGE_CURVE('',#5590,#5594,#6046,.T.);
#6048=DIRECTION('',(-0.011035355031854535,0.9964203189033087,0.08381389512455184));
#6049=VECTOR('',#6048,1000.0);
#6050=LINE('',#5593,#6049);
#6051=EDGE_CURVE('',#5594,#5592,#6050,.T.);
#6052=ORIENTED_EDGE('',*,*,#6029,.F.);
#6053=ORIENTED_EDGE('',*,*,#6047,.T.);
#6054=ORIENTED_EDGE('',*,*,#6051,.T.);
#6055=AXIS2_PLACEMENT_3D('',#5591,#650,#482);
#6056=PLANE('',#6055);
#6057=EDGE_LOOP('',(#6052,#6053,#6054));
#6058=FACE_BOUND('',#6057,.T.);
#6059=ADVANCED_FACE('',(#6058),#6056,.T.);
#6060=LINE('',#5593,#504);
#6061=EDGE_CURVE('',#5594,#5596,#6060,.T.);
#6062=DIRECTION('',(-0.1305383593715947,0.0,0.9914432594619687));
#6063=VECTOR('',#6062,1000.0);
#6064=LINE('',#5595,#6063);
#6065=EDGE_CURVE('',#5596,#5592,#6064,.T.);
#6066=ORIENTED_EDGE('',*,*,#6051,.F.);
#6067=ORIENTED_EDGE('',*,*,#6061,.T.);
#6068=ORIENTED_EDGE('',*,*,#6065,.T.);
#6069=DIRECTION('',(0.9914432594619687,-0.0,0.1305383593715947));
#6070=DIRECTION('',(0.011035355031854535,-0.9964203189033087,-0.08381389512455184));
#6071=AXIS2_PLACEMENT_3D('',#5591,#6069,#6070);
#6072=PLANE('',#6071);
#6073=EDGE_LOOP('',(#6066,#6067,#6068));
#6074=FACE_BOUND('',#6073,.T.);
#6075=ADVANCED_FACE('',(#6074),#6072,.T.);
#6076=LINE('',#5637,#483);
#6077=EDGE_CURVE('',#5638,#5640,#6076,.T.);
#6078=DIRECTION('',(0.013859502034792743,0.9999039524891116,0.0));
#6079=VECTOR('',#6078,1000.0);
#6080=LINE('',#5639,#6079);
#6081=EDGE_CURVE('',#5640,#5616,#6080,.T.);
#6082=LINE('',#5615,#741);
#6083=EDGE_CURVE('',#5616,#5638,#6082,.T.);
#6084=ORIENTED_EDGE('',*,*,#6077,.T.);
#6085=ORIENTED_EDGE('',*,*,#6081,.T.);
#6086=ORIENTED_EDGE('',*,*,#6083,.T.);
#6087=DIRECTION('',(-0.0,0.0,1.0));
#6088=AXIS2_PLACEMENT_3D('',#5637,#6087,#482);
#6089=PLANE('',#6088);
#6090=EDGE_LOOP('',(#6084,#6085,#6086));
#6091=FACE_BOUND('',#6090,.T.);
#6092=ADVANCED_FACE('',(#6091),#6089,.T.);
#6093=LINE('',#5639,#720);
#6094=EDGE_CURVE('',#5640,#5612,#6093,.T.);
#6095=LINE('',#5611,#504);
#6096=EDGE_CURVE('',#5612,#5616,#6095,.T.);
#6097=ORIENTED_EDGE('',*,*,#6081,.F.);
#6098=ORIENTED_EDGE('',*,*,#6094,.T.);
#6099=ORIENTED_EDGE('',*,*,#6096,.T.);
#6100=DIRECTION('',(-0.0,0.0,1.0));
#6101=DIRECTION('',(-0.013859502034792743,-0.9999039524891116,0.0));
#6102=AXIS2_PLACEMENT_3D('',#5615,#6100,#6101);
#6103=PLANE('',#6102);
#6104=EDGE_LOOP('',(#6097,#6098,#6099));
#6105=FACE_BOUND('',#6104,.T.);
#6106=ADVANCED_FACE('',(#6105),#6103,.T.);
#6107=DIRECTION('',(0.0,0.0,-1.0));
#6108=VECTOR('',#6107,1000.0);
#6109=LINE('',#5631,#6108);
#6110=EDGE_CURVE('',#5632,#5642,#6109,.T.);
#6111=DIRECTION('',(0.0,0.9941830955390242,0.10770316868339429));
#6112=VECTOR('',#6111,1000.0);
#6113=LINE('',#5641,#6112);
#6114=EDGE_CURVE('',#5642,#5634,#6113,.T.);
#6115=LINE('',#5633,#483);
#6116=EDGE_CURVE('',#5634,#5632,#6115,.T.);
#6117=ORIENTED_EDGE('',*,*,#6110,.T.);
#6118=ORIENTED_EDGE('',*,*,#6114,.T.);
#6119=ORIENTED_EDGE('',*,*,#6116,.T.);
#6120=DIRECTION('',(1.0,-0.0,0.0));
#6121=DIRECTION('',(0.0,0.0,-1.0));
#6122=AXIS2_PLACEMENT_3D('',#5631,#6120,#6121);
#6123=PLANE('',#6122);
#6124=EDGE_LOOP('',(#6117,#6118,#6119));
#6125=FACE_BOUND('',#6124,.T.);
#6126=ADVANCED_FACE('',(#6125),#6123,.T.);
#6127=LINE('',#5641,#504);
#6128=EDGE_CURVE('',#5642,#5644,#6127,.T.);
#6129=LINE('',#5643,#691);
#6130=EDGE_CURVE('',#5644,#5634,#6129,.T.);
#6131=ORIENTED_EDGE('',*,*,#6114,.F.);
#6132=ORIENTED_EDGE('',*,*,#6128,.T.);
#6133=ORIENTED_EDGE('',*,*,#6130,.T.);
#6134=DIRECTION('',(0.0,-0.9941830955390242,-0.10770316868339429));
#6135=AXIS2_PLACEMENT_3D('',#5633,#6120,#6134);
#6136=PLANE('',#6135);
#6137=EDGE_LOOP('',(#6131,#6132,#6133));
#6138=FACE_BOUND('',#6137,.T.);
#6139=ADVANCED_FACE('',(#6138),#6136,.T.);
#6140=LINE('',#5645,#720);
#6141=EDGE_CURVE('',#5646,#5644,#6140,.T.);
#6142=DIRECTION('',(-0.4762831485407526,-0.8792919665367741,0.0));
#6143=VECTOR('',#6142,1000.0);
#6144=LINE('',#5643,#6143);
#6145=EDGE_CURVE('',#5644,#5648,#6144,.T.);
#6146=LINE('',#5647,#504);
#6147=EDGE_CURVE('',#5648,#5646,#6146,.T.);
#6148=ORIENTED_EDGE('',*,*,#6141,.T.);
#6149=ORIENTED_EDGE('',*,*,#6145,.T.);
#6150=ORIENTED_EDGE('',*,*,#6147,.T.);
#6151=AXIS2_PLACEMENT_3D('',#5645,#1100,#12);
#6152=PLANE('',#6151);
#6153=EDGE_LOOP('',(#6148,#6149,#6150));
#6154=FACE_BOUND('',#6153,.T.);
#6155=ADVANCED_FACE('',(#6154),#6152,.T.);
#6156=LINE('',#5641,#741);
#6157=EDGE_CURVE('',#5642,#5648,#6156,.T.);
#6158=ORIENTED_EDGE('',*,*,#6145,.F.);
#6159=ORIENTED_EDGE('',*,*,#6128,.F.);
#6160=ORIENTED_EDGE('',*,*,#6157,.T.);
#6161=DIRECTION('',(0.0,0.0,-1.0));
#6162=DIRECTION('',(0.4762831485407526,0.8792919665367741,0.0));
#6163=AXIS2_PLACEMENT_3D('',#5647,#6161,#6162);
#6164=PLANE('',#6163);
#6165=EDGE_LOOP('',(#6158,#6159,#6160));
#6166=FACE_BOUND('',#6165,.T.);
#6167=ADVANCED_FACE('',(#6166),#6164,.T.);
#6168=DIRECTION('',(-0.9937115387462531,0.0,0.11197043253713995));
#6169=VECTOR('',#6168,1000.0);
#6170=LINE('',#5647,#6169);
#6171=EDGE_CURVE('',#5648,#5650,#6170,.T.);
#6172=DIRECTION('',(0.02780410991118189,0.9996084814374181,-0.003132939582238453));
#6173=VECTOR('',#6172,1000.0);
#6174=LINE('',#5649,#6173);
#6175=EDGE_CURVE('',#5650,#5646,#6174,.T.);
#6176=ORIENTED_EDGE('',*,*,#6147,.F.);
#6177=ORIENTED_EDGE('',*,*,#6171,.T.);
#6178=ORIENTED_EDGE('',*,*,#6175,.T.);
#6179=DIRECTION('',(-0.11197043253713994,-0.0,-0.993711538746253));
#6180=AXIS2_PLACEMENT_3D('',#5645,#6179,#482);
#6181=PLANE('',#6180);
#6182=EDGE_LOOP('',(#6176,#6177,#6178));
#6183=FACE_BOUND('',#6182,.T.);
#6184=ADVANCED_FACE('',(#6183),#6181,.T.);
#6185=LINE('',#5649,#504);
#6186=EDGE_CURVE('',#5650,#5652,#6185,.T.);
#6187=DIRECTION('',(0.9937115387462531,0.0,-0.11197043253713995));
#6188=VECTOR('',#6187,1000.0);
#6189=LINE('',#5651,#6188);
#6190=EDGE_CURVE('',#5652,#5646,#6189,.T.);
#6191=ORIENTED_EDGE('',*,*,#6175,.F.);
#6192=ORIENTED_EDGE('',*,*,#6186,.T.);
#6193=ORIENTED_EDGE('',*,*,#6190,.T.);
#6194=DIRECTION('',(-0.11197043253713994,0.0,-0.993711538746253));
#6195=DIRECTION('',(-0.02780410991118189,-0.9996084814374181,0.003132939582238453));
#6196=AXIS2_PLACEMENT_3D('',#5645,#6194,#6195);
#6197=PLANE('',#6196);
#6198=EDGE_LOOP('',(#6191,#6192,#6193));
#6199=FACE_BOUND('',#6198,.T.);
#6200=ADVANCED_FACE('',(#6199),#6197,.T.);
#6201=DIRECTION('',(-0.9438838808667438,0.0,0.3302774885455177));
#6202=VECTOR('',#6201,1000.0);
#6203=LINE('',#5649,#6202);
#6204=EDGE_CURVE('',#5650,#5654,#6203,.T.);
#6205=DIRECTION('',(0.026410488648133633,0.9996084648402613,-0.009241380257448164));
#6206=VECTOR('',#6205,1000.0);
#6207=LINE('',#5653,#6206);
#6208=EDGE_CURVE('',#5654,#5652,#6207,.T.);
#6209=ORIENTED_EDGE('',*,*,#6186,.F.);
#6210=ORIENTED_EDGE('',*,*,#6204,.T.);
#6211=ORIENTED_EDGE('',*,*,#6208,.T.);
#6212=DIRECTION('',(-0.33027748854551775,-0.0,-0.9438838808667438));
#6213=AXIS2_PLACEMENT_3D('',#5651,#6212,#482);
#6214=PLANE('',#6213);
#6215=EDGE_LOOP('',(#6209,#6210,#6211));
#6216=FACE_BOUND('',#6215,.T.);
#6217=ADVANCED_FACE('',(#6216),#6214,.T.);
#6218=LINE('',#5653,#504);
#6219=EDGE_CURVE('',#5654,#5656,#6218,.T.);
#6220=DIRECTION('',(0.9438838808667438,0.0,-0.3302774885455177));
#6221=VECTOR('',#6220,1000.0);
#6222=LINE('',#5655,#6221);
#6223=EDGE_CURVE('',#5656,#5652,#6222,.T.);
#6224=ORIENTED_EDGE('',*,*,#6208,.F.);
#6225=ORIENTED_EDGE('',*,*,#6219,.T.);
#6226=ORIENTED_EDGE('',*,*,#6223,.T.);
#6227=DIRECTION('',(-0.33027748854551775,0.0,-0.9438838808667438));
#6228=DIRECTION('',(-0.026410488648133633,-0.9996084648402613,0.009241380257448164));
#6229=AXIS2_PLACEMENT_3D('',#5651,#6227,#6228);
#6230=PLANE('',#6229);
#6231=EDGE_LOOP('',(#6224,#6225,#6226));
#6232=FACE_BOUND('',#6231,.T.);
#6233=ADVANCED_FACE('',(#6232),#6230,.T.);
#6234=DIRECTION('',(-0.8467331142992999,0.0,0.5320178879972071));
#6235=VECTOR('',#6234,1000.0);
#6236=LINE('',#5653,#6235);
#6237=EDGE_CURVE('',#5654,#5658,#6236,.T.);
#6238=DIRECTION('',(0.023691554088022124,0.9996084844283468,-0.014885836347278842));
#6239=VECTOR('',#6238,1000.0);
#6240=LINE('',#5657,#6239);
#6241=EDGE_CURVE('',#5658,#5656,#6240,.T.);
#6242=ORIENTED_EDGE('',*,*,#6219,.F.);
#6243=ORIENTED_EDGE('',*,*,#6237,.T.);
#6244=ORIENTED_EDGE('',*,*,#6241,.T.);
#6245=DIRECTION('',(-0.5320178879972072,-0.0,-0.8467331142992999));
#6246=AXIS2_PLACEMENT_3D('',#5655,#6245,#482);
#6247=PLANE('',#6246);
#6248=EDGE_LOOP('',(#6242,#6243,#6244));
#6249=FACE_BOUND('',#6248,.T.);
#6250=ADVANCED_FACE('',(#6249),#6247,.T.);
#6251=LINE('',#5657,#504);
#6252=EDGE_CURVE('',#5658,#5660,#6251,.T.);
#6253=DIRECTION('',(0.8467331142992999,0.0,-0.5320178879972071));
#6254=VECTOR('',#6253,1000.0);
#6255=LINE('',#5659,#6254);
#6256=EDGE_CURVE('',#5660,#5656,#6255,.T.);
#6257=ORIENTED_EDGE('',*,*,#6241,.F.);
#6258=ORIENTED_EDGE('',*,*,#6252,.T.);
#6259=ORIENTED_EDGE('',*,*,#6256,.T.);
#6260=DIRECTION('',(-0.5320178879972072,0.0,-0.8467331142992999));
#6261=DIRECTION('',(-0.023691554088022124,-0.9996084844283468,0.014885836347278842));
#6262=AXIS2_PLACEMENT_3D('',#5655,#6260,#6261);
#6263=PLANE('',#6262);
#6264=EDGE_LOOP('',(#6257,#6258,#6259));
#6265=FACE_BOUND('',#6264,.T.);
#6266=ADVANCED_FACE('',(#6265),#6263,.T.);
#6267=DIRECTION('',(-0.707091895511459,0.0,0.7071216665482766));
#6268=VECTOR('',#6267,1000.0);
#6269=LINE('',#5657,#6268);
#6270=EDGE_CURVE('',#5658,#5662,#6269,.T.);
#6271=DIRECTION('',(0.01978475065262386,0.9996084705127598,-0.019785583659682554));
#6272=VECTOR('',#6271,1000.0);
#6273=LINE('',#5661,#6272);
#6274=EDGE_CURVE('',#5662,#5660,#6273,.T.);
#6275=ORIENTED_EDGE('',*,*,#6252,.F.);
#6276=ORIENTED_EDGE('',*,*,#6270,.T.);
#6277=ORIENTED_EDGE('',*,*,#6274,.T.);
#6278=DIRECTION('',(-0.7071216665482766,-0.0,-0.707091895511459));
#6279=AXIS2_PLACEMENT_3D('',#5659,#6278,#482);
#6280=PLANE('',#6279);
#6281=EDGE_LOOP('',(#6275,#6276,#6277));
#6282=FACE_BOUND('',#6281,.T.);
#6283=ADVANCED_FACE('',(#6282),#6280,.T.);
#6284=LINE('',#5661,#504);
#6285=EDGE_CURVE('',#5662,#5664,#6284,.T.);
#6286=DIRECTION('',(0.707091895511459,0.0,-0.7071216665482766));
#6287=VECTOR('',#6286,1000.0);
#6288=LINE('',#5663,#6287);
#6289=EDGE_CURVE('',#5664,#5660,#6288,.T.);
#6290=ORIENTED_EDGE('',*,*,#6274,.F.);
#6291=ORIENTED_EDGE('',*,*,#6285,.T.);
#6292=ORIENTED_EDGE('',*,*,#6289,.T.);
#6293=DIRECTION('',(-0.7071216665482766,0.0,-0.707091895511459));
#6294=DIRECTION('',(-0.01978475065262386,-0.9996084705127598,0.019785583659682554));
#6295=AXIS2_PLACEMENT_3D('',#5659,#6293,#6294);
#6296=PLANE('',#6295);
#6297=EDGE_LOOP('',(#6290,#6291,#6292));
#6298=FACE_BOUND('',#6297,.T.);
#6299=ADVANCED_FACE('',(#6298),#6296,.T.);
#6300=DIRECTION('',(-0.5320312996792437,0.0,0.846724687346256));
#6301=VECTOR('',#6300,1000.0);
#6302=LINE('',#5661,#6301);
#6303=EDGE_CURVE('',#5662,#5666,#6302,.T.);
#6304=DIRECTION('',(0.01488583664104912,0.9996085041555058,-0.023690721548485415));
#6305=VECTOR('',#6304,1000.0);
#6306=LINE('',#5665,#6305);
#6307=EDGE_CURVE('',#5666,#5664,#6306,.T.);
#6308=ORIENTED_EDGE('',*,*,#6285,.F.);
#6309=ORIENTED_EDGE('',*,*,#6303,.T.);
#6310=ORIENTED_EDGE('',*,*,#6307,.T.);
#6311=DIRECTION('',(-0.8467246873462559,-0.0,-0.5320312996792437));
#6312=AXIS2_PLACEMENT_3D('',#5663,#6311,#482);
#6313=PLANE('',#6312);
#6314=EDGE_LOOP('',(#6308,#6309,#6310));
#6315=FACE_BOUND('',#6314,.T.);
#6316=ADVANCED_FACE('',(#6315),#6313,.T.);
#6317=LINE('',#5665,#504);
#6318=EDGE_CURVE('',#5666,#5668,#6317,.T.);
#6319=DIRECTION('',(0.5320312996792437,0.0,-0.846724687346256));
#6320=VECTOR('',#6319,1000.0);
#6321=LINE('',#5667,#6320);
#6322=EDGE_CURVE('',#5668,#5664,#6321,.T.);
#6323=ORIENTED_EDGE('',*,*,#6307,.F.);
#6324=ORIENTED_EDGE('',*,*,#6318,.T.);
#6325=ORIENTED_EDGE('',*,*,#6322,.T.);
#6326=DIRECTION('',(-0.8467246873462559,0.0,-0.5320312996792437));
#6327=DIRECTION('',(-0.01488583664104912,-0.9996085041555058,0.023690721548485415));
#6328=AXIS2_PLACEMENT_3D('',#5663,#6326,#6327);
#6329=PLANE('',#6328);
#6330=EDGE_LOOP('',(#6323,#6324,#6325));
#6331=FACE_BOUND('',#6330,.T.);
#6332=ADVANCED_FACE('',(#6331),#6329,.T.);
#6333=DIRECTION('',(-0.33027748854551564,0.0,0.9438838808667446));
#6334=VECTOR('',#6333,1000.0);
#6335=LINE('',#5665,#6334);
#6336=EDGE_CURVE('',#5666,#5670,#6335,.T.);
#6337=DIRECTION('',(0.009241380257448164,0.9996084648402613,-0.026410488648133817));
#6338=VECTOR('',#6337,1000.0);
#6339=LINE('',#5669,#6338);
#6340=EDGE_CURVE('',#5670,#5668,#6339,.T.);
#6341=ORIENTED_EDGE('',*,*,#6318,.F.);
#6342=ORIENTED_EDGE('',*,*,#6336,.T.);
#6343=ORIENTED_EDGE('',*,*,#6340,.T.);
#6344=DIRECTION('',(-0.9438838808667447,-0.0,-0.3302774885455157));
#6345=AXIS2_PLACEMENT_3D('',#5667,#6344,#482);
#6346=PLANE('',#6345);
#6347=EDGE_LOOP('',(#6341,#6342,#6343));
#6348=FACE_BOUND('',#6347,.T.);
#6349=ADVANCED_FACE('',(#6348),#6346,.T.);
#6350=LINE('',#5669,#504);
#6351=EDGE_CURVE('',#5670,#5672,#6350,.T.);
#6352=DIRECTION('',(0.33027748854551564,0.0,-0.9438838808667446));
#6353=VECTOR('',#6352,1000.0);
#6354=LINE('',#5671,#6353);
#6355=EDGE_CURVE('',#5672,#5668,#6354,.T.);
#6356=ORIENTED_EDGE('',*,*,#6340,.F.);
#6357=ORIENTED_EDGE('',*,*,#6351,.T.);
#6358=ORIENTED_EDGE('',*,*,#6355,.T.);
#6359=DIRECTION('',(-0.9438838808667447,0.0,-0.3302774885455157));
#6360=DIRECTION('',(-0.009241380257448164,-0.9996084648402613,0.026410488648133817));
#6361=AXIS2_PLACEMENT_3D('',#5667,#6359,#6360);
#6362=PLANE('',#6361);
#6363=EDGE_LOOP('',(#6356,#6357,#6358));
#6364=FACE_BOUND('',#6363,.T.);
#6365=ADVANCED_FACE('',(#6364),#6362,.T.);
#6366=DIRECTION('',(-0.11197043253714395,0.0,0.9937115387462526));
#6367=VECTOR('',#6366,1000.0);
#6368=LINE('',#5669,#6367);
#6369=EDGE_CURVE('',#5670,#5674,#6368,.T.);
#6370=DIRECTION('',(0.0031329395822385455,0.9996084814374181,-0.027804109911181707));
#6371=VECTOR('',#6370,1000.0);
#6372=LINE('',#5673,#6371);
#6373=EDGE_CURVE('',#5674,#5672,#6372,.T.);
#6374=ORIENTED_EDGE('',*,*,#6351,.F.);
#6375=ORIENTED_EDGE('',*,*,#6369,.T.);
#6376=ORIENTED_EDGE('',*,*,#6373,.T.);
#6377=DIRECTION('',(-0.9937115387462525,-0.0,-0.11197043253714394));
#6378=AXIS2_PLACEMENT_3D('',#5671,#6377,#482);
#6379=PLANE('',#6378);
#6380=EDGE_LOOP('',(#6374,#6375,#6376));
#6381=FACE_BOUND('',#6380,.T.);
#6382=ADVANCED_FACE('',(#6381),#6379,.T.);
#6383=LINE('',#5673,#504);
#6384=EDGE_CURVE('',#5674,#5676,#6383,.T.);
#6385=DIRECTION('',(0.11197043253714395,0.0,-0.9937115387462526));
#6386=VECTOR('',#6385,1000.0);
#6387=LINE('',#5675,#6386);
#6388=EDGE_CURVE('',#5676,#5672,#6387,.T.);
#6389=ORIENTED_EDGE('',*,*,#6373,.F.);
#6390=ORIENTED_EDGE('',*,*,#6384,.T.);
#6391=ORIENTED_EDGE('',*,*,#6388,.T.);
#6392=DIRECTION('',(-0.9937115387462525,0.0,-0.11197043253714394));
#6393=DIRECTION('',(-0.0031329395822385455,-0.9996084814374181,0.027804109911181707));
#6394=AXIS2_PLACEMENT_3D('',#5671,#6392,#6393);
#6395=PLANE('',#6394);
#6396=EDGE_LOOP('',(#6389,#6390,#6391));
#6397=FACE_BOUND('',#6396,.T.);
#6398=ADVANCED_FACE('',(#6397),#6395,.T.);
#6399=DIRECTION('',(0.0,0.0,-1.0));
#6400=VECTOR('',#6399,1000.0);
#6401=LINE('',#5677,#6400);
#6402=EDGE_CURVE('',#5678,#5676,#6401,.T.);
#6403=DIRECTION('',(0.0,-0.9090648228942843,0.4166547104932137));
#6404=VECTOR('',#6403,1000.0);
#6405=LINE('',#5675,#6404);
#6406=EDGE_CURVE('',#5676,#5680,#6405,.T.);
#6407=LINE('',#5679,#504);
#6408=EDGE_CURVE('',#5680,#5678,#6407,.T.);
#6409=ORIENTED_EDGE('',*,*,#6402,.T.);
#6410=ORIENTED_EDGE('',*,*,#6406,.T.);
#6411=ORIENTED_EDGE('',*,*,#6408,.T.);
#6412=DIRECTION('',(-1.0,-0.0,-0.0));
#6413=DIRECTION('',(0.0,0.0,-1.0));
#6414=AXIS2_PLACEMENT_3D('',#5677,#6412,#6413);
#6415=PLANE('',#6414);
#6416=EDGE_LOOP('',(#6409,#6410,#6411));
#6417=FACE_BOUND('',#6416,.T.);
#6418=ADVANCED_FACE('',(#6417),#6415,.T.);
#6419=LINE('',#5673,#691);
#6420=EDGE_CURVE('',#5674,#5680,#6419,.T.);
#6421=ORIENTED_EDGE('',*,*,#6406,.F.);
#6422=ORIENTED_EDGE('',*,*,#6384,.F.);
#6423=ORIENTED_EDGE('',*,*,#6420,.T.);
#6424=DIRECTION('',(0.0,0.9090648228942843,-0.4166547104932137));
#6425=AXIS2_PLACEMENT_3D('',#5679,#6412,#6424);
#6426=PLANE('',#6425);
#6427=EDGE_LOOP('',(#6421,#6422,#6423));
#6428=FACE_BOUND('',#6427,.T.);
#6429=ADVANCED_FACE('',(#6428),#6426,.T.);
#6430=LINE('',#5681,#504);
#6431=EDGE_CURVE('',#5682,#5684,#6430,.T.);
#6432=DIRECTION('',(0.0,-0.8759324943093473,0.48243369017203297));
#6433=VECTOR('',#6432,1000.0);
#6434=LINE('',#5683,#6433);
#6435=EDGE_CURVE('',#5684,#5622,#6434,.T.);
#6436=DIRECTION('',(0.0,0.0,-1.0));
#6437=VECTOR('',#6436,1000.0);
#6438=LINE('',#5621,#6437);
#6439=EDGE_CURVE('',#5622,#5682,#6438,.T.);
#6440=ORIENTED_EDGE('',*,*,#6431,.T.);
#6441=ORIENTED_EDGE('',*,*,#6435,.T.);
#6442=ORIENTED_EDGE('',*,*,#6439,.T.);
#6443=DIRECTION('',(1.0,0.0,-0.0));
#6444=AXIS2_PLACEMENT_3D('',#5681,#6443,#503);
#6445=PLANE('',#6444);
#6446=EDGE_LOOP('',(#6440,#6441,#6442));
#6447=FACE_BOUND('',#6446,.T.);
#6448=ADVANCED_FACE('',(#6447),#6445,.T.);
#6449=LINE('',#5683,#691);
#6450=EDGE_CURVE('',#5684,#5626,#6449,.T.);
#6451=LINE('',#5625,#483);
#6452=EDGE_CURVE('',#5626,#5622,#6451,.T.);
#6453=ORIENTED_EDGE('',*,*,#6435,.F.);
#6454=ORIENTED_EDGE('',*,*,#6450,.T.);
#6455=ORIENTED_EDGE('',*,*,#6452,.T.);
#6456=DIRECTION('',(0.0,0.8759324943093473,-0.48243369017203297));
#6457=AXIS2_PLACEMENT_3D('',#5621,#6120,#6456);
#6458=PLANE('',#6457);
#6459=EDGE_LOOP('',(#6453,#6454,#6455));
#6460=FACE_BOUND('',#6459,.T.);
#6461=ADVANCED_FACE('',(#6460),#6458,.T.);
#6462=DIRECTION('',(0.00039666417339788597,0.9999937144481515,-0.003523311187238903));
#6463=VECTOR('',#6462,1000.0);
#6464=LINE('',#5681,#6463);
#6465=EDGE_CURVE('',#5682,#5686,#6464,.T.);
#6466=DIRECTION('',(-0.11187600635028848,0.0,0.99372217405224));
#6467=VECTOR('',#6466,1000.0);
#6468=LINE('',#5685,#6467);
#6469=EDGE_CURVE('',#5686,#5684,#6468,.T.);
#6470=ORIENTED_EDGE('',*,*,#6431,.F.);
#6471=ORIENTED_EDGE('',*,*,#6465,.T.);
#6472=ORIENTED_EDGE('',*,*,#6469,.T.);
#6473=DIRECTION('',(0.99372217405224,0.0,0.11187600635028846));
#6474=AXIS2_PLACEMENT_3D('',#5683,#6473,#482);
#6475=PLANE('',#6474);
#6476=EDGE_LOOP('',(#6470,#6471,#6472));
#6477=FACE_BOUND('',#6476,.T.);
#6478=ADVANCED_FACE('',(#6477),#6475,.T.);
#6479=LINE('',#5681,#6386);
#6480=EDGE_CURVE('',#5682,#5688,#6479,.T.);
#6481=LINE('',#5687,#504);
#6482=EDGE_CURVE('',#5688,#5686,#6481,.T.);
#6483=ORIENTED_EDGE('',*,*,#6465,.F.);
#6484=ORIENTED_EDGE('',*,*,#6480,.T.);
#6485=ORIENTED_EDGE('',*,*,#6482,.T.);
#6486=DIRECTION('',(0.99372217405224,0.0,0.11187600635028846));
#6487=DIRECTION('',(-0.00039666417339788597,-0.9999937144481515,0.003523311187238903));
#6488=AXIS2_PLACEMENT_3D('',#5685,#6486,#6487);
#6489=PLANE('',#6488);
#6490=EDGE_LOOP('',(#6483,#6484,#6485));
#6491=FACE_BOUND('',#6490,.T.);
#6492=ADVANCED_FACE('',(#6491),#6489,.T.);
#6493=DIRECTION('',(0.0011716593010650286,0.9999937135690015,-0.003346645628077608));
#6494=VECTOR('',#6493,1000.0);
#6495=LINE('',#5687,#6494);
#6496=EDGE_CURVE('',#5688,#5690,#6495,.T.);
#6497=DIRECTION('',(-0.330434171201948,0.0,0.9438290409295963));
#6498=VECTOR('',#6497,1000.0);
#6499=LINE('',#5689,#6498);
#6500=EDGE_CURVE('',#5690,#5686,#6499,.T.);
#6501=ORIENTED_EDGE('',*,*,#6482,.F.);
#6502=ORIENTED_EDGE('',*,*,#6496,.T.);
#6503=ORIENTED_EDGE('',*,*,#6500,.T.);
#6504=DIRECTION('',(0.9438290409295964,0.0,0.330434171201948));
#6505=AXIS2_PLACEMENT_3D('',#5685,#6504,#482);
#6506=PLANE('',#6505);
#6507=EDGE_LOOP('',(#6501,#6502,#6503));
#6508=FACE_BOUND('',#6507,.T.);
#6509=ADVANCED_FACE('',(#6508),#6506,.T.);
#6510=LINE('',#5687,#6353);
#6511=EDGE_CURVE('',#5688,#5692,#6510,.T.);
#6512=LINE('',#5691,#504);
#6513=EDGE_CURVE('',#5692,#5690,#6512,.T.);
#6514=ORIENTED_EDGE('',*,*,#6496,.F.);
#6515=ORIENTED_EDGE('',*,*,#6511,.T.);
#6516=ORIENTED_EDGE('',*,*,#6513,.T.);
#6517=DIRECTION('',(0.9438290409295964,0.0,0.330434171201948));
#6518=DIRECTION('',(-0.0011716593010650286,-0.9999937135690015,0.003346645628077608));
#6519=AXIS2_PLACEMENT_3D('',#5689,#6517,#6518);
#6520=PLANE('',#6519);
#6521=EDGE_LOOP('',(#6514,#6515,#6516));
#6522=FACE_BOUND('',#6521,.T.);
#6523=ADVANCED_FACE('',(#6522),#6520,.T.);
#6524=DIRECTION('',(0.001885821484405083,0.9999937168741475,-0.0030016478068172277));
#6525=VECTOR('',#6524,1000.0);
#6526=LINE('',#5691,#6525);
#6527=EDGE_CURVE('',#5692,#5694,#6526,.T.);
#6528=DIRECTION('',(-0.5319837715511511,0.0,0.8467545493271429));
#6529=VECTOR('',#6528,1000.0);
#6530=LINE('',#5693,#6529);
#6531=EDGE_CURVE('',#5694,#5690,#6530,.T.);
#6532=ORIENTED_EDGE('',*,*,#6513,.F.);
#6533=ORIENTED_EDGE('',*,*,#6527,.T.);
#6534=ORIENTED_EDGE('',*,*,#6531,.T.);
#6535=DIRECTION('',(0.8467545493271429,0.0,0.5319837715511511));
#6536=AXIS2_PLACEMENT_3D('',#5689,#6535,#482);
#6537=PLANE('',#6536);
#6538=EDGE_LOOP('',(#6532,#6533,#6534));
#6539=FACE_BOUND('',#6538,.T.);
#6540=ADVANCED_FACE('',(#6539),#6537,.T.);
#6541=LINE('',#5691,#6320);
#6542=EDGE_CURVE('',#5692,#5696,#6541,.T.);
#6543=LINE('',#5695,#504);
#6544=EDGE_CURVE('',#5696,#5694,#6543,.T.);
#6545=ORIENTED_EDGE('',*,*,#6527,.F.);
#6546=ORIENTED_EDGE('',*,*,#6542,.T.);
#6547=ORIENTED_EDGE('',*,*,#6544,.T.);
#6548=DIRECTION('',(0.8467545493271429,0.0,0.5319837715511511));
#6549=DIRECTION('',(-0.001885821484405083,-0.9999937168741475,0.0030016478068172277));
#6550=AXIS2_PLACEMENT_3D('',#5693,#6548,#6549);
#6551=PLANE('',#6550);
#6552=EDGE_LOOP('',(#6545,#6546,#6547));
#6553=FACE_BOUND('',#6552,.T.);
#6554=ADVANCED_FACE('',(#6553),#6551,.T.);
#6555=DIRECTION('',(0.002507484234101429,0.9999937125030494,-0.002507484234101429));
#6556=VECTOR('',#6555,1000.0);
#6557=LINE('',#5695,#6556);
#6558=EDGE_CURVE('',#5696,#5698,#6557,.T.);
#6559=LINE('',#5697,#6268);
#6560=EDGE_CURVE('',#5698,#5694,#6559,.T.);
#6561=ORIENTED_EDGE('',*,*,#6544,.F.);
#6562=ORIENTED_EDGE('',*,*,#6558,.T.);
#6563=ORIENTED_EDGE('',*,*,#6560,.T.);
#6564=DIRECTION('',(0.7071067811865476,0.0,0.7071067811865476));
#6565=AXIS2_PLACEMENT_3D('',#5693,#6564,#482);
#6566=PLANE('',#6565);
#6567=EDGE_LOOP('',(#6561,#6562,#6563));
#6568=FACE_BOUND('',#6567,.T.);
#6569=ADVANCED_FACE('',(#6568),#6566,.T.);
#6570=LINE('',#5695,#6287);
#6571=EDGE_CURVE('',#5696,#5700,#6570,.T.);
#6572=LINE('',#5699,#504);
#6573=EDGE_CURVE('',#5700,#5698,#6572,.T.);
#6574=ORIENTED_EDGE('',*,*,#6558,.F.);
#6575=ORIENTED_EDGE('',*,*,#6571,.T.);
#6576=ORIENTED_EDGE('',*,*,#6573,.T.);
#6577=DIRECTION('',(0.7071067811865476,0.0,0.7071067811865476));
#6578=DIRECTION('',(-0.002507484234101429,-0.9999937125030494,0.002507484234101429));
#6579=AXIS2_PLACEMENT_3D('',#5697,#6577,#6578);
#6580=PLANE('',#6579);
#6581=EDGE_LOOP('',(#6574,#6575,#6576));
#6582=FACE_BOUND('',#6581,.T.);
#6583=ADVANCED_FACE('',(#6582),#6580,.T.);
#6584=DIRECTION('',(0.0030016478068171353,0.9999937168741475,-0.0018858214844051757));
#6585=VECTOR('',#6584,1000.0);
#6586=LINE('',#5699,#6585);
#6587=EDGE_CURVE('',#5700,#5702,#6586,.T.);
#6588=LINE('',#5701,#6235);
#6589=EDGE_CURVE('',#5702,#5698,#6588,.T.);
#6590=ORIENTED_EDGE('',*,*,#6573,.F.);
#6591=ORIENTED_EDGE('',*,*,#6587,.T.);
#6592=ORIENTED_EDGE('',*,*,#6589,.T.);
#6593=DIRECTION('',(0.5319837715511816,0.0,0.8467545493271237));
#6594=AXIS2_PLACEMENT_3D('',#5697,#6593,#482);
#6595=PLANE('',#6594);
#6596=EDGE_LOOP('',(#6590,#6591,#6592));
#6597=FACE_BOUND('',#6596,.T.);
#6598=ADVANCED_FACE('',(#6597),#6595,.T.);
#6599=LINE('',#5699,#6254);
#6600=EDGE_CURVE('',#5700,#5704,#6599,.T.);
#6601=LINE('',#5703,#504);
#6602=EDGE_CURVE('',#5704,#5702,#6601,.T.);
#6603=ORIENTED_EDGE('',*,*,#6587,.F.);
#6604=ORIENTED_EDGE('',*,*,#6600,.T.);
#6605=ORIENTED_EDGE('',*,*,#6602,.T.);
#6606=DIRECTION('',(0.5319837715511816,0.0,0.8467545493271237));
#6607=DIRECTION('',(-0.0030016478068171353,-0.9999937168741475,0.0018858214844051757));
#6608=AXIS2_PLACEMENT_3D('',#5701,#6606,#6607);
#6609=PLANE('',#6608);
#6610=EDGE_LOOP('',(#6603,#6604,#6605));
#6611=FACE_BOUND('',#6610,.T.);
#6612=ADVANCED_FACE('',(#6611),#6609,.T.);
#6613=DIRECTION('',(0.003346645628077608,0.9999937135690015,-0.0011716593010650286));
#6614=VECTOR('',#6613,1000.0);
#6615=LINE('',#5703,#6614);
#6616=EDGE_CURVE('',#5704,#5706,#6615,.T.);
#6617=LINE('',#5705,#6202);
#6618=EDGE_CURVE('',#5706,#5702,#6617,.T.);
#6619=ORIENTED_EDGE('',*,*,#6602,.F.);
#6620=ORIENTED_EDGE('',*,*,#6616,.T.);
#6621=ORIENTED_EDGE('',*,*,#6618,.T.);
#6622=DIRECTION('',(0.330434171201948,0.0,0.9438290409295964));
#6623=AXIS2_PLACEMENT_3D('',#5701,#6622,#482);
#6624=PLANE('',#6623);
#6625=EDGE_LOOP('',(#6619,#6620,#6621));
#6626=FACE_BOUND('',#6625,.T.);
#6627=ADVANCED_FACE('',(#6626),#6624,.T.);
#6628=LINE('',#5703,#6221);
#6629=EDGE_CURVE('',#5704,#5708,#6628,.T.);
#6630=LINE('',#5707,#504);
#6631=EDGE_CURVE('',#5708,#5706,#6630,.T.);
#6632=ORIENTED_EDGE('',*,*,#6616,.F.);
#6633=ORIENTED_EDGE('',*,*,#6629,.T.);
#6634=ORIENTED_EDGE('',*,*,#6631,.T.);
#6635=DIRECTION('',(0.330434171201948,0.0,0.9438290409295964));
#6636=DIRECTION('',(-0.003346645628077608,-0.9999937135690015,0.0011716593010650286));
#6637=AXIS2_PLACEMENT_3D('',#5705,#6635,#6636);
#6638=PLANE('',#6637);
#6639=EDGE_LOOP('',(#6632,#6633,#6634));
#6640=FACE_BOUND('',#6639,.T.);
#6641=ADVANCED_FACE('',(#6640),#6638,.T.);
#6642=DIRECTION('',(0.003523311187239088,0.9999937144481515,-0.0003966641733977009));
#6643=VECTOR('',#6642,1000.0);
#6644=LINE('',#5707,#6643);
#6645=EDGE_CURVE('',#5708,#5638,#6644,.T.);
#6646=LINE('',#5637,#6169);
#6647=EDGE_CURVE('',#5638,#5706,#6646,.T.);
#6648=ORIENTED_EDGE('',*,*,#6631,.F.);
#6649=ORIENTED_EDGE('',*,*,#6645,.T.);
#6650=ORIENTED_EDGE('',*,*,#6647,.T.);
#6651=DIRECTION('',(0.11187600635023115,0.0,0.9937221740522464));
#6652=AXIS2_PLACEMENT_3D('',#5705,#6651,#482);
#6653=PLANE('',#6652);
#6654=EDGE_LOOP('',(#6648,#6649,#6650));
#6655=FACE_BOUND('',#6654,.T.);
#6656=ADVANCED_FACE('',(#6655),#6653,.T.);
#6657=LINE('',#5707,#6188);
#6658=EDGE_CURVE('',#5708,#5640,#6657,.T.);
#6659=ORIENTED_EDGE('',*,*,#6645,.F.);
#6660=ORIENTED_EDGE('',*,*,#6658,.T.);
#6661=ORIENTED_EDGE('',*,*,#6077,.F.);
#6662=DIRECTION('',(0.11187600635023115,0.0,0.9937221740522464));
#6663=DIRECTION('',(-0.003523311187239088,-0.9999937144481515,0.0003966641733977009));
#6664=AXIS2_PLACEMENT_3D('',#5637,#6662,#6663);
#6665=PLANE('',#6664);
#6666=EDGE_LOOP('',(#6659,#6660,#6661));
#6667=FACE_BOUND('',#6666,.T.);
#6668=ADVANCED_FACE('',(#6667),#6665,.T.);
#6669=DIRECTION('',(-0.6482949600088463,0.0,-0.7613892859944434));
#6670=VECTOR('',#6669,1000.0);
#6671=LINE('',#5701,#6670);
#6672=EDGE_CURVE('',#5702,#5660,#6671,.T.);
#6673=DIRECTION('',(0.6234934204544235,0.0,0.7818285967205624));
#6674=VECTOR('',#6673,1000.0);
#6675=LINE('',#5659,#6674);
#6676=EDGE_CURVE('',#5660,#5698,#6675,.T.);
#6677=ORIENTED_EDGE('',*,*,#6589,.F.);
#6678=ORIENTED_EDGE('',*,*,#6672,.T.);
#6679=ORIENTED_EDGE('',*,*,#6676,.T.);
#6680=AXIS2_PLACEMENT_3D('',#5697,#503,#6253);
#6681=PLANE('',#6680);
#6682=EDGE_LOOP('',(#6677,#6678,#6679));
#6683=FACE_BOUND('',#6682,.T.);
#6684=ADVANCED_FACE('',(#6683),#6681,.T.);
#6685=DIRECTION('',(-0.979575523660212,0.0,0.2010765860209021));
#6686=VECTOR('',#6685,1000.0);
#6687=LINE('',#5643,#6686);
#6688=EDGE_CURVE('',#5644,#5618,#6687,.T.);
#6689=LINE('',#5617,#720);
#6690=EDGE_CURVE('',#5618,#5634,#6689,.T.);
#6691=ORIENTED_EDGE('',*,*,#6130,.F.);
#6692=ORIENTED_EDGE('',*,*,#6688,.T.);
#6693=ORIENTED_EDGE('',*,*,#6690,.T.);
#6694=DIRECTION('',(0.0,0.0,-1.0));
#6695=AXIS2_PLACEMENT_3D('',#5633,#503,#6694);
#6696=PLANE('',#6695);
#6697=EDGE_LOOP('',(#6691,#6692,#6693));
#6698=FACE_BOUND('',#6697,.T.);
#6699=ADVANCED_FACE('',(#6698),#6696,.T.);
#6700=DIRECTION('',(0.12730193108134769,0.0,0.991864012021285));
#6701=VECTOR('',#6700,1000.0);
#6702=LINE('',#5645,#6701);
#6703=EDGE_CURVE('',#5646,#5618,#6702,.T.);
#6704=ORIENTED_EDGE('',*,*,#6688,.F.);
#6705=ORIENTED_EDGE('',*,*,#6141,.F.);
#6706=ORIENTED_EDGE('',*,*,#6703,.T.);
#6707=DIRECTION('',(0.979575523660212,0.0,-0.2010765860209021));
#6708=AXIS2_PLACEMENT_3D('',#5617,#503,#6707);
#6709=PLANE('',#6708);
#6710=EDGE_LOOP('',(#6704,#6705,#6706));
#6711=FACE_BOUND('',#6710,.T.);
#6712=ADVANCED_FACE('',(#6711),#6709,.T.);
#6713=DIRECTION('',(0.3686429441516483,0.0,0.9295710729832359));
#6714=VECTOR('',#6713,1000.0);
#6715=LINE('',#5651,#6714);
#6716=EDGE_CURVE('',#5652,#5618,#6715,.T.);
#6717=ORIENTED_EDGE('',*,*,#6190,.F.);
#6718=ORIENTED_EDGE('',*,*,#6716,.T.);
#6719=ORIENTED_EDGE('',*,*,#6703,.F.);
#6720=DIRECTION('',(0.0,1.0,-0.0));
#6721=AXIS2_PLACEMENT_3D('',#5645,#6720,#6168);
#6722=PLANE('',#6721);
#6723=EDGE_LOOP('',(#6717,#6718,#6719));
#6724=FACE_BOUND('',#6723,.T.);
#6725=ADVANCED_FACE('',(#6724),#6722,.T.);
#6726=DIRECTION('',(0.5789927684770022,0.0,0.8153326769186529));
#6727=VECTOR('',#6726,1000.0);
#6728=LINE('',#5655,#6727);
#6729=EDGE_CURVE('',#5656,#5618,#6728,.T.);
#6730=ORIENTED_EDGE('',*,*,#6716,.F.);
#6731=ORIENTED_EDGE('',*,*,#6223,.F.);
#6732=ORIENTED_EDGE('',*,*,#6729,.T.);
#6733=DIRECTION('',(-0.3686429441516483,0.0,-0.9295710729832359));
#6734=AXIS2_PLACEMENT_3D('',#5617,#503,#6733);
#6735=PLANE('',#6734);
#6736=EDGE_LOOP('',(#6730,#6731,#6732));
#6737=FACE_BOUND('',#6736,.T.);
#6738=ADVANCED_FACE('',(#6737),#6735,.T.);
#6739=DIRECTION('',(0.7497306417417862,0.0,0.6617431260190388));
#6740=VECTOR('',#6739,1000.0);
#6741=LINE('',#5659,#6740);
#6742=EDGE_CURVE('',#5660,#5618,#6741,.T.);
#6743=ORIENTED_EDGE('',*,*,#6729,.F.);
#6744=ORIENTED_EDGE('',*,*,#6256,.F.);
#6745=ORIENTED_EDGE('',*,*,#6742,.T.);
#6746=DIRECTION('',(-0.5789927684770022,0.0,-0.8153326769186529));
#6747=AXIS2_PLACEMENT_3D('',#5617,#503,#6746);
#6748=PLANE('',#6747);
#6749=EDGE_LOOP('',(#6743,#6744,#6745));
#6750=FACE_BOUND('',#6749,.T.);
#6751=ADVANCED_FACE('',(#6750),#6748,.T.);
#6752=DIRECTION('',(0.051929838256160196,0.0,-0.9986507356922585));
#6753=VECTOR('',#6752,1000.0);
#6754=LINE('',#5615,#6753);
#6755=EDGE_CURVE('',#5616,#5618,#6754,.T.);
#6756=DIRECTION('',(-0.9982087777114838,0.0,0.0598267172736878));
#6757=VECTOR('',#6756,1000.0);
#6758=LINE('',#5617,#6757);
#6759=EDGE_CURVE('',#5618,#5638,#6758,.T.);
#6760=ORIENTED_EDGE('',*,*,#6755,.T.);
#6761=ORIENTED_EDGE('',*,*,#6759,.T.);
#6762=ORIENTED_EDGE('',*,*,#6083,.F.);
#6763=AXIS2_PLACEMENT_3D('',#5615,#503,#6752);
#6764=PLANE('',#6763);
#6765=EDGE_LOOP('',(#6760,#6761,#6762));
#6766=FACE_BOUND('',#6765,.T.);
#6767=ADVANCED_FACE('',(#6766),#6764,.T.);
#6768=DIRECTION('',(0.6893797692121755,0.0,0.7244001199620054));
#6769=VECTOR('',#6768,1000.0);
#6770=LINE('',#5659,#6769);
#6771=EDGE_CURVE('',#5660,#5638,#6770,.T.);
#6772=ORIENTED_EDGE('',*,*,#6759,.F.);
#6773=ORIENTED_EDGE('',*,*,#6742,.F.);
#6774=ORIENTED_EDGE('',*,*,#6771,.T.);
#6775=DIRECTION('',(0.9982087777114838,0.0,-0.0598267172736878));
#6776=AXIS2_PLACEMENT_3D('',#5637,#503,#6775);
#6777=PLANE('',#6776);
#6778=EDGE_LOOP('',(#6772,#6773,#6774));
#6779=FACE_BOUND('',#6778,.T.);
#6780=ADVANCED_FACE('',(#6779),#6777,.T.);
#6781=DIRECTION('',(0.670706200896595,0.0,0.7417231235972467));
#6782=VECTOR('',#6781,1000.0);
#6783=LINE('',#5659,#6782);
#6784=EDGE_CURVE('',#5660,#5706,#6783,.T.);
#6785=ORIENTED_EDGE('',*,*,#6771,.F.);
#6786=ORIENTED_EDGE('',*,*,#6784,.T.);
#6787=ORIENTED_EDGE('',*,*,#6647,.F.);
#6788=DIRECTION('',(0.0,1.0,-0.0));
#6789=DIRECTION('',(-0.6893797692121755,0.0,-0.7244001199620054));
#6790=AXIS2_PLACEMENT_3D('',#5637,#6788,#6789);
#6791=PLANE('',#6790);
#6792=EDGE_LOOP('',(#6785,#6786,#6787));
#6793=FACE_BOUND('',#6792,.T.);
#6794=ADVANCED_FACE('',(#6793),#6791,.T.);
#6795=ORIENTED_EDGE('',*,*,#6784,.F.);
#6796=ORIENTED_EDGE('',*,*,#6672,.F.);
#6797=ORIENTED_EDGE('',*,*,#6618,.F.);
#6798=DIRECTION('',(0.0,1.0,-0.0));
#6799=DIRECTION('',(-0.670706200896595,0.0,-0.7417231235972467));
#6800=AXIS2_PLACEMENT_3D('',#5705,#6798,#6799);
#6801=PLANE('',#6800);
#6802=EDGE_LOOP('',(#6795,#6796,#6797));
#6803=FACE_BOUND('',#6802,.T.);
#6804=ADVANCED_FACE('',(#6803),#6801,.T.);
#6805=DIRECTION('',(0.0523363301273488,0.0,-0.9986295151600524));
#6806=VECTOR('',#6805,1000.0);
#6807=LINE('',#5623,#6806);
#6808=EDGE_CURVE('',#5624,#5626,#6807,.T.);
#6809=DIRECTION('',(-0.9210332811885368,0.0,0.3894838827770383));
#6810=VECTOR('',#6809,1000.0);
#6811=LINE('',#5625,#6810);
#6812=EDGE_CURVE('',#5626,#5710,#6811,.T.);
#6813=LINE('',#5709,#651);
#6814=EDGE_CURVE('',#5710,#5624,#6813,.T.);
#6815=ORIENTED_EDGE('',*,*,#6808,.T.);
#6816=ORIENTED_EDGE('',*,*,#6812,.T.);
#6817=ORIENTED_EDGE('',*,*,#6814,.T.);
#6818=AXIS2_PLACEMENT_3D('',#5623,#503,#6805);
#6819=PLANE('',#6818);
#6820=EDGE_LOOP('',(#6815,#6816,#6817));
#6821=FACE_BOUND('',#6820,.T.);
#6822=ADVANCED_FACE('',(#6821),#6819,.T.);
#6823=DIRECTION('',(-0.9996823259113753,0.0,0.025204111974492953));
#6824=VECTOR('',#6823,1000.0);
#6825=LINE('',#5625,#6824);
#6826=EDGE_CURVE('',#5626,#5712,#6825,.T.);
#6827=LINE('',#5711,#618);
#6828=EDGE_CURVE('',#5712,#5710,#6827,.T.);
#6829=ORIENTED_EDGE('',*,*,#6812,.F.);
#6830=ORIENTED_EDGE('',*,*,#6826,.T.);
#6831=ORIENTED_EDGE('',*,*,#6828,.T.);
#6832=DIRECTION('',(0.9210332811885368,0.0,-0.3894838827770383));
#6833=AXIS2_PLACEMENT_3D('',#5709,#503,#6832);
#6834=PLANE('',#6833);
#6835=EDGE_LOOP('',(#6829,#6830,#6831));
#6836=FACE_BOUND('',#6835,.T.);
#6837=ADVANCED_FACE('',(#6836),#6834,.T.);
#6838=DIRECTION('',(0.598038718572877,0.0,0.8014672114863536));
#6839=VECTOR('',#6838,1000.0);
#6840=LINE('',#5659,#6839);
#6841=EDGE_CURVE('',#5660,#5694,#6840,.T.);
#6842=ORIENTED_EDGE('',*,*,#6676,.F.);
#6843=ORIENTED_EDGE('',*,*,#6841,.T.);
#6844=ORIENTED_EDGE('',*,*,#6560,.F.);
#6845=DIRECTION('',(0.0,1.0,-0.0));
#6846=DIRECTION('',(-0.6234934204544235,0.0,-0.7818285967205624));
#6847=AXIS2_PLACEMENT_3D('',#5697,#6845,#6846);
#6848=PLANE('',#6847);
#6849=EDGE_LOOP('',(#6842,#6843,#6844));
#6850=FACE_BOUND('',#6849,.T.);
#6851=ADVANCED_FACE('',(#6850),#6848,.T.);
#6852=DIRECTION('',(0.7818323178146231,0.0,0.6234887543657978));
#6853=VECTOR('',#6852,1000.0);
#6854=LINE('',#5663,#6853);
#6855=EDGE_CURVE('',#5664,#5694,#6854,.T.);
#6856=ORIENTED_EDGE('',*,*,#6841,.F.);
#6857=ORIENTED_EDGE('',*,*,#6289,.F.);
#6858=ORIENTED_EDGE('',*,*,#6855,.T.);
#6859=DIRECTION('',(-0.598038718572877,0.0,-0.8014672114863536));
#6860=AXIS2_PLACEMENT_3D('',#5693,#503,#6859);
#6861=PLANE('',#6860);
#6862=EDGE_LOOP('',(#6856,#6857,#6858));
#6863=FACE_BOUND('',#6862,.T.);
#6864=ADVANCED_FACE('',(#6863),#6861,.T.);
#6865=DIRECTION('',(0.7613930383633137,0.0,0.6482905530176123));
#6866=VECTOR('',#6865,1000.0);
#6867=LINE('',#5663,#6866);
#6868=EDGE_CURVE('',#5664,#5690,#6867,.T.);
#6869=ORIENTED_EDGE('',*,*,#6855,.F.);
#6870=ORIENTED_EDGE('',*,*,#6868,.T.);
#6871=ORIENTED_EDGE('',*,*,#6531,.F.);
#6872=DIRECTION('',(0.0,1.0,-0.0));
#6873=DIRECTION('',(-0.7818323178146231,0.0,-0.6234887543657978));
#6874=AXIS2_PLACEMENT_3D('',#5693,#6872,#6873);
#6875=PLANE('',#6874);
#6876=EDGE_LOOP('',(#6869,#6870,#6871));
#6877=FACE_BOUND('',#6876,.T.);
#6878=ADVANCED_FACE('',(#6877),#6875,.T.);
#6879=DIRECTION('',(0.9009682935665712,0.0,0.433884931736216));
#6880=VECTOR('',#6879,1000.0);
#6881=LINE('',#5667,#6880);
#6882=EDGE_CURVE('',#5668,#5690,#6881,.T.);
#6883=ORIENTED_EDGE('',*,*,#6868,.F.);
#6884=ORIENTED_EDGE('',*,*,#6322,.F.);
#6885=ORIENTED_EDGE('',*,*,#6882,.T.);
#6886=DIRECTION('',(-0.7613930383633137,0.0,-0.6482905530176123));
#6887=AXIS2_PLACEMENT_3D('',#5689,#503,#6886);
#6888=PLANE('',#6887);
#6889=EDGE_LOOP('',(#6883,#6884,#6885));
#6890=FACE_BOUND('',#6889,.T.);
#6891=ADVANCED_FACE('',(#6890),#6888,.T.);
#6892=DIRECTION('',(0.8865559725504676,0.0,0.4626213435792761));
#6893=VECTOR('',#6892,1000.0);
#6894=LINE('',#5667,#6893);
#6895=EDGE_CURVE('',#5668,#5686,#6894,.T.);
#6896=ORIENTED_EDGE('',*,*,#6882,.F.);
#6897=ORIENTED_EDGE('',*,*,#6895,.T.);
#6898=ORIENTED_EDGE('',*,*,#6500,.F.);
#6899=DIRECTION('',(0.0,1.0,-0.0));
#6900=DIRECTION('',(-0.9009682935665712,0.0,-0.433884931736216));
#6901=AXIS2_PLACEMENT_3D('',#5689,#6899,#6900);
#6902=PLANE('',#6901);
#6903=EDGE_LOOP('',(#6896,#6897,#6898));
#6904=FACE_BOUND('',#6903,.T.);
#6905=ADVANCED_FACE('',(#6904),#6902,.T.);
#6906=DIRECTION('',(0.9749281031768599,0.0,0.2225200971507299));
#6907=VECTOR('',#6906,1000.0);
#6908=LINE('',#5671,#6907);
#6909=EDGE_CURVE('',#5672,#5686,#6908,.T.);
#6910=ORIENTED_EDGE('',*,*,#6895,.F.);
#6911=ORIENTED_EDGE('',*,*,#6355,.F.);
#6912=ORIENTED_EDGE('',*,*,#6909,.T.);
#6913=DIRECTION('',(-0.8865559725504676,0.0,-0.4626213435792761));
#6914=AXIS2_PLACEMENT_3D('',#5685,#503,#6913);
#6915=PLANE('',#6914);
#6916=EDGE_LOOP('',(#6910,#6911,#6912));
#6917=FACE_BOUND('',#6916,.T.);
#6918=ADVANCED_FACE('',(#6917),#6915,.T.);
#6919=DIRECTION('',(0.9672724673721743,0.0,0.25373997293242145));
#6920=VECTOR('',#6919,1000.0);
#6921=LINE('',#5671,#6920);
#6922=EDGE_CURVE('',#5672,#5684,#6921,.T.);
#6923=ORIENTED_EDGE('',*,*,#6909,.F.);
#6924=ORIENTED_EDGE('',*,*,#6922,.T.);
#6925=ORIENTED_EDGE('',*,*,#6469,.F.);
#6926=DIRECTION('',(0.0,1.0,-0.0));
#6927=DIRECTION('',(-0.9749281031768599,0.0,-0.2225200971507299));
#6928=AXIS2_PLACEMENT_3D('',#5685,#6926,#6927);
#6929=PLANE('',#6928);
#6930=EDGE_LOOP('',(#6923,#6924,#6925));
#6931=FACE_BOUND('',#6930,.T.);
#6932=ADVANCED_FACE('',(#6931),#6929,.T.);
#6933=LINE('',#5675,#720);
#6934=EDGE_CURVE('',#5676,#5684,#6933,.T.);
#6935=ORIENTED_EDGE('',*,*,#6922,.F.);
#6936=ORIENTED_EDGE('',*,*,#6388,.F.);
#6937=ORIENTED_EDGE('',*,*,#6934,.T.);
#6938=DIRECTION('',(-0.9672724673721743,0.0,-0.25373997293242145));
#6939=AXIS2_PLACEMENT_3D('',#5683,#503,#6938);
#6940=PLANE('',#6939);
#6941=EDGE_LOOP('',(#6935,#6936,#6937));
#6942=FACE_BOUND('',#6941,.T.);
#6943=ADVANCED_FACE('',(#6942),#6940,.T.);
#6944=DIRECTION('',(0.19442645741049197,0.0,0.9809170977502667));
#6945=VECTOR('',#6944,1000.0);
#6946=LINE('',#5675,#6945);
#6947=EDGE_CURVE('',#5676,#5626,#6946,.T.);
#6948=ORIENTED_EDGE('',*,*,#6934,.F.);
#6949=ORIENTED_EDGE('',*,*,#6947,.T.);
#6950=ORIENTED_EDGE('',*,*,#6450,.F.);
#6951=DIRECTION('',(0.0,1.0,-0.0));
#6952=AXIS2_PLACEMENT_3D('',#5683,#6951,#740);
#6953=PLANE('',#6952);
#6954=EDGE_LOOP('',(#6948,#6949,#6950));
#6955=FACE_BOUND('',#6954,.T.);
#6956=ADVANCED_FACE('',(#6955),#6953,.T.);
#6957=DIRECTION('',(0.763176979327532,0.0,0.64618952190863));
#6958=VECTOR('',#6957,1000.0);
#6959=LINE('',#5677,#6958);
#6960=EDGE_CURVE('',#5678,#5626,#6959,.T.);
#6961=ORIENTED_EDGE('',*,*,#6947,.F.);
#6962=ORIENTED_EDGE('',*,*,#6402,.F.);
#6963=ORIENTED_EDGE('',*,*,#6960,.T.);
#6964=DIRECTION('',(0.0,1.0,-0.0));
#6965=DIRECTION('',(-0.19442645741049197,0.0,-0.9809170977502667));
#6966=AXIS2_PLACEMENT_3D('',#5625,#6964,#6965);
#6967=PLANE('',#6966);
#6968=EDGE_LOOP('',(#6961,#6962,#6963));
#6969=FACE_BOUND('',#6968,.T.);
#6970=ADVANCED_FACE('',(#6969),#6967,.T.);
#6971=LINE('',#5677,#487);
#6972=EDGE_CURVE('',#5678,#5714,#6971,.T.);
#6973=DIRECTION('',(0.8535077850424487,0.0,0.5210800906501163));
#6974=VECTOR('',#6973,1000.0);
#6975=LINE('',#5713,#6974);
#6976=EDGE_CURVE('',#5714,#5626,#6975,.T.);
#6977=ORIENTED_EDGE('',*,*,#6960,.F.);
#6978=ORIENTED_EDGE('',*,*,#6972,.T.);
#6979=ORIENTED_EDGE('',*,*,#6976,.T.);
#6980=DIRECTION('',(0.0,1.0,-0.0));
#6981=DIRECTION('',(-0.763176979327532,0.0,-0.64618952190863));
#6982=AXIS2_PLACEMENT_3D('',#5625,#6980,#6981);
#6983=PLANE('',#6982);
#6984=EDGE_LOOP('',(#6977,#6978,#6979));
#6985=FACE_BOUND('',#6984,.T.);
#6986=ADVANCED_FACE('',(#6985),#6983,.T.);
#6987=LINE('',#5713,#521);
#6988=EDGE_CURVE('',#5714,#5716,#6987,.T.);
#6989=DIRECTION('',(0.9271030656212905,0.0,0.37480649102650965));
#6990=VECTOR('',#6989,1000.0);
#6991=LINE('',#5715,#6990);
#6992=EDGE_CURVE('',#5716,#5626,#6991,.T.);
#6993=ORIENTED_EDGE('',*,*,#6988,.T.);
#6994=ORIENTED_EDGE('',*,*,#6992,.T.);
#6995=ORIENTED_EDGE('',*,*,#6976,.F.);
#6996=AXIS2_PLACEMENT_3D('',#5713,#503,#520);
#6997=PLANE('',#6996);
#6998=EDGE_LOOP('',(#6993,#6994,#6995));
#6999=FACE_BOUND('',#6998,.T.);
#7000=ADVANCED_FACE('',(#6999),#6997,.T.);
#7001=LINE('',#5715,#553);
#7002=EDGE_CURVE('',#5716,#5718,#7001,.T.);
#7003=DIRECTION('',(0.9797401410029244,0.0,0.20027295400919617));
#7004=VECTOR('',#7003,1000.0);
#7005=LINE('',#5717,#7004);
#7006=EDGE_CURVE('',#5718,#5626,#7005,.T.);
#7007=ORIENTED_EDGE('',*,*,#6992,.F.);
#7008=ORIENTED_EDGE('',*,*,#7002,.T.);
#7009=ORIENTED_EDGE('',*,*,#7006,.T.);
#7010=DIRECTION('',(0.0,1.0,-0.0));
#7011=DIRECTION('',(-0.9271030656212905,0.0,-0.37480649102650965));
#7012=AXIS2_PLACEMENT_3D('',#5625,#7010,#7011);
#7013=PLANE('',#7012);
#7014=EDGE_LOOP('',(#7007,#7008,#7009));
#7015=FACE_BOUND('',#7014,.T.);
#7016=ADVANCED_FACE('',(#7015),#7013,.T.);
#7017=LINE('',#5717,#585);
#7018=EDGE_CURVE('',#5718,#5712,#7017,.T.);
#7019=ORIENTED_EDGE('',*,*,#7006,.F.);
#7020=ORIENTED_EDGE('',*,*,#7018,.T.);
#7021=ORIENTED_EDGE('',*,*,#6826,.F.);
#7022=DIRECTION('',(0.0,1.0,-0.0));
#7023=DIRECTION('',(-0.9797401410029244,0.0,-0.20027295400919617));
#7024=AXIS2_PLACEMENT_3D('',#5625,#7022,#7023);
#7025=PLANE('',#7024);
#7026=EDGE_LOOP('',(#7019,#7020,#7021));
#7027=FACE_BOUND('',#7026,.T.);
#7028=ADVANCED_FACE('',(#7027),#7025,.T.);
#7029=DIRECTION('',(-0.9805806756909202,0.0,-0.19611613513818407));
#7030=VECTOR('',#7029,1000.0);
#7031=LINE('',#5631,#7030);
#7032=EDGE_CURVE('',#5632,#5648,#7031,.T.);
#7033=ORIENTED_EDGE('',*,*,#6110,.F.);
#7034=ORIENTED_EDGE('',*,*,#7032,.T.);
#7035=ORIENTED_EDGE('',*,*,#6157,.F.);
#7036=DIRECTION('',(-0.0,-1.0,0.0));
#7037=AXIS2_PLACEMENT_3D('',#5641,#7036,#11);
#7038=PLANE('',#7037);
#7039=EDGE_LOOP('',(#7033,#7034,#7035));
#7040=FACE_BOUND('',#7039,.T.);
#7041=ADVANCED_FACE('',(#7040),#7038,.T.);
#7042=LINE('',#5631,#741);
#7043=EDGE_CURVE('',#5632,#5614,#7042,.T.);
#7044=DIRECTION('',(-0.12730193108134769,0.0,-0.991864012021285));
#7045=VECTOR('',#7044,1000.0);
#7046=LINE('',#5613,#7045);
#7047=EDGE_CURVE('',#5614,#5648,#7046,.T.);
#7048=ORIENTED_EDGE('',*,*,#7032,.F.);
#7049=ORIENTED_EDGE('',*,*,#7043,.T.);
#7050=ORIENTED_EDGE('',*,*,#7047,.T.);
#7051=DIRECTION('',(0.9805806756909202,0.0,0.19611613513818407));
#7052=AXIS2_PLACEMENT_3D('',#5647,#482,#7051);
#7053=PLANE('',#7052);
#7054=EDGE_LOOP('',(#7048,#7049,#7050));
#7055=FACE_BOUND('',#7054,.T.);
#7056=ADVANCED_FACE('',(#7055),#7053,.T.);
#7057=VECTOR('',#6733,1000.0);
#7058=LINE('',#5613,#7057);
#7059=EDGE_CURVE('',#5614,#5650,#7058,.T.);
#7060=ORIENTED_EDGE('',*,*,#7047,.F.);
#7061=ORIENTED_EDGE('',*,*,#7059,.T.);
#7062=ORIENTED_EDGE('',*,*,#6171,.F.);
#7063=DIRECTION('',(-0.0,-1.0,0.0));
#7064=AXIS2_PLACEMENT_3D('',#5647,#7063,#6700);
#7065=PLANE('',#7064);
#7066=EDGE_LOOP('',(#7060,#7061,#7062));
#7067=FACE_BOUND('',#7066,.T.);
#7068=ADVANCED_FACE('',(#7067),#7065,.T.);
#7069=VECTOR('',#6746,1000.0);
#7070=LINE('',#5613,#7069);
#7071=EDGE_CURVE('',#5614,#5654,#7070,.T.);
#7072=ORIENTED_EDGE('',*,*,#7059,.F.);
#7073=ORIENTED_EDGE('',*,*,#7071,.T.);
#7074=ORIENTED_EDGE('',*,*,#6204,.F.);
#7075=DIRECTION('',(-0.0,-1.0,0.0));
#7076=AXIS2_PLACEMENT_3D('',#5649,#7075,#6713);
#7077=PLANE('',#7076);
#7078=EDGE_LOOP('',(#7072,#7073,#7074));
#7079=FACE_BOUND('',#7078,.T.);
#7080=ADVANCED_FACE('',(#7079),#7077,.T.);
#7081=VECTOR('',#6799,1000.0);
#7082=LINE('',#5707,#7081);
#7083=EDGE_CURVE('',#5708,#5658,#7082,.T.);
#7084=LINE('',#5657,#6769);
#7085=EDGE_CURVE('',#5658,#5640,#7084,.T.);
#7086=ORIENTED_EDGE('',*,*,#6658,.F.);
#7087=ORIENTED_EDGE('',*,*,#7083,.T.);
#7088=ORIENTED_EDGE('',*,*,#7085,.T.);
#7089=DIRECTION('',(-0.0,-1.0,0.0));
#7090=AXIS2_PLACEMENT_3D('',#5639,#7089,#6168);
#7091=PLANE('',#7090);
#7092=EDGE_LOOP('',(#7086,#7087,#7088));
#7093=FACE_BOUND('',#7092,.T.);
#7094=ADVANCED_FACE('',(#7093),#7091,.T.);
#7095=DIRECTION('',(-0.7497306417417862,0.0,-0.6617431260190388));
#7096=VECTOR('',#7095,1000.0);
#7097=LINE('',#5613,#7096);
#7098=EDGE_CURVE('',#5614,#5658,#7097,.T.);
#7099=ORIENTED_EDGE('',*,*,#7071,.F.);
#7100=ORIENTED_EDGE('',*,*,#7098,.T.);
#7101=ORIENTED_EDGE('',*,*,#6237,.F.);
#7102=DIRECTION('',(-0.0,-1.0,0.0));
#7103=AXIS2_PLACEMENT_3D('',#5653,#7102,#6726);
#7104=PLANE('',#7103);
#7105=EDGE_LOOP('',(#7099,#7100,#7101));
#7106=FACE_BOUND('',#7105,.T.);
#7107=ADVANCED_FACE('',(#7106),#7104,.T.);
#7108=DIRECTION('',(-0.051929838256160196,0.0,0.9986507356922585));
#7109=VECTOR('',#7108,1000.0);
#7110=LINE('',#5613,#7109);
#7111=EDGE_CURVE('',#5614,#5612,#7110,.T.);
#7112=DIRECTION('',(-0.7462050284003127,0.0,-0.6657161974821467));
#7113=VECTOR('',#7112,1000.0);
#7114=LINE('',#5611,#7113);
#7115=EDGE_CURVE('',#5612,#5658,#7114,.T.);
#7116=ORIENTED_EDGE('',*,*,#7098,.F.);
#7117=ORIENTED_EDGE('',*,*,#7111,.T.);
#7118=ORIENTED_EDGE('',*,*,#7115,.T.);
#7119=AXIS2_PLACEMENT_3D('',#5657,#482,#6739);
#7120=PLANE('',#7119);
#7121=EDGE_LOOP('',(#7116,#7117,#7118));
#7122=FACE_BOUND('',#7121,.T.);
#7123=ADVANCED_FACE('',(#7122),#7120,.T.);
#7124=ORIENTED_EDGE('',*,*,#7115,.F.);
#7125=ORIENTED_EDGE('',*,*,#6094,.F.);
#7126=ORIENTED_EDGE('',*,*,#7085,.F.);
#7127=DIRECTION('',(0.7462050284003127,0.0,0.6657161974821467));
#7128=AXIS2_PLACEMENT_3D('',#5657,#482,#7127);
#7129=PLANE('',#7128);
#7130=EDGE_LOOP('',(#7124,#7125,#7126));
#7131=FACE_BOUND('',#7130,.T.);
#7132=ADVANCED_FACE('',(#7131),#7129,.T.);
#7133=LINE('',#5703,#6670);
#7134=EDGE_CURVE('',#5704,#5658,#7133,.T.);
#7135=ORIENTED_EDGE('',*,*,#6629,.F.);
#7136=ORIENTED_EDGE('',*,*,#7134,.T.);
#7137=ORIENTED_EDGE('',*,*,#7083,.F.);
#7138=DIRECTION('',(-0.0,-1.0,0.0));
#7139=AXIS2_PLACEMENT_3D('',#5707,#7138,#6201);
#7140=PLANE('',#7139);
#7141=EDGE_LOOP('',(#7135,#7136,#7137));
#7142=FACE_BOUND('',#7141,.T.);
#7143=ADVANCED_FACE('',(#7142),#7140,.T.);
#7144=VECTOR('',#6846,1000.0);
#7145=LINE('',#5699,#7144);
#7146=EDGE_CURVE('',#5700,#5658,#7145,.T.);
#7147=ORIENTED_EDGE('',*,*,#7134,.F.);
#7148=ORIENTED_EDGE('',*,*,#6600,.F.);
#7149=ORIENTED_EDGE('',*,*,#7146,.T.);
#7150=DIRECTION('',(0.6482949600088463,0.0,0.7613892859944434));
#7151=AXIS2_PLACEMENT_3D('',#5657,#482,#7150);
#7152=PLANE('',#7151);
#7153=EDGE_LOOP('',(#7147,#7148,#7149));
#7154=FACE_BOUND('',#7153,.T.);
#7155=ADVANCED_FACE('',(#7154),#7152,.T.);
#7156=DIRECTION('',(-0.8014708551722862,0.0,-0.5980338354218799));
#7157=VECTOR('',#7156,1000.0);
#7158=LINE('',#5699,#7157);
#7159=EDGE_CURVE('',#5700,#5662,#7158,.T.);
#7160=ORIENTED_EDGE('',*,*,#7146,.F.);
#7161=ORIENTED_EDGE('',*,*,#7159,.T.);
#7162=ORIENTED_EDGE('',*,*,#6270,.F.);
#7163=DIRECTION('',(-0.0,-1.0,0.0));
#7164=AXIS2_PLACEMENT_3D('',#5657,#7163,#6673);
#7165=PLANE('',#7164);
#7166=EDGE_LOOP('',(#7160,#7161,#7162));
#7167=FACE_BOUND('',#7166,.T.);
#7168=ADVANCED_FACE('',(#7167),#7165,.T.);
#7169=VECTOR('',#6873,1000.0);
#7170=LINE('',#5695,#7169);
#7171=EDGE_CURVE('',#5696,#5662,#7170,.T.);
#7172=ORIENTED_EDGE('',*,*,#7159,.F.);
#7173=ORIENTED_EDGE('',*,*,#6571,.F.);
#7174=ORIENTED_EDGE('',*,*,#7171,.T.);
#7175=DIRECTION('',(0.8014708551722862,0.0,0.5980338354218799));
#7176=AXIS2_PLACEMENT_3D('',#5661,#482,#7175);
#7177=PLANE('',#7176);
#7178=EDGE_LOOP('',(#7172,#7173,#7174));
#7179=FACE_BOUND('',#7178,.T.);
#7180=ADVANCED_FACE('',(#7179),#7177,.T.);
#7181=DIRECTION('',(-0.9144458642094131,0.0,-0.40470824235527975));
#7182=VECTOR('',#7181,1000.0);
#7183=LINE('',#5695,#7182);
#7184=EDGE_CURVE('',#5696,#5666,#7183,.T.);
#7185=ORIENTED_EDGE('',*,*,#7171,.F.);
#7186=ORIENTED_EDGE('',*,*,#7184,.T.);
#7187=ORIENTED_EDGE('',*,*,#6303,.F.);
#7188=DIRECTION('',(-0.0,-1.0,0.0));
#7189=AXIS2_PLACEMENT_3D('',#5661,#7188,#6852);
#7190=PLANE('',#7189);
#7191=EDGE_LOOP('',(#7185,#7186,#7187));
#7192=FACE_BOUND('',#7191,.T.);
#7193=ADVANCED_FACE('',(#7192),#7190,.T.);
#7194=VECTOR('',#6900,1000.0);
#7195=LINE('',#5691,#7194);
#7196=EDGE_CURVE('',#5692,#5666,#7195,.T.);
#7197=ORIENTED_EDGE('',*,*,#7184,.F.);
#7198=ORIENTED_EDGE('',*,*,#6542,.F.);
#7199=ORIENTED_EDGE('',*,*,#7196,.T.);
#7200=DIRECTION('',(0.9144458642094131,0.0,0.40470824235527975));
#7201=AXIS2_PLACEMENT_3D('',#5665,#482,#7200);
#7202=PLANE('',#7201);
#7203=EDGE_LOOP('',(#7197,#7198,#7199));
#7204=FACE_BOUND('',#7203,.T.);
#7205=ADVANCED_FACE('',(#7204),#7202,.T.);
#7206=DIRECTION('',(-0.9815767152503689,0.0,-0.1910684486729715));
#7207=VECTOR('',#7206,1000.0);
#7208=LINE('',#5691,#7207);
#7209=EDGE_CURVE('',#5692,#5670,#7208,.T.);
#7210=ORIENTED_EDGE('',*,*,#7196,.F.);
#7211=ORIENTED_EDGE('',*,*,#7209,.T.);
#7212=ORIENTED_EDGE('',*,*,#6336,.F.);
#7213=DIRECTION('',(-0.0,-1.0,0.0));
#7214=AXIS2_PLACEMENT_3D('',#5665,#7213,#6879);
#7215=PLANE('',#7214);
#7216=EDGE_LOOP('',(#7210,#7211,#7212));
#7217=FACE_BOUND('',#7216,.T.);
#7218=ADVANCED_FACE('',(#7217),#7215,.T.);
#7219=VECTOR('',#6927,1000.0);
#7220=LINE('',#5687,#7219);
#7221=EDGE_CURVE('',#5688,#5670,#7220,.T.);
#7222=ORIENTED_EDGE('',*,*,#7209,.F.);
#7223=ORIENTED_EDGE('',*,*,#6511,.F.);
#7224=ORIENTED_EDGE('',*,*,#7221,.T.);
#7225=DIRECTION('',(0.9815767152503689,0.0,0.1910684486729715));
#7226=AXIS2_PLACEMENT_3D('',#5669,#482,#7225);
#7227=PLANE('',#7226);
#7228=EDGE_LOOP('',(#7222,#7223,#7224));
#7229=FACE_BOUND('',#7228,.T.);
#7230=ADVANCED_FACE('',(#7229),#7227,.T.);
#7231=DIRECTION('',(-0.9994833334842885,0.0,0.032141345446860765));
#7232=VECTOR('',#7231,1000.0);
#7233=LINE('',#5687,#7232);
#7234=EDGE_CURVE('',#5688,#5674,#7233,.T.);
#7235=ORIENTED_EDGE('',*,*,#7221,.F.);
#7236=ORIENTED_EDGE('',*,*,#7234,.T.);
#7237=ORIENTED_EDGE('',*,*,#6369,.F.);
#7238=AXIS2_PLACEMENT_3D('',#5669,#482,#6906);
#7239=PLANE('',#7238);
#7240=EDGE_LOOP('',(#7235,#7236,#7237));
#7241=FACE_BOUND('',#7240,.T.);
#7242=ADVANCED_FACE('',(#7241),#7239,.T.);
#7243=LINE('',#5681,#741);
#7244=EDGE_CURVE('',#5682,#5674,#7243,.T.);
#7245=ORIENTED_EDGE('',*,*,#7234,.F.);
#7246=ORIENTED_EDGE('',*,*,#6480,.F.);
#7247=ORIENTED_EDGE('',*,*,#7244,.T.);
#7248=DIRECTION('',(0.9994833334842885,0.0,-0.032141345446860765));
#7249=AXIS2_PLACEMENT_3D('',#5673,#482,#7248);
#7250=PLANE('',#7249);
#7251=EDGE_LOOP('',(#7245,#7246,#7247));
#7252=FACE_BOUND('',#7251,.T.);
#7253=ADVANCED_FACE('',(#7252),#7250,.T.);
#7254=DIRECTION('',(-0.23170023207643417,0.0,0.9727872339086931));
#7255=VECTOR('',#7254,1000.0);
#7256=LINE('',#5681,#7255);
#7257=EDGE_CURVE('',#5682,#5680,#7256,.T.);
#7258=ORIENTED_EDGE('',*,*,#7244,.F.);
#7259=ORIENTED_EDGE('',*,*,#7257,.T.);
#7260=ORIENTED_EDGE('',*,*,#6420,.F.);
#7261=AXIS2_PLACEMENT_3D('',#5673,#482,#12);
#7262=PLANE('',#7261);
#7263=EDGE_LOOP('',(#7258,#7259,#7260));
#7264=FACE_BOUND('',#7263,.T.);
#7265=ADVANCED_FACE('',(#7264),#7262,.T.);
#7266=VECTOR('',#6981,1000.0);
#7267=LINE('',#5621,#7266);
#7268=EDGE_CURVE('',#5622,#5680,#7267,.T.);
#7269=ORIENTED_EDGE('',*,*,#7257,.F.);
#7270=ORIENTED_EDGE('',*,*,#6439,.F.);
#7271=ORIENTED_EDGE('',*,*,#7268,.T.);
#7272=DIRECTION('',(0.23170023207643417,0.0,-0.9727872339086931));
#7273=AXIS2_PLACEMENT_3D('',#5679,#482,#7272);
#7274=PLANE('',#7273);
#7275=EDGE_LOOP('',(#7269,#7270,#7271));
#7276=FACE_BOUND('',#7275,.T.);
#7277=ADVANCED_FACE('',(#7276),#7274,.T.);
#7278=DIRECTION('',(-0.9914432594619691,0.0,-0.13053835937158992));
#7279=VECTOR('',#7278,1000.0);
#7280=LINE('',#5619,#7279);
#7281=EDGE_CURVE('',#5620,#5720,#7280,.T.);
#7282=VECTOR('',#6832,1000.0);
#7283=LINE('',#5719,#7282);
#7284=EDGE_CURVE('',#5720,#5622,#7283,.T.);
#7285=DIRECTION('',(-0.0523363301273488,0.0,0.9986295151600524));
#7286=VECTOR('',#7285,1000.0);
#7287=LINE('',#5621,#7286);
#7288=EDGE_CURVE('',#5622,#5620,#7287,.T.);
#7289=ORIENTED_EDGE('',*,*,#7281,.T.);
#7290=ORIENTED_EDGE('',*,*,#7284,.T.);
#7291=ORIENTED_EDGE('',*,*,#7288,.T.);
#7292=DIRECTION('',(0.0,-1.0,-0.0));
#7293=DIRECTION('',(-0.9914432594619691,0.0,-0.13053835937158992));
#7294=AXIS2_PLACEMENT_3D('',#5619,#7292,#7293);
#7295=PLANE('',#7294);
#7296=EDGE_LOOP('',(#7289,#7290,#7291));
#7297=FACE_BOUND('',#7296,.T.);
#7298=ADVANCED_FACE('',(#7297),#7295,.T.);
#7299=DIRECTION('',(-0.9238821581518976,0.0,-0.38267709344640993));
#7300=VECTOR('',#7299,1000.0);
#7301=LINE('',#5719,#7300);
#7302=EDGE_CURVE('',#5720,#5722,#7301,.T.);
#7303=DIRECTION('',(0.9996823259113753,0.0,-0.025204111974492953));
#7304=VECTOR('',#7303,1000.0);
#7305=LINE('',#5721,#7304);
#7306=EDGE_CURVE('',#5722,#5622,#7305,.T.);
#7307=ORIENTED_EDGE('',*,*,#7284,.F.);
#7308=ORIENTED_EDGE('',*,*,#7302,.T.);
#7309=ORIENTED_EDGE('',*,*,#7306,.T.);
#7310=DIRECTION('',(-0.0,-1.0,0.0));
#7311=AXIS2_PLACEMENT_3D('',#5621,#7310,#6809);
#7312=PLANE('',#7311);
#7313=EDGE_LOOP('',(#7307,#7308,#7309));
#7314=FACE_BOUND('',#7313,.T.);
#7315=ADVANCED_FACE('',(#7314),#7312,.T.);
#7316=DIRECTION('',(-0.793360624164761,0.0,-0.6087519363623419));
#7317=VECTOR('',#7316,1000.0);
#7318=LINE('',#5721,#7317);
#7319=EDGE_CURVE('',#5722,#5724,#7318,.T.);
#7320=DIRECTION('',(0.9797401410029244,0.0,0.20027295400919617));
#7321=VECTOR('',#7320,1000.0);
#7322=LINE('',#5723,#7321);
#7323=EDGE_CURVE('',#5724,#5622,#7322,.T.);
#7324=ORIENTED_EDGE('',*,*,#7306,.F.);
#7325=ORIENTED_EDGE('',*,*,#7319,.T.);
#7326=ORIENTED_EDGE('',*,*,#7323,.T.);
#7327=DIRECTION('',(-0.0,-1.0,0.0));
#7328=DIRECTION('',(-0.9996823259113753,0.0,0.025204111974492953));
#7329=AXIS2_PLACEMENT_3D('',#5621,#7327,#7328);
#7330=PLANE('',#7329);
#7331=EDGE_LOOP('',(#7324,#7325,#7326));
#7332=FACE_BOUND('',#7331,.T.);
#7333=ADVANCED_FACE('',(#7332),#7330,.T.);
#7334=LINE('',#5723,#572);
#7335=EDGE_CURVE('',#5724,#5726,#7334,.T.);
#7336=LINE('',#5725,#6990);
#7337=EDGE_CURVE('',#5726,#5622,#7336,.T.);
#7338=ORIENTED_EDGE('',*,*,#7335,.T.);
#7339=ORIENTED_EDGE('',*,*,#7337,.T.);
#7340=ORIENTED_EDGE('',*,*,#7323,.F.);
#7341=DIRECTION('',(0.0,-1.0,-0.0));
#7342=AXIS2_PLACEMENT_3D('',#5723,#7341,#571);
#7343=PLANE('',#7342);
#7344=EDGE_LOOP('',(#7338,#7339,#7340));
#7345=FACE_BOUND('',#7344,.T.);
#7346=ADVANCED_FACE('',(#7345),#7343,.T.);
#7347=LINE('',#5725,#540);
#7348=EDGE_CURVE('',#5726,#5728,#7347,.T.);
#7349=LINE('',#5727,#6974);
#7350=EDGE_CURVE('',#5728,#5622,#7349,.T.);
#7351=ORIENTED_EDGE('',*,*,#7337,.F.);
#7352=ORIENTED_EDGE('',*,*,#7348,.T.);
#7353=ORIENTED_EDGE('',*,*,#7350,.T.);
#7354=AXIS2_PLACEMENT_3D('',#5621,#482,#7011);
#7355=PLANE('',#7354);
#7356=EDGE_LOOP('',(#7351,#7352,#7353));
#7357=FACE_BOUND('',#7356,.T.);
#7358=ADVANCED_FACE('',(#7357),#7355,.T.);
#7359=LINE('',#5727,#508);
#7360=EDGE_CURVE('',#5728,#5680,#7359,.T.);
#7361=ORIENTED_EDGE('',*,*,#7350,.F.);
#7362=ORIENTED_EDGE('',*,*,#7360,.T.);
#7363=ORIENTED_EDGE('',*,*,#7268,.F.);
#7364=DIRECTION('',(-0.8535077850424487,0.0,-0.5210800906501163));
#7365=AXIS2_PLACEMENT_3D('',#5621,#482,#7364);
#7366=PLANE('',#7365);
#7367=EDGE_LOOP('',(#7361,#7362,#7363));
#7368=FACE_BOUND('',#7367,.T.);
#7369=ADVANCED_FACE('',(#7368),#7366,.T.);
#7370=LINE('',#5609,#720);
#7371=EDGE_CURVE('',#5610,#5730,#7370,.T.);
#7372=DIRECTION('',(-0.013859502034792743,0.9999039524891116,0.0));
#7373=VECTOR('',#7372,1000.0);
#7374=LINE('',#5729,#7373);
#7375=EDGE_CURVE('',#5730,#5602,#7374,.T.);
#7376=LINE('',#5601,#483);
#7377=EDGE_CURVE('',#5602,#5610,#7376,.T.);
#7378=ORIENTED_EDGE('',*,*,#7371,.T.);
#7379=ORIENTED_EDGE('',*,*,#7375,.T.);
#7380=ORIENTED_EDGE('',*,*,#7377,.T.);
#7381=DIRECTION('',(0.0,-0.0,1.0));
#7382=AXIS2_PLACEMENT_3D('',#5609,#7381,#12);
#7383=PLANE('',#7382);
#7384=EDGE_LOOP('',(#7378,#7379,#7380));
#7385=FACE_BOUND('',#7384,.T.);
#7386=ADVANCED_FACE('',(#7385),#7383,.T.);
#7387=LINE('',#5729,#504);
#7388=EDGE_CURVE('',#5730,#5732,#7387,.T.);
#7389=LINE('',#5731,#741);
#7390=EDGE_CURVE('',#5732,#5602,#7389,.T.);
#7391=ORIENTED_EDGE('',*,*,#7375,.F.);
#7392=ORIENTED_EDGE('',*,*,#7388,.T.);
#7393=ORIENTED_EDGE('',*,*,#7390,.T.);
#7394=DIRECTION('',(-0.0,0.0,1.0));
#7395=DIRECTION('',(0.013859502034792743,-0.9999039524891116,0.0));
#7396=AXIS2_PLACEMENT_3D('',#5601,#7394,#7395);
#7397=PLANE('',#7396);
#7398=EDGE_LOOP('',(#7391,#7392,#7393));
#7399=FACE_BOUND('',#7398,.T.);
#7400=ADVANCED_FACE('',(#7399),#7397,.T.);
#7401=DIRECTION('',(0.003523311187239088,0.9999937144481515,0.0003966641733977009));
#7402=VECTOR('',#7401,1000.0);
#7403=LINE('',#5729,#7402);
#7404=EDGE_CURVE('',#5730,#5734,#7403,.T.);
#7405=DIRECTION('',(-0.9937221740522464,0.0,-0.11187600635023114));
#7406=VECTOR('',#7405,1000.0);
#7407=LINE('',#5733,#7406);
#7408=EDGE_CURVE('',#5734,#5732,#7407,.T.);
#7409=ORIENTED_EDGE('',*,*,#7388,.F.);
#7410=ORIENTED_EDGE('',*,*,#7404,.T.);
#7411=ORIENTED_EDGE('',*,*,#7408,.T.);
#7412=DIRECTION('',(-0.11187600635023115,0.0,0.9937221740522464));
#7413=AXIS2_PLACEMENT_3D('',#5731,#7412,#482);
#7414=PLANE('',#7413);
#7415=EDGE_LOOP('',(#7409,#7410,#7411));
#7416=FACE_BOUND('',#7415,.T.);
#7417=ADVANCED_FACE('',(#7416),#7414,.T.);
#7418=DIRECTION('',(0.9937221740522464,0.0,0.11187600635023114));
#7419=VECTOR('',#7418,1000.0);
#7420=LINE('',#5729,#7419);
#7421=EDGE_CURVE('',#5730,#5736,#7420,.T.);
#7422=LINE('',#5735,#504);
#7423=EDGE_CURVE('',#5736,#5734,#7422,.T.);
#7424=ORIENTED_EDGE('',*,*,#7404,.F.);
#7425=ORIENTED_EDGE('',*,*,#7421,.T.);
#7426=ORIENTED_EDGE('',*,*,#7423,.T.);
#7427=DIRECTION('',(-0.11187600635023115,0.0,0.9937221740522464));
#7428=DIRECTION('',(-0.003523311187239088,-0.9999937144481515,-0.0003966641733977009));
#7429=AXIS2_PLACEMENT_3D('',#5733,#7427,#7428);
#7430=PLANE('',#7429);
#7431=EDGE_LOOP('',(#7424,#7425,#7426));
#7432=FACE_BOUND('',#7431,.T.);
#7433=ADVANCED_FACE('',(#7432),#7430,.T.);
#7434=DIRECTION('',(0.003346645628077608,0.9999937135690015,0.0011716593010650286));
#7435=VECTOR('',#7434,1000.0);
#7436=LINE('',#5735,#7435);
#7437=EDGE_CURVE('',#5736,#5738,#7436,.T.);
#7438=DIRECTION('',(-0.9438290409295963,0.0,-0.330434171201948));
#7439=VECTOR('',#7438,1000.0);
#7440=LINE('',#5737,#7439);
#7441=EDGE_CURVE('',#5738,#5734,#7440,.T.);
#7442=ORIENTED_EDGE('',*,*,#7423,.F.);
#7443=ORIENTED_EDGE('',*,*,#7437,.T.);
#7444=ORIENTED_EDGE('',*,*,#7441,.T.);
#7445=DIRECTION('',(-0.330434171201948,0.0,0.9438290409295964));
#7446=AXIS2_PLACEMENT_3D('',#5733,#7445,#482);
#7447=PLANE('',#7446);
#7448=EDGE_LOOP('',(#7442,#7443,#7444));
#7449=FACE_BOUND('',#7448,.T.);
#7450=ADVANCED_FACE('',(#7449),#7447,.T.);
#7451=DIRECTION('',(0.9438290409295963,0.0,0.330434171201948));
#7452=VECTOR('',#7451,1000.0);
#7453=LINE('',#5735,#7452);
#7454=EDGE_CURVE('',#5736,#5740,#7453,.T.);
#7455=LINE('',#5739,#504);
#7456=EDGE_CURVE('',#5740,#5738,#7455,.T.);
#7457=ORIENTED_EDGE('',*,*,#7437,.F.);
#7458=ORIENTED_EDGE('',*,*,#7454,.T.);
#7459=ORIENTED_EDGE('',*,*,#7456,.T.);
#7460=DIRECTION('',(-0.330434171201948,0.0,0.9438290409295964));
#7461=DIRECTION('',(-0.003346645628077608,-0.9999937135690015,-0.0011716593010650286));
#7462=AXIS2_PLACEMENT_3D('',#5737,#7460,#7461);
#7463=PLANE('',#7462);
#7464=EDGE_LOOP('',(#7457,#7458,#7459));
#7465=FACE_BOUND('',#7464,.T.);
#7466=ADVANCED_FACE('',(#7465),#7463,.T.);
#7467=DIRECTION('',(0.0030016478068171353,0.9999937168741475,0.0018858214844051757));
#7468=VECTOR('',#7467,1000.0);
#7469=LINE('',#5739,#7468);
#7470=EDGE_CURVE('',#5740,#5742,#7469,.T.);
#7471=DIRECTION('',(-0.8467545493271237,0.0,-0.5319837715511815));
#7472=VECTOR('',#7471,1000.0);
#7473=LINE('',#5741,#7472);
#7474=EDGE_CURVE('',#5742,#5738,#7473,.T.);
#7475=ORIENTED_EDGE('',*,*,#7456,.F.);
#7476=ORIENTED_EDGE('',*,*,#7470,.T.);
#7477=ORIENTED_EDGE('',*,*,#7474,.T.);
#7478=DIRECTION('',(-0.5319837715511816,0.0,0.8467545493271237));
#7479=AXIS2_PLACEMENT_3D('',#5737,#7478,#482);
#7480=PLANE('',#7479);
#7481=EDGE_LOOP('',(#7475,#7476,#7477));
#7482=FACE_BOUND('',#7481,.T.);
#7483=ADVANCED_FACE('',(#7482),#7480,.T.);
#7484=DIRECTION('',(0.8467545493271237,0.0,0.5319837715511815));
#7485=VECTOR('',#7484,1000.0);
#7486=LINE('',#5739,#7485);
#7487=EDGE_CURVE('',#5740,#5744,#7486,.T.);
#7488=LINE('',#5743,#504);
#7489=EDGE_CURVE('',#5744,#5742,#7488,.T.);
#7490=ORIENTED_EDGE('',*,*,#7470,.F.);
#7491=ORIENTED_EDGE('',*,*,#7487,.T.);
#7492=ORIENTED_EDGE('',*,*,#7489,.T.);
#7493=DIRECTION('',(-0.5319837715511816,0.0,0.8467545493271237));
#7494=DIRECTION('',(-0.0030016478068171353,-0.9999937168741475,-0.0018858214844051757));
#7495=AXIS2_PLACEMENT_3D('',#5741,#7493,#7494);
#7496=PLANE('',#7495);
#7497=EDGE_LOOP('',(#7490,#7491,#7492));
#7498=FACE_BOUND('',#7497,.T.);
#7499=ADVANCED_FACE('',(#7498),#7496,.T.);
#7500=DIRECTION('',(0.002507484234101429,0.9999937125030494,0.002507484234101429));
#7501=VECTOR('',#7500,1000.0);
#7502=LINE('',#5743,#7501);
#7503=EDGE_CURVE('',#5744,#5746,#7502,.T.);
#7504=DIRECTION('',(-0.7071067811865476,0.0,-0.7071067811865476));
#7505=VECTOR('',#7504,1000.0);
#7506=LINE('',#5745,#7505);
#7507=EDGE_CURVE('',#5746,#5742,#7506,.T.);
#7508=ORIENTED_EDGE('',*,*,#7489,.F.);
#7509=ORIENTED_EDGE('',*,*,#7503,.T.);
#7510=ORIENTED_EDGE('',*,*,#7507,.T.);
#7511=AXIS2_PLACEMENT_3D('',#5741,#6267,#482);
#7512=PLANE('',#7511);
#7513=EDGE_LOOP('',(#7508,#7509,#7510));
#7514=FACE_BOUND('',#7513,.T.);
#7515=ADVANCED_FACE('',(#7514),#7512,.T.);
#7516=DIRECTION('',(0.7071067811865476,0.0,0.7071067811865476));
#7517=VECTOR('',#7516,1000.0);
#7518=LINE('',#5743,#7517);
#7519=EDGE_CURVE('',#5744,#5748,#7518,.T.);
#7520=LINE('',#5747,#504);
#7521=EDGE_CURVE('',#5748,#5746,#7520,.T.);
#7522=ORIENTED_EDGE('',*,*,#7503,.F.);
#7523=ORIENTED_EDGE('',*,*,#7519,.T.);
#7524=ORIENTED_EDGE('',*,*,#7521,.T.);
#7525=DIRECTION('',(-0.002507484234101429,-0.9999937125030494,-0.002507484234101429));
#7526=AXIS2_PLACEMENT_3D('',#5745,#6267,#7525);
#7527=PLANE('',#7526);
#7528=EDGE_LOOP('',(#7522,#7523,#7524));
#7529=FACE_BOUND('',#7528,.T.);
#7530=ADVANCED_FACE('',(#7529),#7527,.T.);
#7531=DIRECTION('',(0.001885821484405083,0.9999937168741475,0.0030016478068172277));
#7532=VECTOR('',#7531,1000.0);
#7533=LINE('',#5747,#7532);
#7534=EDGE_CURVE('',#5748,#5750,#7533,.T.);
#7535=VECTOR('',#6260,1000.0);
#7536=LINE('',#5749,#7535);
#7537=EDGE_CURVE('',#5750,#5746,#7536,.T.);
#7538=ORIENTED_EDGE('',*,*,#7521,.F.);
#7539=ORIENTED_EDGE('',*,*,#7534,.T.);
#7540=ORIENTED_EDGE('',*,*,#7537,.T.);
#7541=AXIS2_PLACEMENT_3D('',#5745,#6234,#482);
#7542=PLANE('',#7541);
#7543=EDGE_LOOP('',(#7538,#7539,#7540));
#7544=FACE_BOUND('',#7543,.T.);
#7545=ADVANCED_FACE('',(#7544),#7542,.T.);
#7546=DIRECTION('',(0.5319837715511511,0.0,0.8467545493271429));
#7547=VECTOR('',#7546,1000.0);
#7548=LINE('',#5747,#7547);
#7549=EDGE_CURVE('',#5748,#5752,#7548,.T.);
#7550=LINE('',#5751,#504);
#7551=EDGE_CURVE('',#5752,#5750,#7550,.T.);
#7552=ORIENTED_EDGE('',*,*,#7534,.F.);
#7553=ORIENTED_EDGE('',*,*,#7549,.T.);
#7554=ORIENTED_EDGE('',*,*,#7551,.T.);
#7555=DIRECTION('',(-0.001885821484405083,-0.9999937168741475,-0.0030016478068172277));
#7556=AXIS2_PLACEMENT_3D('',#5749,#6234,#7555);
#7557=PLANE('',#7556);
#7558=EDGE_LOOP('',(#7552,#7553,#7554));
#7559=FACE_BOUND('',#7558,.T.);
#7560=ADVANCED_FACE('',(#7559),#7557,.T.);
#7561=DIRECTION('',(0.0011716593010650286,0.9999937135690015,0.003346645628077608));
#7562=VECTOR('',#7561,1000.0);
#7563=LINE('',#5751,#7562);
#7564=EDGE_CURVE('',#5752,#5754,#7563,.T.);
#7565=VECTOR('',#6227,1000.0);
#7566=LINE('',#5753,#7565);
#7567=EDGE_CURVE('',#5754,#5750,#7566,.T.);
#7568=ORIENTED_EDGE('',*,*,#7551,.F.);
#7569=ORIENTED_EDGE('',*,*,#7564,.T.);
#7570=ORIENTED_EDGE('',*,*,#7567,.T.);
#7571=AXIS2_PLACEMENT_3D('',#5749,#6201,#482);
#7572=PLANE('',#7571);
#7573=EDGE_LOOP('',(#7568,#7569,#7570));
#7574=FACE_BOUND('',#7573,.T.);
#7575=ADVANCED_FACE('',(#7574),#7572,.T.);
#7576=DIRECTION('',(0.330434171201948,0.0,0.9438290409295963));
#7577=VECTOR('',#7576,1000.0);
#7578=LINE('',#5751,#7577);
#7579=EDGE_CURVE('',#5752,#5756,#7578,.T.);
#7580=LINE('',#5755,#504);
#7581=EDGE_CURVE('',#5756,#5754,#7580,.T.);
#7582=ORIENTED_EDGE('',*,*,#7564,.F.);
#7583=ORIENTED_EDGE('',*,*,#7579,.T.);
#7584=ORIENTED_EDGE('',*,*,#7581,.T.);
#7585=DIRECTION('',(-0.0011716593010650286,-0.9999937135690015,-0.003346645628077608));
#7586=AXIS2_PLACEMENT_3D('',#5753,#6201,#7585);
#7587=PLANE('',#7586);
#7588=EDGE_LOOP('',(#7582,#7583,#7584));
#7589=FACE_BOUND('',#7588,.T.);
#7590=ADVANCED_FACE('',(#7589),#7587,.T.);
#7591=DIRECTION('',(0.00039666417339788597,0.9999937144481515,0.003523311187238903));
#7592=VECTOR('',#7591,1000.0);
#7593=LINE('',#5755,#7592);
#7594=EDGE_CURVE('',#5756,#5758,#7593,.T.);
#7595=VECTOR('',#6194,1000.0);
#7596=LINE('',#5757,#7595);
#7597=EDGE_CURVE('',#5758,#5754,#7596,.T.);
#7598=ORIENTED_EDGE('',*,*,#7581,.F.);
#7599=ORIENTED_EDGE('',*,*,#7594,.T.);
#7600=ORIENTED_EDGE('',*,*,#7597,.T.);
#7601=AXIS2_PLACEMENT_3D('',#5753,#6168,#482);
#7602=PLANE('',#7601);
#7603=EDGE_LOOP('',(#7598,#7599,#7600));
#7604=FACE_BOUND('',#7603,.T.);
#7605=ADVANCED_FACE('',(#7604),#7602,.T.);
#7606=DIRECTION('',(0.11187600635028848,0.0,0.99372217405224));
#7607=VECTOR('',#7606,1000.0);
#7608=LINE('',#5755,#7607);
#7609=EDGE_CURVE('',#5756,#5760,#7608,.T.);
#7610=LINE('',#5759,#504);
#7611=EDGE_CURVE('',#5760,#5758,#7610,.T.);
#7612=ORIENTED_EDGE('',*,*,#7594,.F.);
#7613=ORIENTED_EDGE('',*,*,#7609,.T.);
#7614=ORIENTED_EDGE('',*,*,#7611,.T.);
#7615=DIRECTION('',(-0.00039666417339788597,-0.9999937144481515,-0.003523311187238903));
#7616=AXIS2_PLACEMENT_3D('',#5757,#6168,#7615);
#7617=PLANE('',#7616);
#7618=EDGE_LOOP('',(#7612,#7613,#7614));
#7619=FACE_BOUND('',#7618,.T.);
#7620=ADVANCED_FACE('',(#7619),#7617,.T.);
#7621=DIRECTION('',(0.0,0.0,-1.0));
#7622=VECTOR('',#7621,1000.0);
#7623=LINE('',#5605,#7622);
#7624=EDGE_CURVE('',#5606,#5758,#7623,.T.);
#7625=LINE('',#5757,#6433);
#7626=EDGE_CURVE('',#5758,#5598,#7625,.T.);
#7627=LINE('',#5597,#504);
#7628=EDGE_CURVE('',#5598,#5606,#7627,.T.);
#7629=ORIENTED_EDGE('',*,*,#7624,.T.);
#7630=ORIENTED_EDGE('',*,*,#7626,.T.);
#7631=ORIENTED_EDGE('',*,*,#7628,.T.);
#7632=DIRECTION('',(0.0,0.0,-1.0));
#7633=AXIS2_PLACEMENT_3D('',#5605,#6412,#7632);
#7634=PLANE('',#7633);
#7635=EDGE_LOOP('',(#7629,#7630,#7631));
#7636=FACE_BOUND('',#7635,.T.);
#7637=ADVANCED_FACE('',(#7636),#7634,.T.);
#7638=LINE('',#5759,#691);
#7639=EDGE_CURVE('',#5760,#5598,#7638,.T.);
#7640=ORIENTED_EDGE('',*,*,#7626,.F.);
#7641=ORIENTED_EDGE('',*,*,#7611,.F.);
#7642=ORIENTED_EDGE('',*,*,#7639,.T.);
#7643=AXIS2_PLACEMENT_3D('',#5597,#6412,#6456);
#7644=PLANE('',#7643);
#7645=EDGE_LOOP('',(#7640,#7641,#7642));
#7646=FACE_BOUND('',#7645,.T.);
#7647=ADVANCED_FACE('',(#7646),#7644,.T.);
#7648=LINE('',#5761,#691);
#7649=EDGE_CURVE('',#5762,#5764,#7648,.T.);
#7650=LINE('',#5763,#483);
#7651=EDGE_CURVE('',#5764,#5766,#7650,.T.);
#7652=DIRECTION('',(0.0,0.9922778767136676,-0.12403473458920844));
#7653=VECTOR('',#7652,1000.0);
#7654=LINE('',#5765,#7653);
#7655=EDGE_CURVE('',#5766,#5762,#7654,.T.);
#7656=ORIENTED_EDGE('',*,*,#7649,.T.);
#7657=ORIENTED_EDGE('',*,*,#7651,.T.);
#7658=ORIENTED_EDGE('',*,*,#7655,.T.);
#7659=DIRECTION('',(1.0,0.0,-0.0));
#7660=AXIS2_PLACEMENT_3D('',#5761,#7659,#11);
#7661=PLANE('',#7660);
#7662=EDGE_LOOP('',(#7656,#7657,#7658));
#7663=FACE_BOUND('',#7662,.T.);
#7664=ADVANCED_FACE('',(#7663),#7661,.T.);
#7665=DIRECTION('',(0.0,-0.943880633232852,0.33028676965320647));
#7666=VECTOR('',#7665,1000.0);
#7667=LINE('',#5767,#7666);
#7668=EDGE_CURVE('',#5768,#5770,#7667,.T.);
#7669=DIRECTION('',(0.0,-0.6854630369041257,-0.7281074268527777));
#7670=VECTOR('',#7669,1000.0);
#7671=LINE('',#5769,#7670);
#7672=EDGE_CURVE('',#5770,#5772,#7671,.T.);
#7673=DIRECTION('',(0.0,0.6972048319623929,0.7168719706393126));
#7674=VECTOR('',#7673,1000.0);
#7675=LINE('',#5771,#7674);
#7676=EDGE_CURVE('',#5772,#5768,#7675,.T.);
#7677=ORIENTED_EDGE('',*,*,#7668,.T.);
#7678=ORIENTED_EDGE('',*,*,#7672,.T.);
#7679=ORIENTED_EDGE('',*,*,#7676,.T.);
#7680=AXIS2_PLACEMENT_3D('',#5767,#12,#7665);
#7681=PLANE('',#7680);
#7682=EDGE_LOOP('',(#7677,#7678,#7679));
#7683=FACE_BOUND('',#7682,.T.);
#7684=ADVANCED_FACE('',(#7683),#7681,.T.);
#7685=DIRECTION('',(0.0,-0.8467515110265622,0.5319886075605698));
#7686=VECTOR('',#7685,1000.0);
#7687=LINE('',#5769,#7686);
#7688=EDGE_CURVE('',#5770,#5774,#7687,.T.);
#7689=DIRECTION('',(0.0,-0.6725134134186104,-0.7400849334853732));
#7690=VECTOR('',#7689,1000.0);
#7691=LINE('',#5773,#7690);
#7692=EDGE_CURVE('',#5774,#5772,#7691,.T.);
#7693=ORIENTED_EDGE('',*,*,#7672,.F.);
#7694=ORIENTED_EDGE('',*,*,#7688,.T.);
#7695=ORIENTED_EDGE('',*,*,#7692,.T.);
#7696=DIRECTION('',(1.0,0.0,-0.0));
#7697=DIRECTION('',(0.0,0.6854630369041257,0.7281074268527777));
#7698=AXIS2_PLACEMENT_3D('',#5771,#7696,#7697);
#7699=PLANE('',#7698);
#7700=EDGE_LOOP('',(#7693,#7694,#7695));
#7701=FACE_BOUND('',#7700,.T.);
#7702=ADVANCED_FACE('',(#7701),#7699,.T.);
#7703=DIRECTION('',(0.0,0.6461575171010676,-0.7632040769635494));
#7704=VECTOR('',#7703,1000.0);
#7705=LINE('',#5775,#7704);
#7706=EDGE_CURVE('',#5776,#5778,#7705,.T.);
#7707=DIRECTION('',(0.0,-0.6344362496229782,0.7729751905231694));
#7708=VECTOR('',#7707,1000.0);
#7709=LINE('',#5777,#7708);
#7710=EDGE_CURVE('',#5778,#5780,#7709,.T.);
#7711=DIRECTION('',(0.0,-0.33028676965320647,-0.943880633232852));
#7712=VECTOR('',#7711,1000.0);
#7713=LINE('',#5779,#7712);
#7714=EDGE_CURVE('',#5780,#5776,#7713,.T.);
#7715=ORIENTED_EDGE('',*,*,#7706,.T.);
#7716=ORIENTED_EDGE('',*,*,#7710,.T.);
#7717=ORIENTED_EDGE('',*,*,#7714,.T.);
#7718=DIRECTION('',(1.0,-0.0,-0.0));
#7719=AXIS2_PLACEMENT_3D('',#5775,#7718,#7703);
#7720=PLANE('',#7719);
#7721=EDGE_LOOP('',(#7715,#7716,#7717));
#7722=FACE_BOUND('',#7721,.T.);
#7723=ADVANCED_FACE('',(#7722),#7720,.T.);
#7724=LINE('',#5777,#691);
#7725=EDGE_CURVE('',#5778,#5596,#7724,.T.);
#7726=DIRECTION('',(0.0,-0.9885947833958902,-0.1505999808845698));
#7727=VECTOR('',#7726,1000.0);
#7728=LINE('',#5595,#7727);
#7729=EDGE_CURVE('',#5596,#5780,#7728,.T.);
#7730=ORIENTED_EDGE('',*,*,#7710,.F.);
#7731=ORIENTED_EDGE('',*,*,#7725,.T.);
#7732=ORIENTED_EDGE('',*,*,#7729,.T.);
#7733=DIRECTION('',(0.0,0.6344362496229782,-0.7729751905231694));
#7734=AXIS2_PLACEMENT_3D('',#5779,#6120,#7733);
#7735=PLANE('',#7734);
#7736=EDGE_LOOP('',(#7730,#7731,#7732));
#7737=FACE_BOUND('',#7736,.T.);
#7738=ADVANCED_FACE('',(#7737),#7735,.T.);
#7739=DIRECTION('',(0.0,-0.9922778767136676,-0.12403473458920844));
#7740=VECTOR('',#7739,1000.0);
#7741=LINE('',#5595,#7740);
#7742=EDGE_CURVE('',#5596,#5782,#7741,.T.);
#7743=DIRECTION('',(0.0,-0.11199983058659958,-0.9937082257627604));
#7744=VECTOR('',#7743,1000.0);
#7745=LINE('',#5781,#7744);
#7746=EDGE_CURVE('',#5782,#5780,#7745,.T.);
#7747=ORIENTED_EDGE('',*,*,#7729,.F.);
#7748=ORIENTED_EDGE('',*,*,#7742,.T.);
#7749=ORIENTED_EDGE('',*,*,#7746,.T.);
#7750=DIRECTION('',(1.0,0.0,-0.0));
#7751=DIRECTION('',(0.0,0.9885947833958902,0.1505999808845698));
#7752=AXIS2_PLACEMENT_3D('',#5779,#7750,#7751);
#7753=PLANE('',#7752);
#7754=EDGE_LOOP('',(#7747,#7748,#7749));
#7755=FACE_BOUND('',#7754,.T.);
#7756=ADVANCED_FACE('',(#7755),#7753,.T.);
#7757=DIRECTION('',(0.0,0.0,-1.0));
#7758=VECTOR('',#7757,1000.0);
#7759=LINE('',#5593,#7758);
#7760=EDGE_CURVE('',#5594,#5782,#7759,.T.);
#7761=ORIENTED_EDGE('',*,*,#7742,.F.);
#7762=ORIENTED_EDGE('',*,*,#6061,.F.);
#7763=ORIENTED_EDGE('',*,*,#7760,.T.);
#7764=DIRECTION('',(1.0,0.0,-0.0));
#7765=DIRECTION('',(0.0,0.9922778767136676,0.12403473458920844));
#7766=AXIS2_PLACEMENT_3D('',#5781,#7764,#7765);
#7767=PLANE('',#7766);
#7768=EDGE_LOOP('',(#7761,#7762,#7763));
#7769=FACE_BOUND('',#7768,.T.);
#7770=ADVANCED_FACE('',(#7769),#7767,.T.);
#7771=DIRECTION('',(0.0,-0.5319886075605698,-0.8467515110265622));
#7772=VECTOR('',#7771,1000.0);
#7773=LINE('',#5775,#7772);
#7774=EDGE_CURVE('',#5776,#5784,#7773,.T.);
#7775=DIRECTION('',(0.0,0.6591269337054995,-0.7520317049592964));
#7776=VECTOR('',#7775,1000.0);
#7777=LINE('',#5783,#7776);
#7778=EDGE_CURVE('',#5784,#5778,#7777,.T.);
#7779=ORIENTED_EDGE('',*,*,#7774,.T.);
#7780=ORIENTED_EDGE('',*,*,#7778,.T.);
#7781=ORIENTED_EDGE('',*,*,#7706,.F.);
#7782=AXIS2_PLACEMENT_3D('',#5775,#12,#7771);
#7783=PLANE('',#7782);
#7784=EDGE_LOOP('',(#7779,#7780,#7781));
#7785=FACE_BOUND('',#7784,.T.);
#7786=ADVANCED_FACE('',(#7785),#7783,.T.);
#7787=LINE('',#5783,#1422);
#7788=EDGE_CURVE('',#5784,#5786,#7787,.T.);
#7789=DIRECTION('',(0.0,0.6725134134186104,-0.7400849334853732));
#7790=VECTOR('',#7789,1000.0);
#7791=LINE('',#5785,#7790);
#7792=EDGE_CURVE('',#5786,#5778,#7791,.T.);
#7793=ORIENTED_EDGE('',*,*,#7778,.F.);
#7794=ORIENTED_EDGE('',*,*,#7788,.T.);
#7795=ORIENTED_EDGE('',*,*,#7792,.T.);
#7796=DIRECTION('',(0.0,-0.6591269337054995,0.7520317049592964));
#7797=AXIS2_PLACEMENT_3D('',#5777,#12,#7796);
#7798=PLANE('',#7797);
#7799=EDGE_LOOP('',(#7793,#7794,#7795));
#7800=FACE_BOUND('',#7799,.T.);
#7801=ADVANCED_FACE('',(#7800),#7798,.T.);
#7802=DIRECTION('',(0.0,-0.8467515110265622,-0.5319886075605698));
#7803=VECTOR('',#7802,1000.0);
#7804=LINE('',#5785,#7803);
#7805=EDGE_CURVE('',#5786,#5788,#7804,.T.);
#7806=DIRECTION('',(0.0,0.6854630369041257,-0.7281074268527777));
#7807=VECTOR('',#7806,1000.0);
#7808=LINE('',#5787,#7807);
#7809=EDGE_CURVE('',#5788,#5778,#7808,.T.);
#7810=ORIENTED_EDGE('',*,*,#7792,.F.);
#7811=ORIENTED_EDGE('',*,*,#7805,.T.);
#7812=ORIENTED_EDGE('',*,*,#7809,.T.);
#7813=DIRECTION('',(0.0,-0.6725134134186104,0.7400849334853732));
#7814=AXIS2_PLACEMENT_3D('',#5777,#12,#7813);
#7815=PLANE('',#7814);
#7816=EDGE_LOOP('',(#7810,#7811,#7812));
#7817=FACE_BOUND('',#7816,.T.);
#7818=ADVANCED_FACE('',(#7817),#7815,.T.);
#7819=DIRECTION('',(0.0,-0.7071067811865475,0.7071067811865475));
#7820=VECTOR('',#7819,1000.0);
#7821=LINE('',#5773,#7820);
#7822=EDGE_CURVE('',#5774,#5790,#7821,.T.);
#7823=DIRECTION('',(0.0,-0.6591269337054995,-0.7520317049592964));
#7824=VECTOR('',#7823,1000.0);
#7825=LINE('',#5789,#7824);
#7826=EDGE_CURVE('',#5790,#5772,#7825,.T.);
#7827=ORIENTED_EDGE('',*,*,#7822,.T.);
#7828=ORIENTED_EDGE('',*,*,#7826,.T.);
#7829=ORIENTED_EDGE('',*,*,#7692,.F.);
#7830=DIRECTION('',(0.0,-0.7071067811865475,0.7071067811865475));
#7831=AXIS2_PLACEMENT_3D('',#5773,#12,#7830);
#7832=PLANE('',#7831);
#7833=EDGE_LOOP('',(#7827,#7828,#7829));
#7834=FACE_BOUND('',#7833,.T.);
#7835=ADVANCED_FACE('',(#7834),#7832,.T.);
#7836=DIRECTION('',(0.0,-0.5319886075605698,0.8467515110265622));
#7837=VECTOR('',#7836,1000.0);
#7838=LINE('',#5789,#7837);
#7839=EDGE_CURVE('',#5790,#5792,#7838,.T.);
#7840=DIRECTION('',(0.0,-0.6461575171010676,-0.7632040769635494));
#7841=VECTOR('',#7840,1000.0);
#7842=LINE('',#5791,#7841);
#7843=EDGE_CURVE('',#5792,#5772,#7842,.T.);
#7844=ORIENTED_EDGE('',*,*,#7826,.F.);
#7845=ORIENTED_EDGE('',*,*,#7839,.T.);
#7846=ORIENTED_EDGE('',*,*,#7843,.T.);
#7847=DIRECTION('',(1.0,0.0,-0.0));
#7848=DIRECTION('',(0.0,0.6591269337054995,0.7520317049592964));
#7849=AXIS2_PLACEMENT_3D('',#5771,#7847,#7848);
#7850=PLANE('',#7849);
#7851=EDGE_LOOP('',(#7844,#7845,#7846));
#7852=FACE_BOUND('',#7851,.T.);
#7853=ADVANCED_FACE('',(#7852),#7850,.T.);
#7854=DIRECTION('',(0.0,-0.9846869094655162,0.17433212649207988));
#7855=VECTOR('',#7854,1000.0);
#7856=LINE('',#5791,#7855);
#7857=EDGE_CURVE('',#5792,#5766,#7856,.T.);
#7858=DIRECTION('',(0.0,0.0,-1.0));
#7859=VECTOR('',#7858,1000.0);
#7860=LINE('',#5765,#7859);
#7861=EDGE_CURVE('',#5766,#5772,#7860,.T.);
#7862=ORIENTED_EDGE('',*,*,#7843,.F.);
#7863=ORIENTED_EDGE('',*,*,#7857,.T.);
#7864=ORIENTED_EDGE('',*,*,#7861,.T.);
#7865=DIRECTION('',(1.0,0.0,-0.0));
#7866=DIRECTION('',(0.0,0.6461575171010676,0.7632040769635494));
#7867=AXIS2_PLACEMENT_3D('',#5771,#7865,#7866);
#7868=PLANE('',#7867);
#7869=EDGE_LOOP('',(#7862,#7863,#7864));
#7870=FACE_BOUND('',#7869,.T.);
#7871=ADVANCED_FACE('',(#7870),#7868,.T.);
#7872=DIRECTION('',(0.0,-0.33028676965320647,0.943880633232852));
#7873=VECTOR('',#7872,1000.0);
#7874=LINE('',#5791,#7873);
#7875=EDGE_CURVE('',#5792,#5794,#7874,.T.);
#7876=DIRECTION('',(0.0,-0.9885947833958902,0.1505999808845698));
#7877=VECTOR('',#7876,1000.0);
#7878=LINE('',#5793,#7877);
#7879=EDGE_CURVE('',#5794,#5766,#7878,.T.);
#7880=ORIENTED_EDGE('',*,*,#7857,.F.);
#7881=ORIENTED_EDGE('',*,*,#7875,.T.);
#7882=ORIENTED_EDGE('',*,*,#7879,.T.);
#7883=DIRECTION('',(1.0,-0.0,-0.0));
#7884=DIRECTION('',(0.0,0.9846869094655162,-0.17433212649207988));
#7885=AXIS2_PLACEMENT_3D('',#5765,#7883,#7884);
#7886=PLANE('',#7885);
#7887=EDGE_LOOP('',(#7880,#7881,#7882));
#7888=FACE_BOUND('',#7887,.T.);
#7889=ADVANCED_FACE('',(#7888),#7886,.T.);
#7890=DIRECTION('',(0.0,-0.11199983058659958,0.9937082257627604));
#7891=VECTOR('',#7890,1000.0);
#7892=LINE('',#5793,#7891);
#7893=EDGE_CURVE('',#5794,#5762,#7892,.T.);
#7894=ORIENTED_EDGE('',*,*,#7879,.F.);
#7895=ORIENTED_EDGE('',*,*,#7893,.T.);
#7896=ORIENTED_EDGE('',*,*,#7655,.F.);
#7897=DIRECTION('',(1.0,-0.0,-0.0));
#7898=DIRECTION('',(0.0,0.9885947833958902,-0.1505999808845698));
#7899=AXIS2_PLACEMENT_3D('',#5765,#7897,#7898);
#7900=PLANE('',#7899);
#7901=EDGE_LOOP('',(#7894,#7895,#7896));
#7902=FACE_BOUND('',#7901,.T.);
#7903=ADVANCED_FACE('',(#7902),#7900,.T.);
#7904=DIRECTION('',(0.0,-0.943880633232852,-0.33028676965320647));
#7905=VECTOR('',#7904,1000.0);
#7906=LINE('',#5787,#7905);
#7907=EDGE_CURVE('',#5788,#5796,#7906,.T.);
#7908=DIRECTION('',(0.0,0.6972048319623929,-0.7168719706393126));
#7909=VECTOR('',#7908,1000.0);
#7910=LINE('',#5795,#7909);
#7911=EDGE_CURVE('',#5796,#5778,#7910,.T.);
#7912=ORIENTED_EDGE('',*,*,#7907,.T.);
#7913=ORIENTED_EDGE('',*,*,#7911,.T.);
#7914=ORIENTED_EDGE('',*,*,#7809,.F.);
#7915=DIRECTION('',(0.0,-0.943880633232852,-0.33028676965320647));
#7916=AXIS2_PLACEMENT_3D('',#5787,#12,#7915);
#7917=PLANE('',#7916);
#7918=EDGE_LOOP('',(#7912,#7913,#7914));
#7919=FACE_BOUND('',#7918,.T.);
#7920=ADVANCED_FACE('',(#7919),#7917,.T.);
#7921=DIRECTION('',(0.0,-0.9937082257627604,-0.11199983058659958));
#7922=VECTOR('',#7921,1000.0);
#7923=LINE('',#5795,#7922);
#7924=EDGE_CURVE('',#5796,#5798,#7923,.T.);
#7925=DIRECTION('',(0.0,0.7071067811865475,-0.7071067811865477));
#7926=VECTOR('',#7925,1000.0);
#7927=LINE('',#5797,#7926);
#7928=EDGE_CURVE('',#5798,#5778,#7927,.T.);
#7929=ORIENTED_EDGE('',*,*,#7911,.F.);
#7930=ORIENTED_EDGE('',*,*,#7924,.T.);
#7931=ORIENTED_EDGE('',*,*,#7928,.T.);
#7932=DIRECTION('',(0.0,-0.6972048319623929,0.7168719706393126));
#7933=AXIS2_PLACEMENT_3D('',#5777,#12,#7932);
#7934=PLANE('',#7933);
#7935=EDGE_LOOP('',(#7929,#7930,#7931));
#7936=FACE_BOUND('',#7935,.T.);
#7937=ADVANCED_FACE('',(#7936),#7934,.T.);
#7938=DIRECTION('',(0.0,-0.8574929257125442,-0.5144957554275266));
#7939=VECTOR('',#7938,1000.0);
#7940=LINE('',#5797,#7939);
#7941=EDGE_CURVE('',#5798,#5772,#7940,.T.);
#7942=LINE('',#5771,#504);
#7943=EDGE_CURVE('',#5772,#5778,#7942,.T.);
#7944=ORIENTED_EDGE('',*,*,#7928,.F.);
#7945=ORIENTED_EDGE('',*,*,#7941,.T.);
#7946=ORIENTED_EDGE('',*,*,#7943,.T.);
#7947=DIRECTION('',(0.0,-0.7071067811865475,0.7071067811865477));
#7948=AXIS2_PLACEMENT_3D('',#5777,#12,#7947);
#7949=PLANE('',#7948);
#7950=EDGE_LOOP('',(#7944,#7945,#7946));
#7951=FACE_BOUND('',#7950,.T.);
#7952=ADVANCED_FACE('',(#7951),#7949,.T.);
#7953=LINE('',#5797,#483);
#7954=EDGE_CURVE('',#5798,#5800,#7953,.T.);
#7955=LINE('',#5799,#1422);
#7956=EDGE_CURVE('',#5800,#5772,#7955,.T.);
#7957=ORIENTED_EDGE('',*,*,#7941,.F.);
#7958=ORIENTED_EDGE('',*,*,#7954,.T.);
#7959=ORIENTED_EDGE('',*,*,#7956,.T.);
#7960=DIRECTION('',(1.0,0.0,-0.0));
#7961=DIRECTION('',(0.0,0.8574929257125442,0.5144957554275266));
#7962=AXIS2_PLACEMENT_3D('',#5771,#7960,#7961);
#7963=PLANE('',#7962);
#7964=EDGE_LOOP('',(#7957,#7958,#7959));
#7965=FACE_BOUND('',#7964,.T.);
#7966=ADVANCED_FACE('',(#7965),#7963,.T.);
#7967=DIRECTION('',(0.0,-0.9937082257627604,0.11199983058659958));
#7968=VECTOR('',#7967,1000.0);
#7969=LINE('',#5799,#7968);
#7970=EDGE_CURVE('',#5800,#5768,#7969,.T.);
#7971=ORIENTED_EDGE('',*,*,#7956,.F.);
#7972=ORIENTED_EDGE('',*,*,#7970,.T.);
#7973=ORIENTED_EDGE('',*,*,#7676,.F.);
#7974=DIRECTION('',(1.0,0.0,-0.0));
#7975=AXIS2_PLACEMENT_3D('',#5771,#7974,#1443);
#7976=PLANE('',#7975);
#7977=EDGE_LOOP('',(#7971,#7972,#7973));
#7978=FACE_BOUND('',#7977,.T.);
#7979=ADVANCED_FACE('',(#7978),#7976,.T.);
#7980=LINE('',#5771,#7595);
#7981=EDGE_CURVE('',#5772,#5802,#7980,.T.);
#7982=DIRECTION('',(0.0031329395822385455,0.9996084814374181,0.027804109911181707));
#7983=VECTOR('',#7982,1000.0);
#7984=LINE('',#5801,#7983);
#7985=EDGE_CURVE('',#5802,#5778,#7984,.T.);
#7986=ORIENTED_EDGE('',*,*,#7943,.F.);
#7987=ORIENTED_EDGE('',*,*,#7981,.T.);
#7988=ORIENTED_EDGE('',*,*,#7985,.T.);
#7989=AXIS2_PLACEMENT_3D('',#5777,#6187,#482);
#7990=PLANE('',#7989);
#7991=EDGE_LOOP('',(#7986,#7987,#7988));
#7992=FACE_BOUND('',#7991,.T.);
#7993=ADVANCED_FACE('',(#7992),#7990,.T.);
#7994=LINE('',#5801,#504);
#7995=EDGE_CURVE('',#5802,#5804,#7994,.T.);
#7996=DIRECTION('',(0.11197043253714395,0.0,0.9937115387462526));
#7997=VECTOR('',#7996,1000.0);
#7998=LINE('',#5803,#7997);
#7999=EDGE_CURVE('',#5804,#5778,#7998,.T.);
#8000=ORIENTED_EDGE('',*,*,#7985,.F.);
#8001=ORIENTED_EDGE('',*,*,#7995,.T.);
#8002=ORIENTED_EDGE('',*,*,#7999,.T.);
#8003=DIRECTION('',(-0.0031329395822385455,-0.9996084814374181,-0.027804109911181707));
#8004=AXIS2_PLACEMENT_3D('',#5777,#6187,#8003);
#8005=PLANE('',#8004);
#8006=EDGE_LOOP('',(#8000,#8001,#8002));
#8007=FACE_BOUND('',#8006,.T.);
#8008=ADVANCED_FACE('',(#8007),#8005,.T.);
#8009=LINE('',#5801,#7565);
#8010=EDGE_CURVE('',#5802,#5806,#8009,.T.);
#8011=DIRECTION('',(0.009241380257448164,0.9996084648402613,0.026410488648133817));
#8012=VECTOR('',#8011,1000.0);
#8013=LINE('',#5805,#8012);
#8014=EDGE_CURVE('',#5806,#5804,#8013,.T.);
#8015=ORIENTED_EDGE('',*,*,#7995,.F.);
#8016=ORIENTED_EDGE('',*,*,#8010,.T.);
#8017=ORIENTED_EDGE('',*,*,#8014,.T.);
#8018=AXIS2_PLACEMENT_3D('',#5803,#6220,#482);
#8019=PLANE('',#8018);
#8020=EDGE_LOOP('',(#8015,#8016,#8017));
#8021=FACE_BOUND('',#8020,.T.);
#8022=ADVANCED_FACE('',(#8021),#8019,.T.);
#8023=LINE('',#5805,#504);
#8024=EDGE_CURVE('',#5806,#5808,#8023,.T.);
#8025=DIRECTION('',(0.33027748854551564,0.0,0.9438838808667446));
#8026=VECTOR('',#8025,1000.0);
#8027=LINE('',#5807,#8026);
#8028=EDGE_CURVE('',#5808,#5804,#8027,.T.);
#8029=ORIENTED_EDGE('',*,*,#8014,.F.);
#8030=ORIENTED_EDGE('',*,*,#8024,.T.);
#8031=ORIENTED_EDGE('',*,*,#8028,.T.);
#8032=DIRECTION('',(-0.009241380257448164,-0.9996084648402613,-0.026410488648133817));
#8033=AXIS2_PLACEMENT_3D('',#5803,#6220,#8032);
#8034=PLANE('',#8033);
#8035=EDGE_LOOP('',(#8029,#8030,#8031));
#8036=FACE_BOUND('',#8035,.T.);
#8037=ADVANCED_FACE('',(#8036),#8034,.T.);
#8038=LINE('',#5805,#7535);
#8039=EDGE_CURVE('',#5806,#5810,#8038,.T.);
#8040=DIRECTION('',(0.01488583664104912,0.9996085041555058,0.023690721548485415));
#8041=VECTOR('',#8040,1000.0);
#8042=LINE('',#5809,#8041);
#8043=EDGE_CURVE('',#5810,#5808,#8042,.T.);
#8044=ORIENTED_EDGE('',*,*,#8024,.F.);
#8045=ORIENTED_EDGE('',*,*,#8039,.T.);
#8046=ORIENTED_EDGE('',*,*,#8043,.T.);
#8047=AXIS2_PLACEMENT_3D('',#5807,#6253,#482);
#8048=PLANE('',#8047);
#8049=EDGE_LOOP('',(#8044,#8045,#8046));
#8050=FACE_BOUND('',#8049,.T.);
#8051=ADVANCED_FACE('',(#8050),#8048,.T.);
#8052=LINE('',#5809,#504);
#8053=EDGE_CURVE('',#5810,#5812,#8052,.T.);
#8054=DIRECTION('',(0.5320312996792437,0.0,0.846724687346256));
#8055=VECTOR('',#8054,1000.0);
#8056=LINE('',#5811,#8055);
#8057=EDGE_CURVE('',#5812,#5808,#8056,.T.);
#8058=ORIENTED_EDGE('',*,*,#8043,.F.);
#8059=ORIENTED_EDGE('',*,*,#8053,.T.);
#8060=ORIENTED_EDGE('',*,*,#8057,.T.);
#8061=DIRECTION('',(-0.01488583664104912,-0.9996085041555058,-0.023690721548485415));
#8062=AXIS2_PLACEMENT_3D('',#5807,#6253,#8061);
#8063=PLANE('',#8062);
#8064=EDGE_LOOP('',(#8058,#8059,#8060));
#8065=FACE_BOUND('',#8064,.T.);
#8066=ADVANCED_FACE('',(#8065),#8063,.T.);
#8067=DIRECTION('',(-0.707091895511459,0.0,-0.7071216665482766));
#8068=VECTOR('',#8067,1000.0);
#8069=LINE('',#5809,#8068);
#8070=EDGE_CURVE('',#5810,#5814,#8069,.T.);
#8071=DIRECTION('',(0.01978475065262386,0.9996084705127598,0.019785583659682554));
#8072=VECTOR('',#8071,1000.0);
#8073=LINE('',#5813,#8072);
#8074=EDGE_CURVE('',#5814,#5812,#8073,.T.);
#8075=ORIENTED_EDGE('',*,*,#8053,.F.);
#8076=ORIENTED_EDGE('',*,*,#8070,.T.);
#8077=ORIENTED_EDGE('',*,*,#8074,.T.);
#8078=AXIS2_PLACEMENT_3D('',#5811,#6286,#482);
#8079=PLANE('',#8078);
#8080=EDGE_LOOP('',(#8075,#8076,#8077));
#8081=FACE_BOUND('',#8080,.T.);
#8082=ADVANCED_FACE('',(#8081),#8079,.T.);
#8083=LINE('',#5813,#504);
#8084=EDGE_CURVE('',#5814,#5816,#8083,.T.);
#8085=DIRECTION('',(0.707091895511459,0.0,0.7071216665482766));
#8086=VECTOR('',#8085,1000.0);
#8087=LINE('',#5815,#8086);
#8088=EDGE_CURVE('',#5816,#5812,#8087,.T.);
#8089=ORIENTED_EDGE('',*,*,#8074,.F.);
#8090=ORIENTED_EDGE('',*,*,#8084,.T.);
#8091=ORIENTED_EDGE('',*,*,#8088,.T.);
#8092=DIRECTION('',(-0.01978475065262386,-0.9996084705127598,-0.019785583659682554));
#8093=AXIS2_PLACEMENT_3D('',#5811,#6286,#8092);
#8094=PLANE('',#8093);
#8095=EDGE_LOOP('',(#8089,#8090,#8091));
#8096=FACE_BOUND('',#8095,.T.);
#8097=ADVANCED_FACE('',(#8096),#8094,.T.);
#8098=DIRECTION('',(-0.8467331142992999,0.0,-0.5320178879972071));
#8099=VECTOR('',#8098,1000.0);
#8100=LINE('',#5813,#8099);
#8101=EDGE_CURVE('',#5814,#5818,#8100,.T.);
#8102=DIRECTION('',(0.023691554088022124,0.9996084844283468,0.014885836347278842));
#8103=VECTOR('',#8102,1000.0);
#8104=LINE('',#5817,#8103);
#8105=EDGE_CURVE('',#5818,#5816,#8104,.T.);
#8106=ORIENTED_EDGE('',*,*,#8084,.F.);
#8107=ORIENTED_EDGE('',*,*,#8101,.T.);
#8108=ORIENTED_EDGE('',*,*,#8105,.T.);
#8109=AXIS2_PLACEMENT_3D('',#5815,#6319,#482);
#8110=PLANE('',#8109);
#8111=EDGE_LOOP('',(#8106,#8107,#8108));
#8112=FACE_BOUND('',#8111,.T.);
#8113=ADVANCED_FACE('',(#8112),#8110,.T.);
#8114=LINE('',#5817,#504);
#8115=EDGE_CURVE('',#5818,#5820,#8114,.T.);
#8116=DIRECTION('',(0.8467331142992999,0.0,0.5320178879972071));
#8117=VECTOR('',#8116,1000.0);
#8118=LINE('',#5819,#8117);
#8119=EDGE_CURVE('',#5820,#5816,#8118,.T.);
#8120=ORIENTED_EDGE('',*,*,#8105,.F.);
#8121=ORIENTED_EDGE('',*,*,#8115,.T.);
#8122=ORIENTED_EDGE('',*,*,#8119,.T.);
#8123=DIRECTION('',(-0.023691554088022124,-0.9996084844283468,-0.014885836347278842));
#8124=AXIS2_PLACEMENT_3D('',#5815,#6319,#8123);
#8125=PLANE('',#8124);
#8126=EDGE_LOOP('',(#8120,#8121,#8122));
#8127=FACE_BOUND('',#8126,.T.);
#8128=ADVANCED_FACE('',(#8127),#8125,.T.);
#8129=DIRECTION('',(-0.9438838808667438,0.0,-0.3302774885455177));
#8130=VECTOR('',#8129,1000.0);
#8131=LINE('',#5817,#8130);
#8132=EDGE_CURVE('',#5818,#5822,#8131,.T.);
#8133=DIRECTION('',(0.026410488648133633,0.9996084648402613,0.009241380257448164));
#8134=VECTOR('',#8133,1000.0);
#8135=LINE('',#5821,#8134);
#8136=EDGE_CURVE('',#5822,#5820,#8135,.T.);
#8137=ORIENTED_EDGE('',*,*,#8115,.F.);
#8138=ORIENTED_EDGE('',*,*,#8132,.T.);
#8139=ORIENTED_EDGE('',*,*,#8136,.T.);
#8140=AXIS2_PLACEMENT_3D('',#5819,#6352,#482);
#8141=PLANE('',#8140);
#8142=EDGE_LOOP('',(#8137,#8138,#8139));
#8143=FACE_BOUND('',#8142,.T.);
#8144=ADVANCED_FACE('',(#8143),#8141,.T.);
#8145=LINE('',#5821,#504);
#8146=EDGE_CURVE('',#5822,#5824,#8145,.T.);
#8147=DIRECTION('',(0.9438838808667438,0.0,0.3302774885455177));
#8148=VECTOR('',#8147,1000.0);
#8149=LINE('',#5823,#8148);
#8150=EDGE_CURVE('',#5824,#5820,#8149,.T.);
#8151=ORIENTED_EDGE('',*,*,#8136,.F.);
#8152=ORIENTED_EDGE('',*,*,#8146,.T.);
#8153=ORIENTED_EDGE('',*,*,#8150,.T.);
#8154=DIRECTION('',(-0.026410488648133633,-0.9996084648402613,-0.009241380257448164));
#8155=AXIS2_PLACEMENT_3D('',#5819,#6352,#8154);
#8156=PLANE('',#8155);
#8157=EDGE_LOOP('',(#8151,#8152,#8153));
#8158=FACE_BOUND('',#8157,.T.);
#8159=ADVANCED_FACE('',(#8158),#8156,.T.);
#8160=DIRECTION('',(-0.9937115387462531,0.0,-0.11197043253713995));
#8161=VECTOR('',#8160,1000.0);
#8162=LINE('',#5821,#8161);
#8163=EDGE_CURVE('',#5822,#5826,#8162,.T.);
#8164=DIRECTION('',(0.02780410991118189,0.9996084814374181,0.003132939582238453));
#8165=VECTOR('',#8164,1000.0);
#8166=LINE('',#5825,#8165);
#8167=EDGE_CURVE('',#5826,#5824,#8166,.T.);
#8168=ORIENTED_EDGE('',*,*,#8146,.F.);
#8169=ORIENTED_EDGE('',*,*,#8163,.T.);
#8170=ORIENTED_EDGE('',*,*,#8167,.T.);
#8171=AXIS2_PLACEMENT_3D('',#5823,#6385,#482);
#8172=PLANE('',#8171);
#8173=EDGE_LOOP('',(#8168,#8169,#8170));
#8174=FACE_BOUND('',#8173,.T.);
#8175=ADVANCED_FACE('',(#8174),#8172,.T.);
#8176=LINE('',#5825,#504);
#8177=EDGE_CURVE('',#5826,#5828,#8176,.T.);
#8178=DIRECTION('',(0.9937115387462531,0.0,0.11197043253713995));
#8179=VECTOR('',#8178,1000.0);
#8180=LINE('',#5827,#8179);
#8181=EDGE_CURVE('',#5828,#5824,#8180,.T.);
#8182=ORIENTED_EDGE('',*,*,#8167,.F.);
#8183=ORIENTED_EDGE('',*,*,#8177,.T.);
#8184=ORIENTED_EDGE('',*,*,#8181,.T.);
#8185=DIRECTION('',(-0.02780410991118189,-0.9996084814374181,-0.003132939582238453));
#8186=AXIS2_PLACEMENT_3D('',#5823,#6385,#8185);
#8187=PLANE('',#8186);
#8188=EDGE_LOOP('',(#8182,#8183,#8184));
#8189=FACE_BOUND('',#8188,.T.);
#8190=ADVANCED_FACE('',(#8189),#8187,.T.);
#8191=LINE('',#5829,#720);
#8192=EDGE_CURVE('',#5830,#5828,#8191,.T.);
#8193=LINE('',#5827,#6143);
#8194=EDGE_CURVE('',#5828,#5832,#8193,.T.);
#8195=LINE('',#5831,#504);
#8196=EDGE_CURVE('',#5832,#5830,#8195,.T.);
#8197=ORIENTED_EDGE('',*,*,#8192,.T.);
#8198=ORIENTED_EDGE('',*,*,#8194,.T.);
#8199=ORIENTED_EDGE('',*,*,#8196,.T.);
#8200=AXIS2_PLACEMENT_3D('',#5829,#1100,#12);
#8201=PLANE('',#8200);
#8202=EDGE_LOOP('',(#8197,#8198,#8199));
#8203=FACE_BOUND('',#8202,.T.);
#8204=ADVANCED_FACE('',(#8203),#8201,.T.);
#8205=LINE('',#5825,#741);
#8206=EDGE_CURVE('',#5826,#5832,#8205,.T.);
#8207=ORIENTED_EDGE('',*,*,#8194,.F.);
#8208=ORIENTED_EDGE('',*,*,#8177,.F.);
#8209=ORIENTED_EDGE('',*,*,#8206,.T.);
#8210=DIRECTION('',(0.0,0.0,-1.0));
#8211=AXIS2_PLACEMENT_3D('',#5831,#8210,#6162);
#8212=PLANE('',#8211);
#8213=EDGE_LOOP('',(#8207,#8208,#8209));
#8214=FACE_BOUND('',#8213,.T.);
#8215=ADVANCED_FACE('',(#8214),#8212,.T.);
#8216=LINE('',#5831,#6112);
#8217=EDGE_CURVE('',#5832,#5628,#8216,.T.);
#8218=DIRECTION('',(0.0,0.0,-1.0));
#8219=VECTOR('',#8218,1000.0);
#8220=LINE('',#5627,#8219);
#8221=EDGE_CURVE('',#5628,#5830,#8220,.T.);
#8222=ORIENTED_EDGE('',*,*,#8196,.F.);
#8223=ORIENTED_EDGE('',*,*,#8217,.T.);
#8224=ORIENTED_EDGE('',*,*,#8221,.T.);
#8225=AXIS2_PLACEMENT_3D('',#5829,#740,#482);
#8226=PLANE('',#8225);
#8227=EDGE_LOOP('',(#8222,#8223,#8224));
#8228=FACE_BOUND('',#8227,.T.);
#8229=ADVANCED_FACE('',(#8228),#8226,.T.);
#8230=LINE('',#5831,#691);
#8231=EDGE_CURVE('',#5832,#5630,#8230,.T.);
#8232=LINE('',#5629,#504);
#8233=EDGE_CURVE('',#5630,#5628,#8232,.T.);
#8234=ORIENTED_EDGE('',*,*,#8217,.F.);
#8235=ORIENTED_EDGE('',*,*,#8231,.T.);
#8236=ORIENTED_EDGE('',*,*,#8233,.T.);
#8237=DIRECTION('',(-1.0,-0.0,0.0));
#8238=AXIS2_PLACEMENT_3D('',#5627,#8237,#6134);
#8239=PLANE('',#8238);
#8240=EDGE_LOOP('',(#8234,#8235,#8236));
#8241=FACE_BOUND('',#8240,.T.);
#8242=ADVANCED_FACE('',(#8241),#8239,.T.);
#8243=DIRECTION('',(0.9805806756909202,0.0,-0.19611613513818407));
#8244=VECTOR('',#8243,1000.0);
#8245=LINE('',#5627,#8244);
#8246=EDGE_CURVE('',#5628,#5828,#8245,.T.);
#8247=ORIENTED_EDGE('',*,*,#8221,.F.);
#8248=ORIENTED_EDGE('',*,*,#8246,.T.);
#8249=ORIENTED_EDGE('',*,*,#8192,.F.);
#8250=AXIS2_PLACEMENT_3D('',#5829,#730,#11);
#8251=PLANE('',#8250);
#8252=EDGE_LOOP('',(#8247,#8248,#8249));
#8253=FACE_BOUND('',#8252,.T.);
#8254=ADVANCED_FACE('',(#8253),#8251,.T.);
#8255=LINE('',#5627,#720);
#8256=EDGE_CURVE('',#5628,#5604,#8255,.T.);
#8257=DIRECTION('',(0.12730193108134769,0.0,-0.991864012021285));
#8258=VECTOR('',#8257,1000.0);
#8259=LINE('',#5603,#8258);
#8260=EDGE_CURVE('',#5604,#5828,#8259,.T.);
#8261=ORIENTED_EDGE('',*,*,#8246,.F.);
#8262=ORIENTED_EDGE('',*,*,#8256,.T.);
#8263=ORIENTED_EDGE('',*,*,#8260,.T.);
#8264=DIRECTION('',(0.0,1.0,-0.0));
#8265=DIRECTION('',(-0.9805806756909202,0.0,0.19611613513818407));
#8266=AXIS2_PLACEMENT_3D('',#5827,#8264,#8265);
#8267=PLANE('',#8266);
#8268=EDGE_LOOP('',(#8261,#8262,#8263));
#8269=FACE_BOUND('',#8268,.T.);
#8270=ADVANCED_FACE('',(#8269),#8267,.T.);
#8271=DIRECTION('',(0.3686429441516483,0.0,-0.9295710729832359));
#8272=VECTOR('',#8271,1000.0);
#8273=LINE('',#5603,#8272);
#8274=EDGE_CURVE('',#5604,#5824,#8273,.T.);
#8275=ORIENTED_EDGE('',*,*,#8260,.F.);
#8276=ORIENTED_EDGE('',*,*,#8274,.T.);
#8277=ORIENTED_EDGE('',*,*,#8181,.F.);
#8278=DIRECTION('',(-0.0,1.0,-0.0));
#8279=DIRECTION('',(-0.12730193108134769,0.0,0.991864012021285));
#8280=AXIS2_PLACEMENT_3D('',#5827,#8278,#8279);
#8281=PLANE('',#8280);
#8282=EDGE_LOOP('',(#8275,#8276,#8277));
#8283=FACE_BOUND('',#8282,.T.);
#8284=ADVANCED_FACE('',(#8283),#8281,.T.);
#8285=DIRECTION('',(0.5789927684770022,0.0,-0.8153326769186529));
#8286=VECTOR('',#8285,1000.0);
#8287=LINE('',#5603,#8286);
#8288=EDGE_CURVE('',#5604,#5820,#8287,.T.);
#8289=ORIENTED_EDGE('',*,*,#8274,.F.);
#8290=ORIENTED_EDGE('',*,*,#8288,.T.);
#8291=ORIENTED_EDGE('',*,*,#8150,.F.);
#8292=DIRECTION('',(-0.0,1.0,-0.0));
#8293=DIRECTION('',(-0.3686429441516483,0.0,0.9295710729832359));
#8294=AXIS2_PLACEMENT_3D('',#5823,#8292,#8293);
#8295=PLANE('',#8294);
#8296=EDGE_LOOP('',(#8289,#8290,#8291));
#8297=FACE_BOUND('',#8296,.T.);
#8298=ADVANCED_FACE('',(#8297),#8295,.T.);
#8299=DIRECTION('',(0.670706200896595,0.0,-0.7417231235972467));
#8300=VECTOR('',#8299,1000.0);
#8301=LINE('',#5733,#8300);
#8302=EDGE_CURVE('',#5734,#5816,#8301,.T.);
#8303=DIRECTION('',(-0.6893797692121755,0.0,0.7244001199620054));
#8304=VECTOR('',#8303,1000.0);
#8305=LINE('',#5815,#8304);
#8306=EDGE_CURVE('',#5816,#5732,#8305,.T.);
#8307=ORIENTED_EDGE('',*,*,#7408,.F.);
#8308=ORIENTED_EDGE('',*,*,#8302,.T.);
#8309=ORIENTED_EDGE('',*,*,#8306,.T.);
#8310=DIRECTION('',(0.9937221740522464,0.0,0.11187600635023114));
#8311=AXIS2_PLACEMENT_3D('',#5731,#730,#8310);
#8312=PLANE('',#8311);
#8313=EDGE_LOOP('',(#8307,#8308,#8309));
#8314=FACE_BOUND('',#8313,.T.);
#8315=ADVANCED_FACE('',(#8314),#8312,.T.);
#8316=DIRECTION('',(0.7497306417417862,0.0,-0.6617431260190388));
#8317=VECTOR('',#8316,1000.0);
#8318=LINE('',#5603,#8317);
#8319=EDGE_CURVE('',#5604,#5816,#8318,.T.);
#8320=ORIENTED_EDGE('',*,*,#8288,.F.);
#8321=ORIENTED_EDGE('',*,*,#8319,.T.);
#8322=ORIENTED_EDGE('',*,*,#8119,.F.);
#8323=DIRECTION('',(-0.0,1.0,-0.0));
#8324=DIRECTION('',(-0.5789927684770022,0.0,0.8153326769186529));
#8325=AXIS2_PLACEMENT_3D('',#5819,#8323,#8324);
#8326=PLANE('',#8325);
#8327=EDGE_LOOP('',(#8320,#8321,#8322));
#8328=FACE_BOUND('',#8327,.T.);
#8329=ADVANCED_FACE('',(#8328),#8326,.T.);
#8330=DIRECTION('',(0.051929838256160196,0.0,0.9986507356922585));
#8331=VECTOR('',#8330,1000.0);
#8332=LINE('',#5603,#8331);
#8333=EDGE_CURVE('',#5604,#5602,#8332,.T.);
#8334=DIRECTION('',(0.7462050284003127,0.0,-0.6657161974821467));
#8335=VECTOR('',#8334,1000.0);
#8336=LINE('',#5601,#8335);
#8337=EDGE_CURVE('',#5602,#5816,#8336,.T.);
#8338=ORIENTED_EDGE('',*,*,#8319,.F.);
#8339=ORIENTED_EDGE('',*,*,#8333,.T.);
#8340=ORIENTED_EDGE('',*,*,#8337,.T.);
#8341=DIRECTION('',(0.0,1.0,-0.0));
#8342=DIRECTION('',(-0.7497306417417862,0.0,0.6617431260190388));
#8343=AXIS2_PLACEMENT_3D('',#5815,#8341,#8342);
#8344=PLANE('',#8343);
#8345=EDGE_LOOP('',(#8338,#8339,#8340));
#8346=FACE_BOUND('',#8345,.T.);
#8347=ADVANCED_FACE('',(#8346),#8344,.T.);
#8348=ORIENTED_EDGE('',*,*,#8337,.F.);
#8349=ORIENTED_EDGE('',*,*,#7390,.F.);
#8350=ORIENTED_EDGE('',*,*,#8306,.F.);
#8351=DIRECTION('',(0.0,1.0,-0.0));
#8352=DIRECTION('',(-0.7462050284003127,0.0,0.6657161974821467));
#8353=AXIS2_PLACEMENT_3D('',#5815,#8351,#8352);
#8354=PLANE('',#8353);
#8355=EDGE_LOOP('',(#8348,#8349,#8350));
#8356=FACE_BOUND('',#8355,.T.);
#8357=ADVANCED_FACE('',(#8356),#8354,.T.);
#8358=DIRECTION('',(0.0523363301273488,0.0,0.9986295151600524));
#8359=VECTOR('',#8358,1000.0);
#8360=LINE('',#5605,#8359);
#8361=EDGE_CURVE('',#5606,#5570,#8360,.T.);
#8362=DIRECTION('',(-0.9210332811885368,0.0,-0.3894838827770383));
#8363=VECTOR('',#8362,1000.0);
#8364=LINE('',#5575,#8363);
#8365=EDGE_CURVE('',#5576,#5606,#8364,.T.);
#8366=ORIENTED_EDGE('',*,*,#8361,.T.);
#8367=ORIENTED_EDGE('',*,*,#5907,.F.);
#8368=ORIENTED_EDGE('',*,*,#8365,.T.);
#8369=DIRECTION('',(0.0523363301273488,0.0,0.9986295151600524));
#8370=AXIS2_PLACEMENT_3D('',#5605,#730,#8369);
#8371=PLANE('',#8370);
#8372=EDGE_LOOP('',(#8366,#8367,#8368));
#8373=FACE_BOUND('',#8372,.T.);
#8374=ADVANCED_FACE('',(#8373),#8371,.T.);
#8375=DIRECTION('',(-0.9996823259113753,0.0,-0.025204111974492953));
#8376=VECTOR('',#8375,1000.0);
#8377=LINE('',#5579,#8376);
#8378=EDGE_CURVE('',#5580,#5606,#8377,.T.);
#8379=ORIENTED_EDGE('',*,*,#5938,.F.);
#8380=ORIENTED_EDGE('',*,*,#8378,.T.);
#8381=ORIENTED_EDGE('',*,*,#8365,.F.);
#8382=DIRECTION('',(0.9238821581518976,0.0,-0.38267709344640993));
#8383=AXIS2_PLACEMENT_3D('',#5575,#503,#8382);
#8384=PLANE('',#8383);
#8385=EDGE_LOOP('',(#8379,#8380,#8381));
#8386=FACE_BOUND('',#8385,.T.);
#8387=ADVANCED_FACE('',(#8386),#8384,.T.);
#8388=DIRECTION('',(-0.9797401410029244,0.0,0.20027295400919617));
#8389=VECTOR('',#8388,1000.0);
#8390=LINE('',#5583,#8389);
#8391=EDGE_CURVE('',#5584,#5606,#8390,.T.);
#8392=ORIENTED_EDGE('',*,*,#8378,.F.);
#8393=ORIENTED_EDGE('',*,*,#5969,.F.);
#8394=ORIENTED_EDGE('',*,*,#8391,.T.);
#8395=DIRECTION('',(0.9996823259113753,0.0,0.025204111974492953));
#8396=AXIS2_PLACEMENT_3D('',#5605,#730,#8395);
#8397=PLANE('',#8396);
#8398=EDGE_LOOP('',(#8392,#8393,#8394));
#8399=FACE_BOUND('',#8398,.T.);
#8400=ADVANCED_FACE('',(#8399),#8397,.T.);
#8401=DIRECTION('',(-0.9271030656212905,0.0,0.37480649102650965));
#8402=VECTOR('',#8401,1000.0);
#8403=LINE('',#5587,#8402);
#8404=EDGE_CURVE('',#5588,#5606,#8403,.T.);
#8405=ORIENTED_EDGE('',*,*,#8391,.F.);
#8406=ORIENTED_EDGE('',*,*,#6001,.F.);
#8407=ORIENTED_EDGE('',*,*,#8404,.T.);
#8408=DIRECTION('',(0.9797401410029244,0.0,-0.20027295400919617));
#8409=AXIS2_PLACEMENT_3D('',#5605,#503,#8408);
#8410=PLANE('',#8409);
#8411=EDGE_LOOP('',(#8405,#8406,#8407));
#8412=FACE_BOUND('',#8411,.T.);
#8413=ADVANCED_FACE('',(#8412),#8410,.T.);
#8414=DIRECTION('',(0.6482949600088463,0.0,-0.7613892859944434));
#8415=VECTOR('',#8414,1000.0);
#8416=LINE('',#5737,#8415);
#8417=EDGE_CURVE('',#5738,#5816,#8416,.T.);
#8418=ORIENTED_EDGE('',*,*,#7441,.F.);
#8419=ORIENTED_EDGE('',*,*,#8417,.T.);
#8420=ORIENTED_EDGE('',*,*,#8302,.F.);
#8421=DIRECTION('',(0.9438290409295963,0.0,0.330434171201948));
#8422=AXIS2_PLACEMENT_3D('',#5733,#730,#8421);
#8423=PLANE('',#8422);
#8424=EDGE_LOOP('',(#8418,#8419,#8420));
#8425=FACE_BOUND('',#8424,.T.);
#8426=ADVANCED_FACE('',(#8425),#8423,.T.);
#8427=DIRECTION('',(0.6234934204544235,0.0,-0.7818285967205624));
#8428=VECTOR('',#8427,1000.0);
#8429=LINE('',#5741,#8428);
#8430=EDGE_CURVE('',#5742,#5816,#8429,.T.);
#8431=ORIENTED_EDGE('',*,*,#8417,.F.);
#8432=ORIENTED_EDGE('',*,*,#7474,.F.);
#8433=ORIENTED_EDGE('',*,*,#8430,.T.);
#8434=DIRECTION('',(0.0,1.0,-0.0));
#8435=DIRECTION('',(-0.6482949600088463,0.0,0.7613892859944434));
#8436=AXIS2_PLACEMENT_3D('',#5815,#8434,#8435);
#8437=PLANE('',#8436);
#8438=EDGE_LOOP('',(#8431,#8432,#8433));
#8439=FACE_BOUND('',#8438,.T.);
#8440=ADVANCED_FACE('',(#8439),#8437,.T.);
#8441=DIRECTION('',(0.8014708551722862,0.0,-0.5980338354218799));
#8442=VECTOR('',#8441,1000.0);
#8443=LINE('',#5741,#8442);
#8444=EDGE_CURVE('',#5742,#5812,#8443,.T.);
#8445=ORIENTED_EDGE('',*,*,#8430,.F.);
#8446=ORIENTED_EDGE('',*,*,#8444,.T.);
#8447=ORIENTED_EDGE('',*,*,#8088,.F.);
#8448=DIRECTION('',(-0.0,1.0,-0.0));
#8449=DIRECTION('',(-0.6234934204544235,0.0,0.7818285967205624));
#8450=AXIS2_PLACEMENT_3D('',#5815,#8448,#8449);
#8451=PLANE('',#8450);
#8452=EDGE_LOOP('',(#8445,#8446,#8447));
#8453=FACE_BOUND('',#8452,.T.);
#8454=ADVANCED_FACE('',(#8453),#8451,.T.);
#8455=DIRECTION('',(0.7818323178146231,0.0,-0.6234887543657978));
#8456=VECTOR('',#8455,1000.0);
#8457=LINE('',#5745,#8456);
#8458=EDGE_CURVE('',#5746,#5812,#8457,.T.);
#8459=ORIENTED_EDGE('',*,*,#8444,.F.);
#8460=ORIENTED_EDGE('',*,*,#7507,.F.);
#8461=ORIENTED_EDGE('',*,*,#8458,.T.);
#8462=DIRECTION('',(0.0,1.0,-0.0));
#8463=DIRECTION('',(-0.8014708551722862,0.0,0.5980338354218799));
#8464=AXIS2_PLACEMENT_3D('',#5811,#8462,#8463);
#8465=PLANE('',#8464);
#8466=EDGE_LOOP('',(#8459,#8460,#8461));
#8467=FACE_BOUND('',#8466,.T.);
#8468=ADVANCED_FACE('',(#8467),#8465,.T.);
#8469=DIRECTION('',(0.9144458642094131,0.0,-0.40470824235527975));
#8470=VECTOR('',#8469,1000.0);
#8471=LINE('',#5745,#8470);
#8472=EDGE_CURVE('',#5746,#5808,#8471,.T.);
#8473=ORIENTED_EDGE('',*,*,#8458,.F.);
#8474=ORIENTED_EDGE('',*,*,#8472,.T.);
#8475=ORIENTED_EDGE('',*,*,#8057,.F.);
#8476=DIRECTION('',(-0.0,1.0,-0.0));
#8477=DIRECTION('',(-0.7818323178146231,0.0,0.6234887543657978));
#8478=AXIS2_PLACEMENT_3D('',#5811,#8476,#8477);
#8479=PLANE('',#8478);
#8480=EDGE_LOOP('',(#8473,#8474,#8475));
#8481=FACE_BOUND('',#8480,.T.);
#8482=ADVANCED_FACE('',(#8481),#8479,.T.);
#8483=DIRECTION('',(0.9009682935665712,0.0,-0.433884931736216));
#8484=VECTOR('',#8483,1000.0);
#8485=LINE('',#5749,#8484);
#8486=EDGE_CURVE('',#5750,#5808,#8485,.T.);
#8487=ORIENTED_EDGE('',*,*,#8472,.F.);
#8488=ORIENTED_EDGE('',*,*,#7537,.F.);
#8489=ORIENTED_EDGE('',*,*,#8486,.T.);
#8490=DIRECTION('',(0.0,1.0,-0.0));
#8491=DIRECTION('',(-0.9144458642094131,0.0,0.40470824235527975));
#8492=AXIS2_PLACEMENT_3D('',#5807,#8490,#8491);
#8493=PLANE('',#8492);
#8494=EDGE_LOOP('',(#8487,#8488,#8489));
#8495=FACE_BOUND('',#8494,.T.);
#8496=ADVANCED_FACE('',(#8495),#8493,.T.);
#8497=DIRECTION('',(0.9815767152503689,0.0,-0.1910684486729715));
#8498=VECTOR('',#8497,1000.0);
#8499=LINE('',#5749,#8498);
#8500=EDGE_CURVE('',#5750,#5804,#8499,.T.);
#8501=ORIENTED_EDGE('',*,*,#8486,.F.);
#8502=ORIENTED_EDGE('',*,*,#8500,.T.);
#8503=ORIENTED_EDGE('',*,*,#8028,.F.);
#8504=DIRECTION('',(-0.0,1.0,-0.0));
#8505=DIRECTION('',(-0.9009682935665712,0.0,0.433884931736216));
#8506=AXIS2_PLACEMENT_3D('',#5807,#8504,#8505);
#8507=PLANE('',#8506);
#8508=EDGE_LOOP('',(#8501,#8502,#8503));
#8509=FACE_BOUND('',#8508,.T.);
#8510=ADVANCED_FACE('',(#8509),#8507,.T.);
#8511=DIRECTION('',(0.9749281031768599,0.0,-0.2225200971507299));
#8512=VECTOR('',#8511,1000.0);
#8513=LINE('',#5753,#8512);
#8514=EDGE_CURVE('',#5754,#5804,#8513,.T.);
#8515=ORIENTED_EDGE('',*,*,#8500,.F.);
#8516=ORIENTED_EDGE('',*,*,#7567,.F.);
#8517=ORIENTED_EDGE('',*,*,#8514,.T.);
#8518=DIRECTION('',(0.0,1.0,-0.0));
#8519=DIRECTION('',(-0.9815767152503689,0.0,0.1910684486729715));
#8520=AXIS2_PLACEMENT_3D('',#5803,#8518,#8519);
#8521=PLANE('',#8520);
#8522=EDGE_LOOP('',(#8515,#8516,#8517));
#8523=FACE_BOUND('',#8522,.T.);
#8524=ADVANCED_FACE('',(#8523),#8521,.T.);
#8525=DIRECTION('',(0.9994833334842885,0.0,0.032141345446860765));
#8526=VECTOR('',#8525,1000.0);
#8527=LINE('',#5753,#8526);
#8528=EDGE_CURVE('',#5754,#5778,#8527,.T.);
#8529=ORIENTED_EDGE('',*,*,#8514,.F.);
#8530=ORIENTED_EDGE('',*,*,#8528,.T.);
#8531=ORIENTED_EDGE('',*,*,#7999,.F.);
#8532=DIRECTION('',(0.0,1.0,-0.0));
#8533=DIRECTION('',(-0.9749281031768599,0.0,0.2225200971507299));
#8534=AXIS2_PLACEMENT_3D('',#5803,#8532,#8533);
#8535=PLANE('',#8534);
#8536=EDGE_LOOP('',(#8529,#8530,#8531));
#8537=FACE_BOUND('',#8536,.T.);
#8538=ADVANCED_FACE('',(#8537),#8535,.T.);
#8539=LINE('',#5757,#720);
#8540=EDGE_CURVE('',#5758,#5778,#8539,.T.);
#8541=ORIENTED_EDGE('',*,*,#8528,.F.);
#8542=ORIENTED_EDGE('',*,*,#7597,.F.);
#8543=ORIENTED_EDGE('',*,*,#8540,.T.);
#8544=DIRECTION('',(0.0,1.0,-0.0));
#8545=DIRECTION('',(-0.9994833334842885,0.0,-0.032141345446860765));
#8546=AXIS2_PLACEMENT_3D('',#5777,#8544,#8545);
#8547=PLANE('',#8546);
#8548=EDGE_LOOP('',(#8541,#8542,#8543));
#8549=FACE_BOUND('',#8548,.T.);
#8550=ADVANCED_FACE('',(#8549),#8547,.T.);
#8551=DIRECTION('',(0.23170023207643417,0.0,0.9727872339086931));
#8552=VECTOR('',#8551,1000.0);
#8553=LINE('',#5757,#8552);
#8554=EDGE_CURVE('',#5758,#5596,#8553,.T.);
#8555=ORIENTED_EDGE('',*,*,#8540,.F.);
#8556=ORIENTED_EDGE('',*,*,#8554,.T.);
#8557=ORIENTED_EDGE('',*,*,#7725,.F.);
#8558=DIRECTION('',(0.0,1.0,-0.0));
#8559=AXIS2_PLACEMENT_3D('',#5777,#8558,#740);
#8560=PLANE('',#8559);
#8561=EDGE_LOOP('',(#8555,#8556,#8557));
#8562=FACE_BOUND('',#8561,.T.);
#8563=ADVANCED_FACE('',(#8562),#8560,.T.);
#8564=DIRECTION('',(0.763176979327532,0.0,-0.64618952190863));
#8565=VECTOR('',#8564,1000.0);
#8566=LINE('',#5605,#8565);
#8567=EDGE_CURVE('',#5606,#5596,#8566,.T.);
#8568=ORIENTED_EDGE('',*,*,#8554,.F.);
#8569=ORIENTED_EDGE('',*,*,#7624,.F.);
#8570=ORIENTED_EDGE('',*,*,#8567,.T.);
#8571=DIRECTION('',(0.0,1.0,-0.0));
#8572=DIRECTION('',(-0.23170023207643417,0.0,-0.9727872339086931));
#8573=AXIS2_PLACEMENT_3D('',#5595,#8571,#8572);
#8574=PLANE('',#8573);
#8575=EDGE_LOOP('',(#8568,#8569,#8570));
#8576=FACE_BOUND('',#8575,.T.);
#8577=ADVANCED_FACE('',(#8576),#8574,.T.);
#8578=DIRECTION('',(0.8535077850424487,0.0,-0.5210800906501163));
#8579=VECTOR('',#8578,1000.0);
#8580=LINE('',#5605,#8579);
#8581=EDGE_CURVE('',#5606,#5592,#8580,.T.);
#8582=ORIENTED_EDGE('',*,*,#8567,.F.);
#8583=ORIENTED_EDGE('',*,*,#8581,.T.);
#8584=ORIENTED_EDGE('',*,*,#6065,.F.);
#8585=DIRECTION('',(-0.0,1.0,-0.0));
#8586=DIRECTION('',(-0.763176979327532,0.0,0.64618952190863));
#8587=AXIS2_PLACEMENT_3D('',#5595,#8585,#8586);
#8588=PLANE('',#8587);
#8589=EDGE_LOOP('',(#8582,#8583,#8584));
#8590=FACE_BOUND('',#8589,.T.);
#8591=ADVANCED_FACE('',(#8590),#8588,.T.);
#8592=ORIENTED_EDGE('',*,*,#8581,.F.);
#8593=ORIENTED_EDGE('',*,*,#8404,.F.);
#8594=ORIENTED_EDGE('',*,*,#6033,.F.);
#8595=DIRECTION('',(-0.0,1.0,-0.0));
#8596=DIRECTION('',(-0.8535077850424487,0.0,0.5210800906501163));
#8597=AXIS2_PLACEMENT_3D('',#5591,#8595,#8596);
#8598=PLANE('',#8597);
#8599=EDGE_LOOP('',(#8592,#8593,#8594));
#8600=FACE_BOUND('',#8599,.T.);
#8601=ADVANCED_FACE('',(#8600),#8598,.T.);
#8602=DIRECTION('',(0.6482949600088463,0.0,-0.7613892859944434));
#8603=VECTOR('',#8602,1000.0);
#8604=LINE('',#5739,#8603);
#8605=EDGE_CURVE('',#5740,#5814,#8604,.T.);
#8606=DIRECTION('',(-0.6234934204544235,0.0,0.7818285967205624));
#8607=VECTOR('',#8606,1000.0);
#8608=LINE('',#5813,#8607);
#8609=EDGE_CURVE('',#5814,#5744,#8608,.T.);
#8610=ORIENTED_EDGE('',*,*,#7487,.F.);
#8611=ORIENTED_EDGE('',*,*,#8605,.T.);
#8612=ORIENTED_EDGE('',*,*,#8609,.T.);
#8613=DIRECTION('',(0.0,-1.0,-0.0));
#8614=DIRECTION('',(-0.8467545493271237,0.0,-0.5319837715511815));
#8615=AXIS2_PLACEMENT_3D('',#5743,#8613,#8614);
#8616=PLANE('',#8615);
#8617=EDGE_LOOP('',(#8610,#8611,#8612));
#8618=FACE_BOUND('',#8617,.T.);
#8619=ADVANCED_FACE('',(#8618),#8616,.T.);
#8620=DIRECTION('',(0.979575523660212,0.0,0.2010765860209021));
#8621=VECTOR('',#8620,1000.0);
#8622=LINE('',#5831,#8621);
#8623=EDGE_CURVE('',#5832,#5608,#8622,.T.);
#8624=LINE('',#5607,#741);
#8625=EDGE_CURVE('',#5608,#5630,#8624,.T.);
#8626=ORIENTED_EDGE('',*,*,#8231,.F.);
#8627=ORIENTED_EDGE('',*,*,#8623,.T.);
#8628=ORIENTED_EDGE('',*,*,#8625,.T.);
#8629=DIRECTION('',(0.0,0.0,-1.0));
#8630=AXIS2_PLACEMENT_3D('',#5629,#482,#8629);
#8631=PLANE('',#8630);
#8632=EDGE_LOOP('',(#8626,#8627,#8628));
#8633=FACE_BOUND('',#8632,.T.);
#8634=ADVANCED_FACE('',(#8633),#8631,.T.);
#8635=DIRECTION('',(-0.12730193108134769,0.0,0.991864012021285));
#8636=VECTOR('',#8635,1000.0);
#8637=LINE('',#5825,#8636);
#8638=EDGE_CURVE('',#5826,#5608,#8637,.T.);
#8639=ORIENTED_EDGE('',*,*,#8623,.F.);
#8640=ORIENTED_EDGE('',*,*,#8206,.F.);
#8641=ORIENTED_EDGE('',*,*,#8638,.T.);
#8642=DIRECTION('',(0.0,-1.0,-0.0));
#8643=DIRECTION('',(-0.979575523660212,0.0,-0.2010765860209021));
#8644=AXIS2_PLACEMENT_3D('',#5607,#8642,#8643);
#8645=PLANE('',#8644);
#8646=EDGE_LOOP('',(#8639,#8640,#8641));
#8647=FACE_BOUND('',#8646,.T.);
#8648=ADVANCED_FACE('',(#8647),#8645,.T.);
#8649=DIRECTION('',(-0.3686429441516483,0.0,0.9295710729832359));
#8650=VECTOR('',#8649,1000.0);
#8651=LINE('',#5821,#8650);
#8652=EDGE_CURVE('',#5822,#5608,#8651,.T.);
#8653=ORIENTED_EDGE('',*,*,#8163,.F.);
#8654=ORIENTED_EDGE('',*,*,#8652,.T.);
#8655=ORIENTED_EDGE('',*,*,#8638,.F.);
#8656=DIRECTION('',(0.9937115387462531,0.0,0.11197043253713995));
#8657=AXIS2_PLACEMENT_3D('',#5825,#482,#8656);
#8658=PLANE('',#8657);
#8659=EDGE_LOOP('',(#8653,#8654,#8655));
#8660=FACE_BOUND('',#8659,.T.);
#8661=ADVANCED_FACE('',(#8660),#8658,.T.);
#8662=DIRECTION('',(-0.5789927684770022,0.0,0.8153326769186529));
#8663=VECTOR('',#8662,1000.0);
#8664=LINE('',#5817,#8663);
#8665=EDGE_CURVE('',#5818,#5608,#8664,.T.);
#8666=ORIENTED_EDGE('',*,*,#8652,.F.);
#8667=ORIENTED_EDGE('',*,*,#8132,.F.);
#8668=ORIENTED_EDGE('',*,*,#8665,.T.);
#8669=DIRECTION('',(0.3686429441516483,0.0,-0.9295710729832359));
#8670=AXIS2_PLACEMENT_3D('',#5607,#482,#8669);
#8671=PLANE('',#8670);
#8672=EDGE_LOOP('',(#8666,#8667,#8668));
#8673=FACE_BOUND('',#8672,.T.);
#8674=ADVANCED_FACE('',(#8673),#8671,.T.);
#8675=DIRECTION('',(-0.7497306417417862,0.0,0.6617431260190388));
#8676=VECTOR('',#8675,1000.0);
#8677=LINE('',#5813,#8676);
#8678=EDGE_CURVE('',#5814,#5608,#8677,.T.);
#8679=ORIENTED_EDGE('',*,*,#8665,.F.);
#8680=ORIENTED_EDGE('',*,*,#8101,.F.);
#8681=ORIENTED_EDGE('',*,*,#8678,.T.);
#8682=DIRECTION('',(0.5789927684770022,0.0,-0.8153326769186529));
#8683=AXIS2_PLACEMENT_3D('',#5607,#482,#8682);
#8684=PLANE('',#8683);
#8685=EDGE_LOOP('',(#8679,#8680,#8681));
#8686=FACE_BOUND('',#8685,.T.);
#8687=ADVANCED_FACE('',(#8686),#8684,.T.);
#8688=LINE('',#5833,#5905);
#8689=EDGE_CURVE('',#5834,#5600,#8688,.T.);
#8690=DIRECTION('',(-0.0523363301273488,0.0,-0.9986295151600524));
#8691=VECTOR('',#8690,1000.0);
#8692=LINE('',#5599,#8691);
#8693=EDGE_CURVE('',#5600,#5598,#8692,.T.);
#8694=DIRECTION('',(0.9210332811885368,0.0,0.3894838827770383));
#8695=VECTOR('',#8694,1000.0);
#8696=LINE('',#5597,#8695);
#8697=EDGE_CURVE('',#5598,#5834,#8696,.T.);
#8698=ORIENTED_EDGE('',*,*,#8689,.T.);
#8699=ORIENTED_EDGE('',*,*,#8693,.T.);
#8700=ORIENTED_EDGE('',*,*,#8697,.T.);
#8701=DIRECTION('',(-0.0,-1.0,0.0));
#8702=AXIS2_PLACEMENT_3D('',#5833,#8701,#497);
#8703=PLANE('',#8702);
#8704=EDGE_LOOP('',(#8698,#8699,#8700));
#8705=FACE_BOUND('',#8704,.T.);
#8706=ADVANCED_FACE('',(#8705),#8703,.T.);
#8707=DIRECTION('',(-0.051929838256160196,0.0,-0.9986507356922585));
#8708=VECTOR('',#8707,1000.0);
#8709=LINE('',#5609,#8708);
#8710=EDGE_CURVE('',#5610,#5608,#8709,.T.);
#8711=DIRECTION('',(0.9982087777114838,0.0,0.0598267172736878));
#8712=VECTOR('',#8711,1000.0);
#8713=LINE('',#5607,#8712);
#8714=EDGE_CURVE('',#5608,#5730,#8713,.T.);
#8715=ORIENTED_EDGE('',*,*,#8710,.T.);
#8716=ORIENTED_EDGE('',*,*,#8714,.T.);
#8717=ORIENTED_EDGE('',*,*,#7371,.F.);
#8718=DIRECTION('',(0.0,-1.0,-0.0));
#8719=DIRECTION('',(-0.051929838256160196,0.0,-0.9986507356922585));
#8720=AXIS2_PLACEMENT_3D('',#5609,#8718,#8719);
#8721=PLANE('',#8720);
#8722=EDGE_LOOP('',(#8715,#8716,#8717));
#8723=FACE_BOUND('',#8722,.T.);
#8724=ADVANCED_FACE('',(#8723),#8721,.T.);
#8725=DIRECTION('',(-0.6893797692121755,0.0,0.7244001199620054));
#8726=VECTOR('',#8725,1000.0);
#8727=LINE('',#5813,#8726);
#8728=EDGE_CURVE('',#5814,#5730,#8727,.T.);
#8729=ORIENTED_EDGE('',*,*,#8714,.F.);
#8730=ORIENTED_EDGE('',*,*,#8678,.F.);
#8731=ORIENTED_EDGE('',*,*,#8728,.T.);
#8732=DIRECTION('',(0.0,-1.0,-0.0));
#8733=DIRECTION('',(-0.9982087777114838,0.0,-0.0598267172736878));
#8734=AXIS2_PLACEMENT_3D('',#5729,#8732,#8733);
#8735=PLANE('',#8734);
#8736=EDGE_LOOP('',(#8729,#8730,#8731));
#8737=FACE_BOUND('',#8736,.T.);
#8738=ADVANCED_FACE('',(#8737),#8735,.T.);
#8739=DIRECTION('',(-0.670706200896595,0.0,0.7417231235972467));
#8740=VECTOR('',#8739,1000.0);
#8741=LINE('',#5813,#8740);
#8742=EDGE_CURVE('',#5814,#5736,#8741,.T.);
#8743=ORIENTED_EDGE('',*,*,#8728,.F.);
#8744=ORIENTED_EDGE('',*,*,#8742,.T.);
#8745=ORIENTED_EDGE('',*,*,#7421,.F.);
#8746=DIRECTION('',(0.6893797692121755,0.0,-0.7244001199620054));
#8747=AXIS2_PLACEMENT_3D('',#5729,#482,#8746);
#8748=PLANE('',#8747);
#8749=EDGE_LOOP('',(#8743,#8744,#8745));
#8750=FACE_BOUND('',#8749,.T.);
#8751=ADVANCED_FACE('',(#8750),#8748,.T.);
#8752=ORIENTED_EDGE('',*,*,#8742,.F.);
#8753=ORIENTED_EDGE('',*,*,#8605,.F.);
#8754=ORIENTED_EDGE('',*,*,#7454,.F.);
#8755=DIRECTION('',(0.670706200896595,0.0,-0.7417231235972467));
#8756=AXIS2_PLACEMENT_3D('',#5735,#482,#8755);
#8757=PLANE('',#8756);
#8758=EDGE_LOOP('',(#8752,#8753,#8754));
#8759=FACE_BOUND('',#8758,.T.);
#8760=ADVANCED_FACE('',(#8759),#8757,.T.);
#8761=DIRECTION('',(-0.3826770934464053,0.0,0.9238821581518996));
#8762=VECTOR('',#8761,1000.0);
#8763=LINE('',#5835,#8762);
#8764=EDGE_CURVE('',#5836,#5838,#8763,.T.);
#8765=DIRECTION('',(-0.9271030656212905,0.0,0.37480649102650965));
#8766=VECTOR('',#8765,1000.0);
#8767=LINE('',#5837,#8766);
#8768=EDGE_CURVE('',#5838,#5598,#8767,.T.);
#8769=DIRECTION('',(0.8535077850424487,0.0,-0.5210800906501163));
#8770=VECTOR('',#8769,1000.0);
#8771=LINE('',#5597,#8770);
#8772=EDGE_CURVE('',#5598,#5836,#8771,.T.);
#8773=ORIENTED_EDGE('',*,*,#8764,.T.);
#8774=ORIENTED_EDGE('',*,*,#8768,.T.);
#8775=ORIENTED_EDGE('',*,*,#8772,.T.);
#8776=DIRECTION('',(-0.3826770934464053,0.0,0.9238821581518996));
#8777=AXIS2_PLACEMENT_3D('',#5835,#482,#8776);
#8778=PLANE('',#8777);
#8779=EDGE_LOOP('',(#8773,#8774,#8775));
#8780=FACE_BOUND('',#8779,.T.);
#8781=ADVANCED_FACE('',(#8780),#8778,.T.);
#8782=DIRECTION('',(-0.598038718572877,0.0,0.8014672114863536));
#8783=VECTOR('',#8782,1000.0);
#8784=LINE('',#5813,#8783);
#8785=EDGE_CURVE('',#5814,#5748,#8784,.T.);
#8786=ORIENTED_EDGE('',*,*,#8609,.F.);
#8787=ORIENTED_EDGE('',*,*,#8785,.T.);
#8788=ORIENTED_EDGE('',*,*,#7519,.F.);
#8789=DIRECTION('',(0.6234934204544235,0.0,-0.7818285967205624));
#8790=AXIS2_PLACEMENT_3D('',#5743,#482,#8789);
#8791=PLANE('',#8790);
#8792=EDGE_LOOP('',(#8786,#8787,#8788));
#8793=FACE_BOUND('',#8792,.T.);
#8794=ADVANCED_FACE('',(#8793),#8791,.T.);
#8795=DIRECTION('',(-0.7818323178146231,0.0,0.6234887543657978));
#8796=VECTOR('',#8795,1000.0);
#8797=LINE('',#5809,#8796);
#8798=EDGE_CURVE('',#5810,#5748,#8797,.T.);
#8799=ORIENTED_EDGE('',*,*,#8785,.F.);
#8800=ORIENTED_EDGE('',*,*,#8070,.F.);
#8801=ORIENTED_EDGE('',*,*,#8798,.T.);
#8802=DIRECTION('',(0.598038718572877,0.0,-0.8014672114863536));
#8803=AXIS2_PLACEMENT_3D('',#5747,#482,#8802);
#8804=PLANE('',#8803);
#8805=EDGE_LOOP('',(#8799,#8800,#8801));
#8806=FACE_BOUND('',#8805,.T.);
#8807=ADVANCED_FACE('',(#8806),#8804,.T.);
#8808=DIRECTION('',(-0.7613930383633137,0.0,0.6482905530176123));
#8809=VECTOR('',#8808,1000.0);
#8810=LINE('',#5809,#8809);
#8811=EDGE_CURVE('',#5810,#5752,#8810,.T.);
#8812=ORIENTED_EDGE('',*,*,#8798,.F.);
#8813=ORIENTED_EDGE('',*,*,#8811,.T.);
#8814=ORIENTED_EDGE('',*,*,#7549,.F.);
#8815=DIRECTION('',(0.7818323178146231,0.0,-0.6234887543657978));
#8816=AXIS2_PLACEMENT_3D('',#5747,#482,#8815);
#8817=PLANE('',#8816);
#8818=EDGE_LOOP('',(#8812,#8813,#8814));
#8819=FACE_BOUND('',#8818,.T.);
#8820=ADVANCED_FACE('',(#8819),#8817,.T.);
#8821=DIRECTION('',(-0.9009682935665712,0.0,0.433884931736216));
#8822=VECTOR('',#8821,1000.0);
#8823=LINE('',#5805,#8822);
#8824=EDGE_CURVE('',#5806,#5752,#8823,.T.);
#8825=ORIENTED_EDGE('',*,*,#8811,.F.);
#8826=ORIENTED_EDGE('',*,*,#8039,.F.);
#8827=ORIENTED_EDGE('',*,*,#8824,.T.);
#8828=DIRECTION('',(0.7613930383633137,0.0,-0.6482905530176123));
#8829=AXIS2_PLACEMENT_3D('',#5751,#482,#8828);
#8830=PLANE('',#8829);
#8831=EDGE_LOOP('',(#8825,#8826,#8827));
#8832=FACE_BOUND('',#8831,.T.);
#8833=ADVANCED_FACE('',(#8832),#8830,.T.);
#8834=DIRECTION('',(-0.8865559725504676,0.0,0.4626213435792761));
#8835=VECTOR('',#8834,1000.0);
#8836=LINE('',#5805,#8835);
#8837=EDGE_CURVE('',#5806,#5756,#8836,.T.);
#8838=ORIENTED_EDGE('',*,*,#8824,.F.);
#8839=ORIENTED_EDGE('',*,*,#8837,.T.);
#8840=ORIENTED_EDGE('',*,*,#7579,.F.);
#8841=DIRECTION('',(0.9009682935665712,0.0,-0.433884931736216));
#8842=AXIS2_PLACEMENT_3D('',#5751,#482,#8841);
#8843=PLANE('',#8842);
#8844=EDGE_LOOP('',(#8838,#8839,#8840));
#8845=FACE_BOUND('',#8844,.T.);
#8846=ADVANCED_FACE('',(#8845),#8843,.T.);
#8847=DIRECTION('',(-0.9749281031768599,0.0,0.2225200971507299));
#8848=VECTOR('',#8847,1000.0);
#8849=LINE('',#5801,#8848);
#8850=EDGE_CURVE('',#5802,#5756,#8849,.T.);
#8851=ORIENTED_EDGE('',*,*,#8837,.F.);
#8852=ORIENTED_EDGE('',*,*,#8010,.F.);
#8853=ORIENTED_EDGE('',*,*,#8850,.T.);
#8854=DIRECTION('',(0.8865559725504676,0.0,-0.4626213435792761));
#8855=AXIS2_PLACEMENT_3D('',#5755,#482,#8854);
#8856=PLANE('',#8855);
#8857=EDGE_LOOP('',(#8851,#8852,#8853));
#8858=FACE_BOUND('',#8857,.T.);
#8859=ADVANCED_FACE('',(#8858),#8856,.T.);
#8860=DIRECTION('',(-0.9672724673721743,0.0,0.25373997293242145));
#8861=VECTOR('',#8860,1000.0);
#8862=LINE('',#5801,#8861);
#8863=EDGE_CURVE('',#5802,#5760,#8862,.T.);
#8864=ORIENTED_EDGE('',*,*,#8850,.F.);
#8865=ORIENTED_EDGE('',*,*,#8863,.T.);
#8866=ORIENTED_EDGE('',*,*,#7609,.F.);
#8867=DIRECTION('',(0.9749281031768599,0.0,-0.2225200971507299));
#8868=AXIS2_PLACEMENT_3D('',#5755,#482,#8867);
#8869=PLANE('',#8868);
#8870=EDGE_LOOP('',(#8864,#8865,#8866));
#8871=FACE_BOUND('',#8870,.T.);
#8872=ADVANCED_FACE('',(#8871),#8869,.T.);
#8873=LINE('',#5771,#741);
#8874=EDGE_CURVE('',#5772,#5760,#8873,.T.);
#8875=ORIENTED_EDGE('',*,*,#8863,.F.);
#8876=ORIENTED_EDGE('',*,*,#7981,.F.);
#8877=ORIENTED_EDGE('',*,*,#8874,.T.);
#8878=DIRECTION('',(0.9672724673721743,0.0,-0.25373997293242145));
#8879=AXIS2_PLACEMENT_3D('',#5759,#482,#8878);
#8880=PLANE('',#8879);
#8881=EDGE_LOOP('',(#8875,#8876,#8877));
#8882=FACE_BOUND('',#8881,.T.);
#8883=ADVANCED_FACE('',(#8882),#8880,.T.);
#8884=DIRECTION('',(-0.19442645741049197,0.0,0.9809170977502667));
#8885=VECTOR('',#8884,1000.0);
#8886=LINE('',#5771,#8885);
#8887=EDGE_CURVE('',#5772,#5598,#8886,.T.);
#8888=ORIENTED_EDGE('',*,*,#8874,.F.);
#8889=ORIENTED_EDGE('',*,*,#8887,.T.);
#8890=ORIENTED_EDGE('',*,*,#7639,.F.);
#8891=AXIS2_PLACEMENT_3D('',#5759,#482,#12);
#8892=PLANE('',#8891);
#8893=EDGE_LOOP('',(#8888,#8889,#8890));
#8894=FACE_BOUND('',#8893,.T.);
#8895=ADVANCED_FACE('',(#8894),#8892,.T.);
#8896=DIRECTION('',(-0.763176979327532,0.0,0.64618952190863));
#8897=VECTOR('',#8896,1000.0);
#8898=LINE('',#5765,#8897);
#8899=EDGE_CURVE('',#5766,#5598,#8898,.T.);
#8900=ORIENTED_EDGE('',*,*,#8887,.F.);
#8901=ORIENTED_EDGE('',*,*,#7861,.F.);
#8902=ORIENTED_EDGE('',*,*,#8899,.T.);
#8903=DIRECTION('',(0.19442645741049197,0.0,-0.9809170977502667));
#8904=AXIS2_PLACEMENT_3D('',#5597,#482,#8903);
#8905=PLANE('',#8904);
#8906=EDGE_LOOP('',(#8900,#8901,#8902));
#8907=FACE_BOUND('',#8906,.T.);
#8908=ADVANCED_FACE('',(#8907),#8905,.T.);
#8909=DIRECTION('',(-0.1305383593715947,0.0,0.9914432594619687));
#8910=VECTOR('',#8909,1000.0);
#8911=LINE('',#5765,#8910);
#8912=EDGE_CURVE('',#5766,#5836,#8911,.T.);
#8913=ORIENTED_EDGE('',*,*,#8899,.F.);
#8914=ORIENTED_EDGE('',*,*,#8912,.T.);
#8915=ORIENTED_EDGE('',*,*,#8772,.F.);
#8916=DIRECTION('',(0.763176979327532,0.0,-0.64618952190863));
#8917=AXIS2_PLACEMENT_3D('',#5597,#482,#8916);
#8918=PLANE('',#8917);
#8919=EDGE_LOOP('',(#8913,#8914,#8915));
#8920=FACE_BOUND('',#8919,.T.);
#8921=ADVANCED_FACE('',(#8920),#8918,.T.);
#8922=DIRECTION('',(-0.6087519363623439,0.0,0.7933606241647594));
#8923=VECTOR('',#8922,1000.0);
#8924=LINE('',#5837,#8923);
#8925=EDGE_CURVE('',#5838,#5840,#8924,.T.);
#8926=DIRECTION('',(-0.9797401410029244,0.0,0.20027295400919617));
#8927=VECTOR('',#8926,1000.0);
#8928=LINE('',#5839,#8927);
#8929=EDGE_CURVE('',#5840,#5598,#8928,.T.);
#8930=ORIENTED_EDGE('',*,*,#8925,.T.);
#8931=ORIENTED_EDGE('',*,*,#8929,.T.);
#8932=ORIENTED_EDGE('',*,*,#8768,.F.);
#8933=DIRECTION('',(-0.6087519363623439,0.0,0.7933606241647594));
#8934=AXIS2_PLACEMENT_3D('',#5837,#482,#8933);
#8935=PLANE('',#8934);
#8936=EDGE_LOOP('',(#8930,#8931,#8932));
#8937=FACE_BOUND('',#8936,.T.);
#8938=ADVANCED_FACE('',(#8937),#8935,.T.);
#8939=LINE('',#5839,#5967);
#8940=EDGE_CURVE('',#5840,#5842,#8939,.T.);
#8941=DIRECTION('',(-0.9996823259113753,0.0,-0.025204111974492953));
#8942=VECTOR('',#8941,1000.0);
#8943=LINE('',#5841,#8942);
#8944=EDGE_CURVE('',#5842,#5598,#8943,.T.);
#8945=ORIENTED_EDGE('',*,*,#8929,.F.);
#8946=ORIENTED_EDGE('',*,*,#8940,.T.);
#8947=ORIENTED_EDGE('',*,*,#8944,.T.);
#8948=DIRECTION('',(0.9797401410029244,0.0,-0.20027295400919617));
#8949=AXIS2_PLACEMENT_3D('',#5597,#482,#8948);
#8950=PLANE('',#8949);
#8951=EDGE_LOOP('',(#8945,#8946,#8947));
#8952=FACE_BOUND('',#8951,.T.);
#8953=ADVANCED_FACE('',(#8952),#8950,.T.);
#8954=LINE('',#5841,#5936);
#8955=EDGE_CURVE('',#5842,#5834,#8954,.T.);
#8956=ORIENTED_EDGE('',*,*,#8944,.F.);
#8957=ORIENTED_EDGE('',*,*,#8955,.T.);
#8958=ORIENTED_EDGE('',*,*,#8697,.F.);
#8959=DIRECTION('',(0.9996823259113753,0.0,0.025204111974492953));
#8960=AXIS2_PLACEMENT_3D('',#5597,#482,#8959);
#8961=PLANE('',#8960);
#8962=EDGE_LOOP('',(#8956,#8957,#8958));
#8963=FACE_BOUND('',#8962,.T.);
#8964=ADVANCED_FACE('',(#8963),#8961,.T.);
#8965=LINE('',#5635,#483);
#8966=EDGE_CURVE('',#5636,#5600,#8965,.T.);
#8967=LINE('',#5833,#5892);
#8968=EDGE_CURVE('',#5834,#5636,#8967,.T.);
#8969=ORIENTED_EDGE('',*,*,#8966,.T.);
#8970=ORIENTED_EDGE('',*,*,#8689,.F.);
#8971=ORIENTED_EDGE('',*,*,#8968,.T.);
#8972=AXIS2_PLACEMENT_3D('',#5635,#486,#482);
#8973=PLANE('',#8972);
#8974=EDGE_LOOP('',(#8969,#8970,#8971));
#8975=FACE_BOUND('',#8974,.T.);
#8976=ADVANCED_FACE('',(#8975),#8973,.T.);
#8977=LINE('',#5833,#504);
#8978=EDGE_CURVE('',#5834,#5844,#8977,.T.);
#8979=LINE('',#5843,#5905);
#8980=EDGE_CURVE('',#5844,#5636,#8979,.T.);
#8981=ORIENTED_EDGE('',*,*,#8968,.F.);
#8982=ORIENTED_EDGE('',*,*,#8978,.T.);
#8983=ORIENTED_EDGE('',*,*,#8980,.T.);
#8984=AXIS2_PLACEMENT_3D('',#5635,#5911,#5912);
#8985=PLANE('',#8984);
#8986=EDGE_LOOP('',(#8981,#8982,#8983));
#8987=FACE_BOUND('',#8986,.T.);
#8988=ADVANCED_FACE('',(#8987),#8985,.T.);
#8989=LINE('',#5841,#5923);
#8990=EDGE_CURVE('',#5842,#5844,#8989,.T.);
#8991=ORIENTED_EDGE('',*,*,#8978,.F.);
#8992=ORIENTED_EDGE('',*,*,#8955,.F.);
#8993=ORIENTED_EDGE('',*,*,#8990,.T.);
#8994=AXIS2_PLACEMENT_3D('',#5843,#520,#482);
#8995=PLANE('',#8994);
#8996=EDGE_LOOP('',(#8991,#8992,#8993));
#8997=FACE_BOUND('',#8996,.T.);
#8998=ADVANCED_FACE('',(#8997),#8995,.T.);
#8999=LINE('',#5841,#504);
#9000=EDGE_CURVE('',#5842,#5846,#8999,.T.);
#9001=LINE('',#5845,#5936);
#9002=EDGE_CURVE('',#5846,#5844,#9001,.T.);
#9003=ORIENTED_EDGE('',*,*,#8990,.F.);
#9004=ORIENTED_EDGE('',*,*,#9000,.T.);
#9005=ORIENTED_EDGE('',*,*,#9002,.T.);
#9006=AXIS2_PLACEMENT_3D('',#5843,#5942,#5943);
#9007=PLANE('',#9006);
#9008=EDGE_LOOP('',(#9003,#9004,#9005));
#9009=FACE_BOUND('',#9008,.T.);
#9010=ADVANCED_FACE('',(#9009),#9007,.T.);
#9011=LINE('',#5839,#5954);
#9012=EDGE_CURVE('',#5840,#5846,#9011,.T.);
#9013=ORIENTED_EDGE('',*,*,#9000,.F.);
#9014=ORIENTED_EDGE('',*,*,#8940,.F.);
#9015=ORIENTED_EDGE('',*,*,#9012,.T.);
#9016=AXIS2_PLACEMENT_3D('',#5845,#552,#482);
#9017=PLANE('',#9016);
#9018=EDGE_LOOP('',(#9013,#9014,#9015));
#9019=FACE_BOUND('',#9018,.T.);
#9020=ADVANCED_FACE('',(#9019),#9017,.T.);
#9021=LINE('',#5839,#504);
#9022=EDGE_CURVE('',#5840,#5848,#9021,.T.);
#9023=LINE('',#5847,#5967);
#9024=EDGE_CURVE('',#5848,#5846,#9023,.T.);
#9025=ORIENTED_EDGE('',*,*,#9012,.F.);
#9026=ORIENTED_EDGE('',*,*,#9022,.T.);
#9027=ORIENTED_EDGE('',*,*,#9024,.T.);
#9028=AXIS2_PLACEMENT_3D('',#5845,#5973,#5974);
#9029=PLANE('',#9028);
#9030=EDGE_LOOP('',(#9025,#9026,#9027));
#9031=FACE_BOUND('',#9030,.T.);
#9032=ADVANCED_FACE('',(#9031),#9029,.T.);
#9033=LINE('',#5837,#5985);
#9034=EDGE_CURVE('',#5838,#5848,#9033,.T.);
#9035=ORIENTED_EDGE('',*,*,#9022,.F.);
#9036=ORIENTED_EDGE('',*,*,#8925,.F.);
#9037=ORIENTED_EDGE('',*,*,#9034,.T.);
#9038=AXIS2_PLACEMENT_3D('',#5847,#584,#482);
#9039=PLANE('',#9038);
#9040=EDGE_LOOP('',(#9035,#9036,#9037));
#9041=FACE_BOUND('',#9040,.T.);
#9042=ADVANCED_FACE('',(#9041),#9039,.T.);
#9043=LINE('',#5837,#504);
#9044=EDGE_CURVE('',#5838,#5850,#9043,.T.);
#9045=DIRECTION('',(-0.6087519363623439,0.0,0.7933606241647594));
#9046=VECTOR('',#9045,1000.0);
#9047=LINE('',#5849,#9046);
#9048=EDGE_CURVE('',#5850,#5848,#9047,.T.);
#9049=ORIENTED_EDGE('',*,*,#9034,.F.);
#9050=ORIENTED_EDGE('',*,*,#9044,.T.);
#9051=ORIENTED_EDGE('',*,*,#9048,.T.);
#9052=AXIS2_PLACEMENT_3D('',#5847,#6005,#6006);
#9053=PLANE('',#9052);
#9054=EDGE_LOOP('',(#9049,#9050,#9051));
#9055=FACE_BOUND('',#9054,.T.);
#9056=ADVANCED_FACE('',(#9055),#9053,.T.);
#9057=LINE('',#5835,#6017);
#9058=EDGE_CURVE('',#5836,#5850,#9057,.T.);
#9059=ORIENTED_EDGE('',*,*,#9044,.F.);
#9060=ORIENTED_EDGE('',*,*,#8764,.F.);
#9061=ORIENTED_EDGE('',*,*,#9058,.T.);
#9062=AXIS2_PLACEMENT_3D('',#5849,#617,#482);
#9063=PLANE('',#9062);
#9064=EDGE_LOOP('',(#9059,#9060,#9061));
#9065=FACE_BOUND('',#9064,.T.);
#9066=ADVANCED_FACE('',(#9065),#9063,.T.);
#9067=LINE('',#5835,#504);
#9068=EDGE_CURVE('',#5836,#5852,#9067,.T.);
#9069=DIRECTION('',(-0.3826770934464053,0.0,0.9238821581518996));
#9070=VECTOR('',#9069,1000.0);
#9071=LINE('',#5851,#9070);
#9072=EDGE_CURVE('',#5852,#5850,#9071,.T.);
#9073=ORIENTED_EDGE('',*,*,#9058,.F.);
#9074=ORIENTED_EDGE('',*,*,#9068,.T.);
#9075=ORIENTED_EDGE('',*,*,#9072,.T.);
#9076=AXIS2_PLACEMENT_3D('',#5849,#6037,#6038);
#9077=PLANE('',#9076);
#9078=EDGE_LOOP('',(#9073,#9074,#9075));
#9079=FACE_BOUND('',#9078,.T.);
#9080=ADVANCED_FACE('',(#9079),#9077,.T.);
#9081=LINE('',#5765,#6049);
#9082=EDGE_CURVE('',#5766,#5852,#9081,.T.);
#9083=ORIENTED_EDGE('',*,*,#9068,.F.);
#9084=ORIENTED_EDGE('',*,*,#8912,.F.);
#9085=ORIENTED_EDGE('',*,*,#9082,.T.);
#9086=AXIS2_PLACEMENT_3D('',#5851,#650,#482);
#9087=PLANE('',#9086);
#9088=EDGE_LOOP('',(#9083,#9084,#9085));
#9089=FACE_BOUND('',#9088,.T.);
#9090=ADVANCED_FACE('',(#9089),#9087,.T.);
#9091=DIRECTION('',(-0.1305383593715947,0.0,0.9914432594619687));
#9092=VECTOR('',#9091,1000.0);
#9093=LINE('',#5763,#9092);
#9094=EDGE_CURVE('',#5764,#5852,#9093,.T.);
#9095=ORIENTED_EDGE('',*,*,#9082,.F.);
#9096=ORIENTED_EDGE('',*,*,#7651,.F.);
#9097=ORIENTED_EDGE('',*,*,#9094,.T.);
#9098=AXIS2_PLACEMENT_3D('',#5851,#6069,#6070);
#9099=PLANE('',#9098);
#9100=EDGE_LOOP('',(#9095,#9096,#9097));
#9101=FACE_BOUND('',#9100,.T.);
#9102=ADVANCED_FACE('',(#9101),#9099,.T.);
#9103=LINE('',#5853,#720);
#9104=EDGE_CURVE('',#5854,#5782,#9103,.T.);
#9105=DIRECTION('',(-0.9333456062030597,0.0,-0.35897907930886874));
#9106=VECTOR('',#9105,1000.0);
#9107=LINE('',#5593,#9106);
#9108=EDGE_CURVE('',#5594,#5854,#9107,.T.);
#9109=ORIENTED_EDGE('',*,*,#9104,.T.);
#9110=ORIENTED_EDGE('',*,*,#7760,.F.);
#9111=ORIENTED_EDGE('',*,*,#9108,.T.);
#9112=AXIS2_PLACEMENT_3D('',#5853,#482,#12);
#9113=PLANE('',#9112);
#9114=EDGE_LOOP('',(#9109,#9110,#9111));
#9115=FACE_BOUND('',#9114,.T.);
#9116=ADVANCED_FACE('',(#9115),#9113,.T.);
#9117=DIRECTION('',(-0.8322562094394161,0.0,-0.5543911992893957));
#9118=VECTOR('',#9117,1000.0);
#9119=LINE('',#5589,#9118);
#9120=EDGE_CURVE('',#5590,#5854,#9119,.T.);
#9121=ORIENTED_EDGE('',*,*,#6047,.F.);
#9122=ORIENTED_EDGE('',*,*,#9120,.T.);
#9123=ORIENTED_EDGE('',*,*,#9108,.F.);
#9124=DIRECTION('',(-0.0,-1.0,0.0));
#9125=DIRECTION('',(-0.1305383593715947,0.0,0.9914432594619687));
#9126=AXIS2_PLACEMENT_3D('',#5593,#9124,#9125);
#9127=PLANE('',#9126);
#9128=EDGE_LOOP('',(#9121,#9122,#9123));
#9129=FACE_BOUND('',#9128,.T.);
#9130=ADVANCED_FACE('',(#9129),#9127,.T.);
#9131=DIRECTION('',(-0.6995576434950075,0.0,-0.7145761704868923));
#9132=VECTOR('',#9131,1000.0);
#9133=LINE('',#5585,#9132);
#9134=EDGE_CURVE('',#5586,#5854,#9133,.T.);
#9135=ORIENTED_EDGE('',*,*,#9120,.F.);
#9136=ORIENTED_EDGE('',*,*,#6015,.F.);
#9137=ORIENTED_EDGE('',*,*,#9134,.T.);
#9138=DIRECTION('',(0.8322562094394161,0.0,0.5543911992893957));
#9139=AXIS2_PLACEMENT_3D('',#5853,#482,#9138);
#9140=PLANE('',#9139);
#9141=EDGE_LOOP('',(#9135,#9136,#9137));
#9142=FACE_BOUND('',#9141,.T.);
#9143=ADVANCED_FACE('',(#9142),#9140,.T.);
#9144=DIRECTION('',(-0.543629828250955,0.0,-0.8393250918659809));
#9145=VECTOR('',#9144,1000.0);
#9146=LINE('',#5581,#9145);
#9147=EDGE_CURVE('',#5582,#5854,#9146,.T.);
#9148=ORIENTED_EDGE('',*,*,#9134,.F.);
#9149=ORIENTED_EDGE('',*,*,#5983,.F.);
#9150=ORIENTED_EDGE('',*,*,#9147,.T.);
#9151=DIRECTION('',(0.6995576434950075,0.0,0.7145761704868923));
#9152=AXIS2_PLACEMENT_3D('',#5853,#482,#9151);
#9153=PLANE('',#9152);
#9154=EDGE_LOOP('',(#9148,#9149,#9150));
#9155=FACE_BOUND('',#9154,.T.);
#9156=ADVANCED_FACE('',(#9155),#9153,.T.);
#9157=DIRECTION('',(-0.3712272124627574,0.0,-0.9285420597512698));
#9158=VECTOR('',#9157,1000.0);
#9159=LINE('',#5577,#9158);
#9160=EDGE_CURVE('',#5578,#5854,#9159,.T.);
#9161=ORIENTED_EDGE('',*,*,#5952,.F.);
#9162=ORIENTED_EDGE('',*,*,#9160,.T.);
#9163=ORIENTED_EDGE('',*,*,#9147,.F.);
#9164=DIRECTION('',(-0.0,-1.0,0.0));
#9165=AXIS2_PLACEMENT_3D('',#5581,#9164,#563);
#9166=PLANE('',#9165);
#9167=EDGE_LOOP('',(#9161,#9162,#9163));
#9168=FACE_BOUND('',#9167,.T.);
#9169=ADVANCED_FACE('',(#9168),#9166,.T.);
#9170=DIRECTION('',(-0.18821371491539984,0.0,-0.9821280962877218));
#9171=VECTOR('',#9170,1000.0);
#9172=LINE('',#5573,#9171);
#9173=EDGE_CURVE('',#5574,#5854,#9172,.T.);
#9174=ORIENTED_EDGE('',*,*,#9160,.F.);
#9175=ORIENTED_EDGE('',*,*,#5921,.F.);
#9176=ORIENTED_EDGE('',*,*,#9173,.T.);
#9177=DIRECTION('',(0.3712272124627574,0.0,0.9285420597512698));
#9178=AXIS2_PLACEMENT_3D('',#5853,#482,#9177);
#9179=PLANE('',#9178);
#9180=EDGE_LOOP('',(#9174,#9175,#9176));
#9181=FACE_BOUND('',#9180,.T.);
#9182=ADVANCED_FACE('',(#9181),#9179,.T.);
#9183=DIRECTION('',(0.0,0.0,-1.0));
#9184=VECTOR('',#9183,1000.0);
#9185=LINE('',#5571,#9184);
#9186=EDGE_CURVE('',#5572,#5854,#9185,.T.);
#9187=ORIENTED_EDGE('',*,*,#9173,.F.);
#9188=ORIENTED_EDGE('',*,*,#5890,.F.);
#9189=ORIENTED_EDGE('',*,*,#9186,.T.);
#9190=DIRECTION('',(0.18821371491539984,0.0,0.9821280962877218));
#9191=AXIS2_PLACEMENT_3D('',#5853,#482,#9190);
#9192=PLANE('',#9191);
#9193=EDGE_LOOP('',(#9187,#9188,#9189));
#9194=FACE_BOUND('',#9193,.T.);
#9195=ADVANCED_FACE('',(#9194),#9192,.T.);
#9196=LINE('',#5855,#720);
#9197=EDGE_CURVE('',#5856,#5798,#9196,.T.);
#9198=DIRECTION('',(-0.9963116197058044,0.08526894677574436,0.009610575162392944));
#9199=VECTOR('',#9198,1000.0);
#9200=LINE('',#5797,#9199);
#9201=EDGE_CURVE('',#5798,#5858,#9200,.T.);
#9202=DIRECTION('',(0.0,-0.9937082257627604,-0.11199983058659958));
#9203=VECTOR('',#9202,1000.0);
#9204=LINE('',#5857,#9203);
#9205=EDGE_CURVE('',#5858,#5856,#9204,.T.);
#9206=ORIENTED_EDGE('',*,*,#9197,.T.);
#9207=ORIENTED_EDGE('',*,*,#9201,.T.);
#9208=ORIENTED_EDGE('',*,*,#9205,.T.);
#9209=DIRECTION('',(0.0,-0.11199983058659958,0.9937082257627603));
#9210=AXIS2_PLACEMENT_3D('',#5855,#9209,#12);
#9211=PLANE('',#9210);
#9212=EDGE_LOOP('',(#9206,#9207,#9208));
#9213=FACE_BOUND('',#9212,.T.);
#9214=ADVANCED_FACE('',(#9213),#9211,.T.);
#9215=LINE('',#5795,#741);
#9216=EDGE_CURVE('',#5796,#5858,#9215,.T.);
#9217=ORIENTED_EDGE('',*,*,#9201,.F.);
#9218=ORIENTED_EDGE('',*,*,#7924,.F.);
#9219=ORIENTED_EDGE('',*,*,#9216,.T.);
#9220=DIRECTION('',(0.0,-0.11199983058659958,0.9937082257627603));
#9221=DIRECTION('',(0.9963116197058044,-0.08526894677574436,-0.009610575162392944));
#9222=AXIS2_PLACEMENT_3D('',#5857,#9220,#9221);
#9223=PLANE('',#9222);
#9224=EDGE_LOOP('',(#9217,#9218,#9219));
#9225=FACE_BOUND('',#9224,.T.);
#9226=ADVANCED_FACE('',(#9225),#9223,.T.);
#9227=DIRECTION('',(-0.9963116947275139,0.08099247684523368,0.028341235746941154));
#9228=VECTOR('',#9227,1000.0);
#9229=LINE('',#5795,#9228);
#9230=EDGE_CURVE('',#5796,#5860,#9229,.T.);
#9231=DIRECTION('',(0.0,-0.943880633232852,-0.33028676965320647));
#9232=VECTOR('',#9231,1000.0);
#9233=LINE('',#5859,#9232);
#9234=EDGE_CURVE('',#5860,#5858,#9233,.T.);
#9235=ORIENTED_EDGE('',*,*,#9216,.F.);
#9236=ORIENTED_EDGE('',*,*,#9230,.T.);
#9237=ORIENTED_EDGE('',*,*,#9234,.T.);
#9238=DIRECTION('',(0.0,-0.3302867696532065,0.9438806332328521));
#9239=AXIS2_PLACEMENT_3D('',#5857,#9238,#12);
#9240=PLANE('',#9239);
#9241=EDGE_LOOP('',(#9235,#9236,#9237));
#9242=FACE_BOUND('',#9241,.T.);
#9243=ADVANCED_FACE('',(#9242),#9240,.T.);
#9244=LINE('',#5787,#741);
#9245=EDGE_CURVE('',#5788,#5860,#9244,.T.);
#9246=ORIENTED_EDGE('',*,*,#9230,.F.);
#9247=ORIENTED_EDGE('',*,*,#7907,.F.);
#9248=ORIENTED_EDGE('',*,*,#9245,.T.);
#9249=DIRECTION('',(0.0,-0.3302867696532065,0.9438806332328521));
#9250=DIRECTION('',(0.9963116947275139,-0.08099247684523368,-0.028341235746941154));
#9251=AXIS2_PLACEMENT_3D('',#5859,#9249,#9250);
#9252=PLANE('',#9251);
#9253=EDGE_LOOP('',(#9246,#9247,#9248));
#9254=FACE_BOUND('',#9253,.T.);
#9255=ADVANCED_FACE('',(#9254),#9252,.T.);
#9256=DIRECTION('',(-0.9963120894988163,0.07265414314191353,0.04564642157734564));
#9257=VECTOR('',#9256,1000.0);
#9258=LINE('',#5787,#9257);
#9259=EDGE_CURVE('',#5788,#5862,#9258,.T.);
#9260=DIRECTION('',(0.0,-0.8467515110265622,-0.5319886075605698));
#9261=VECTOR('',#9260,1000.0);
#9262=LINE('',#5861,#9261);
#9263=EDGE_CURVE('',#5862,#5860,#9262,.T.);
#9264=ORIENTED_EDGE('',*,*,#9245,.F.);
#9265=ORIENTED_EDGE('',*,*,#9259,.T.);
#9266=ORIENTED_EDGE('',*,*,#9263,.T.);
#9267=DIRECTION('',(0.0,-0.5319886075605698,0.8467515110265622));
#9268=AXIS2_PLACEMENT_3D('',#5859,#9267,#12);
#9269=PLANE('',#9268);
#9270=EDGE_LOOP('',(#9264,#9265,#9266));
#9271=FACE_BOUND('',#9270,.T.);
#9272=ADVANCED_FACE('',(#9271),#9269,.T.);
#9273=LINE('',#5785,#741);
#9274=EDGE_CURVE('',#5786,#5862,#9273,.T.);
#9275=ORIENTED_EDGE('',*,*,#9259,.F.);
#9276=ORIENTED_EDGE('',*,*,#7805,.F.);
#9277=ORIENTED_EDGE('',*,*,#9274,.T.);
#9278=DIRECTION('',(0.0,-0.5319886075605698,0.8467515110265622));
#9279=DIRECTION('',(0.9963120894988163,-0.07265414314191353,-0.04564642157734564));
#9280=AXIS2_PLACEMENT_3D('',#5861,#9278,#9279);
#9281=PLANE('',#9280);
#9282=EDGE_LOOP('',(#9275,#9276,#9277));
#9283=FACE_BOUND('',#9282,.T.);
#9284=ADVANCED_FACE('',(#9283),#9281,.T.);
#9285=DIRECTION('',(-0.9963107695389736,0.06068298979391996,0.06068298979391996));
#9286=VECTOR('',#9285,1000.0);
#9287=LINE('',#5785,#9286);
#9288=EDGE_CURVE('',#5786,#5864,#9287,.T.);
#9289=LINE('',#5863,#1422);
#9290=EDGE_CURVE('',#5864,#5862,#9289,.T.);
#9291=ORIENTED_EDGE('',*,*,#9274,.F.);
#9292=ORIENTED_EDGE('',*,*,#9288,.T.);
#9293=ORIENTED_EDGE('',*,*,#9290,.T.);
#9294=DIRECTION('',(0.0,-0.7071067811865476,0.7071067811865476));
#9295=AXIS2_PLACEMENT_3D('',#5861,#9294,#12);
#9296=PLANE('',#9295);
#9297=EDGE_LOOP('',(#9291,#9292,#9293));
#9298=FACE_BOUND('',#9297,.T.);
#9299=ADVANCED_FACE('',(#9298),#9296,.T.);
#9300=LINE('',#5783,#741);
#9301=EDGE_CURVE('',#5784,#5864,#9300,.T.);
#9302=ORIENTED_EDGE('',*,*,#9288,.F.);
#9303=ORIENTED_EDGE('',*,*,#7788,.F.);
#9304=ORIENTED_EDGE('',*,*,#9301,.T.);
#9305=DIRECTION('',(0.0,-0.7071067811865476,0.7071067811865476));
#9306=DIRECTION('',(0.9963107695389736,-0.06068298979391996,-0.06068298979391996));
#9307=AXIS2_PLACEMENT_3D('',#5863,#9305,#9306);
#9308=PLANE('',#9307);
#9309=EDGE_LOOP('',(#9302,#9303,#9304));
#9310=FACE_BOUND('',#9309,.T.);
#9311=ADVANCED_FACE('',(#9310),#9308,.T.);
#9312=DIRECTION('',(-0.9963120894988163,0.04564642157734564,0.07265414314191353));
#9313=VECTOR('',#9312,1000.0);
#9314=LINE('',#5783,#9313);
#9315=EDGE_CURVE('',#5784,#5866,#9314,.T.);
#9316=LINE('',#5865,#7772);
#9317=EDGE_CURVE('',#5866,#5864,#9316,.T.);
#9318=ORIENTED_EDGE('',*,*,#9301,.F.);
#9319=ORIENTED_EDGE('',*,*,#9315,.T.);
#9320=ORIENTED_EDGE('',*,*,#9317,.T.);
#9321=AXIS2_PLACEMENT_3D('',#5863,#7685,#12);
#9322=PLANE('',#9321);
#9323=EDGE_LOOP('',(#9318,#9319,#9320));
#9324=FACE_BOUND('',#9323,.T.);
#9325=ADVANCED_FACE('',(#9324),#9322,.T.);
#9326=LINE('',#5775,#741);
#9327=EDGE_CURVE('',#5776,#5866,#9326,.T.);
#9328=ORIENTED_EDGE('',*,*,#9315,.F.);
#9329=ORIENTED_EDGE('',*,*,#7774,.F.);
#9330=ORIENTED_EDGE('',*,*,#9327,.T.);
#9331=DIRECTION('',(0.9963120894988163,-0.04564642157734564,-0.07265414314191353));
#9332=AXIS2_PLACEMENT_3D('',#5865,#7685,#9331);
#9333=PLANE('',#9332);
#9334=EDGE_LOOP('',(#9328,#9329,#9330));
#9335=FACE_BOUND('',#9334,.T.);
#9336=ADVANCED_FACE('',(#9335),#9333,.T.);
#9337=DIRECTION('',(-0.9963116947275139,0.028341235746941154,0.08099247684523368));
#9338=VECTOR('',#9337,1000.0);
#9339=LINE('',#5775,#9338);
#9340=EDGE_CURVE('',#5776,#5868,#9339,.T.);
#9341=LINE('',#5867,#7712);
#9342=EDGE_CURVE('',#5868,#5866,#9341,.T.);
#9343=ORIENTED_EDGE('',*,*,#9327,.F.);
#9344=ORIENTED_EDGE('',*,*,#9340,.T.);
#9345=ORIENTED_EDGE('',*,*,#9342,.T.);
#9346=AXIS2_PLACEMENT_3D('',#5865,#7665,#12);
#9347=PLANE('',#9346);
#9348=EDGE_LOOP('',(#9343,#9344,#9345));
#9349=FACE_BOUND('',#9348,.T.);
#9350=ADVANCED_FACE('',(#9349),#9347,.T.);
#9351=LINE('',#5779,#741);
#9352=EDGE_CURVE('',#5780,#5868,#9351,.T.);
#9353=ORIENTED_EDGE('',*,*,#9340,.F.);
#9354=ORIENTED_EDGE('',*,*,#7714,.F.);
#9355=ORIENTED_EDGE('',*,*,#9352,.T.);
#9356=DIRECTION('',(0.9963116947275139,-0.028341235746941154,-0.08099247684523368));
#9357=AXIS2_PLACEMENT_3D('',#5867,#7665,#9356);
#9358=PLANE('',#9357);
#9359=EDGE_LOOP('',(#9353,#9354,#9355));
#9360=FACE_BOUND('',#9359,.T.);
#9361=ADVANCED_FACE('',(#9360),#9358,.T.);
#9362=DIRECTION('',(-0.9963116197058044,0.009610575162392944,0.08526894677574436));
#9363=VECTOR('',#9362,1000.0);
#9364=LINE('',#5779,#9363);
#9365=EDGE_CURVE('',#5780,#5854,#9364,.T.);
#9366=LINE('',#5853,#7744);
#9367=EDGE_CURVE('',#5854,#5868,#9366,.T.);
#9368=ORIENTED_EDGE('',*,*,#9352,.F.);
#9369=ORIENTED_EDGE('',*,*,#9365,.T.);
#9370=ORIENTED_EDGE('',*,*,#9367,.T.);
#9371=DIRECTION('',(0.0,-0.9937082257627603,0.11199983058659958));
#9372=AXIS2_PLACEMENT_3D('',#5867,#9371,#12);
#9373=PLANE('',#9372);
#9374=EDGE_LOOP('',(#9368,#9369,#9370));
#9375=FACE_BOUND('',#9374,.T.);
#9376=ADVANCED_FACE('',(#9375),#9373,.T.);
#9377=ORIENTED_EDGE('',*,*,#9365,.F.);
#9378=ORIENTED_EDGE('',*,*,#7746,.F.);
#9379=ORIENTED_EDGE('',*,*,#9104,.F.);
#9380=DIRECTION('',(0.0,-0.9937082257627603,0.11199983058659958));
#9381=DIRECTION('',(0.9963116197058044,-0.009610575162392944,-0.08526894677574436));
#9382=AXIS2_PLACEMENT_3D('',#5853,#9380,#9381);
#9383=PLANE('',#9382);
#9384=EDGE_LOOP('',(#9377,#9378,#9379));
#9385=FACE_BOUND('',#9384,.T.);
#9386=ADVANCED_FACE('',(#9385),#9383,.T.);
#9387=LINE('',#5855,#483);
#9388=EDGE_CURVE('',#5856,#5870,#9387,.T.);
#9389=DIRECTION('',(0.39760743763430073,0.917555625309924,0.0));
#9390=VECTOR('',#9389,1000.0);
#9391=LINE('',#5869,#9390);
#9392=EDGE_CURVE('',#5870,#5798,#9391,.T.);
#9393=ORIENTED_EDGE('',*,*,#9388,.T.);
#9394=ORIENTED_EDGE('',*,*,#9392,.T.);
#9395=ORIENTED_EDGE('',*,*,#9197,.F.);
#9396=DIRECTION('',(-0.0,0.0,1.0));
#9397=AXIS2_PLACEMENT_3D('',#5855,#9396,#482);
#9398=PLANE('',#9397);
#9399=EDGE_LOOP('',(#9393,#9394,#9395));
#9400=FACE_BOUND('',#9399,.T.);
#9401=ADVANCED_FACE('',(#9400),#9398,.T.);
#9402=LINE('',#5869,#720);
#9403=EDGE_CURVE('',#5870,#5800,#9402,.T.);
#9404=ORIENTED_EDGE('',*,*,#9392,.F.);
#9405=ORIENTED_EDGE('',*,*,#9403,.T.);
#9406=ORIENTED_EDGE('',*,*,#7954,.F.);
#9407=DIRECTION('',(-0.0,0.0,1.0));
#9408=DIRECTION('',(-0.39760743763430073,-0.917555625309924,0.0));
#9409=AXIS2_PLACEMENT_3D('',#5797,#9407,#9408);
#9410=PLANE('',#9409);
#9411=EDGE_LOOP('',(#9404,#9405,#9406));
#9412=FACE_BOUND('',#9411,.T.);
#9413=ADVANCED_FACE('',(#9412),#9410,.T.);
#9414=LINE('',#5871,#720);
#9415=EDGE_CURVE('',#5872,#5762,#9414,.T.);
#9416=DIRECTION('',(-0.9963116197058044,0.009610575162392944,-0.08526894677574436));
#9417=VECTOR('',#9416,1000.0);
#9418=LINE('',#5761,#9417);
#9419=EDGE_CURVE('',#5762,#5874,#9418,.T.);
#9420=DIRECTION('',(0.0,-0.11199983058659958,0.9937082257627604));
#9421=VECTOR('',#9420,1000.0);
#9422=LINE('',#5873,#9421);
#9423=EDGE_CURVE('',#5874,#5872,#9422,.T.);
#9424=ORIENTED_EDGE('',*,*,#9415,.T.);
#9425=ORIENTED_EDGE('',*,*,#9419,.T.);
#9426=ORIENTED_EDGE('',*,*,#9423,.T.);
#9427=DIRECTION('',(-0.0,0.9937082257627603,0.11199983058659958));
#9428=AXIS2_PLACEMENT_3D('',#5871,#9427,#12);
#9429=PLANE('',#9428);
#9430=EDGE_LOOP('',(#9424,#9425,#9426));
#9431=FACE_BOUND('',#9430,.T.);
#9432=ADVANCED_FACE('',(#9431),#9429,.T.);
#9433=LINE('',#5793,#741);
#9434=EDGE_CURVE('',#5794,#5874,#9433,.T.);
#9435=ORIENTED_EDGE('',*,*,#9419,.F.);
#9436=ORIENTED_EDGE('',*,*,#7893,.F.);
#9437=ORIENTED_EDGE('',*,*,#9434,.T.);
#9438=DIRECTION('',(0.0,0.9937082257627603,0.11199983058659958));
#9439=DIRECTION('',(0.9963116197058044,-0.009610575162392944,0.08526894677574436));
#9440=AXIS2_PLACEMENT_3D('',#5873,#9438,#9439);
#9441=PLANE('',#9440);
#9442=EDGE_LOOP('',(#9435,#9436,#9437));
#9443=FACE_BOUND('',#9442,.T.);
#9444=ADVANCED_FACE('',(#9443),#9441,.T.);
#9445=DIRECTION('',(-0.9963116947275139,0.028341235746941154,-0.08099247684523368));
#9446=VECTOR('',#9445,1000.0);
#9447=LINE('',#5793,#9446);
#9448=EDGE_CURVE('',#5794,#5876,#9447,.T.);
#9449=DIRECTION('',(0.0,-0.33028676965320647,0.943880633232852));
#9450=VECTOR('',#9449,1000.0);
#9451=LINE('',#5875,#9450);
#9452=EDGE_CURVE('',#5876,#5874,#9451,.T.);
#9453=ORIENTED_EDGE('',*,*,#9434,.F.);
#9454=ORIENTED_EDGE('',*,*,#9448,.T.);
#9455=ORIENTED_EDGE('',*,*,#9452,.T.);
#9456=DIRECTION('',(-0.0,0.9438806332328521,0.3302867696532065));
#9457=AXIS2_PLACEMENT_3D('',#5873,#9456,#12);
#9458=PLANE('',#9457);
#9459=EDGE_LOOP('',(#9453,#9454,#9455));
#9460=FACE_BOUND('',#9459,.T.);
#9461=ADVANCED_FACE('',(#9460),#9458,.T.);
#9462=LINE('',#5791,#741);
#9463=EDGE_CURVE('',#5792,#5876,#9462,.T.);
#9464=ORIENTED_EDGE('',*,*,#9448,.F.);
#9465=ORIENTED_EDGE('',*,*,#7875,.F.);
#9466=ORIENTED_EDGE('',*,*,#9463,.T.);
#9467=DIRECTION('',(0.0,0.9438806332328521,0.3302867696532065));
#9468=DIRECTION('',(0.9963116947275139,-0.028341235746941154,0.08099247684523368));
#9469=AXIS2_PLACEMENT_3D('',#5875,#9467,#9468);
#9470=PLANE('',#9469);
#9471=EDGE_LOOP('',(#9464,#9465,#9466));
#9472=FACE_BOUND('',#9471,.T.);
#9473=ADVANCED_FACE('',(#9472),#9470,.T.);
#9474=DIRECTION('',(-0.9963120894988163,0.04564642157734564,-0.07265414314191353));
#9475=VECTOR('',#9474,1000.0);
#9476=LINE('',#5791,#9475);
#9477=EDGE_CURVE('',#5792,#5878,#9476,.T.);
#9478=DIRECTION('',(0.0,-0.5319886075605698,0.8467515110265622));
#9479=VECTOR('',#9478,1000.0);
#9480=LINE('',#5877,#9479);
#9481=EDGE_CURVE('',#5878,#5876,#9480,.T.);
#9482=ORIENTED_EDGE('',*,*,#9463,.F.);
#9483=ORIENTED_EDGE('',*,*,#9477,.T.);
#9484=ORIENTED_EDGE('',*,*,#9481,.T.);
#9485=DIRECTION('',(-0.0,0.8467515110265622,0.5319886075605698));
#9486=AXIS2_PLACEMENT_3D('',#5875,#9485,#12);
#9487=PLANE('',#9486);
#9488=EDGE_LOOP('',(#9482,#9483,#9484));
#9489=FACE_BOUND('',#9488,.T.);
#9490=ADVANCED_FACE('',(#9489),#9487,.T.);
#9491=LINE('',#5789,#741);
#9492=EDGE_CURVE('',#5790,#5878,#9491,.T.);
#9493=ORIENTED_EDGE('',*,*,#9477,.F.);
#9494=ORIENTED_EDGE('',*,*,#7839,.F.);
#9495=ORIENTED_EDGE('',*,*,#9492,.T.);
#9496=DIRECTION('',(0.0,0.8467515110265622,0.5319886075605698));
#9497=DIRECTION('',(0.9963120894988163,-0.04564642157734564,0.07265414314191353));
#9498=AXIS2_PLACEMENT_3D('',#5877,#9496,#9497);
#9499=PLANE('',#9498);
#9500=EDGE_LOOP('',(#9493,#9494,#9495));
#9501=FACE_BOUND('',#9500,.T.);
#9502=ADVANCED_FACE('',(#9501),#9499,.T.);
#9503=DIRECTION('',(-0.9963107695389736,0.06068298979391996,-0.06068298979391996));
#9504=VECTOR('',#9503,1000.0);
#9505=LINE('',#5789,#9504);
#9506=EDGE_CURVE('',#5790,#5880,#9505,.T.);
#9507=DIRECTION('',(0.0,-0.7071067811865475,0.7071067811865475));
#9508=VECTOR('',#9507,1000.0);
#9509=LINE('',#5879,#9508);
#9510=EDGE_CURVE('',#5880,#5878,#9509,.T.);
#9511=ORIENTED_EDGE('',*,*,#9492,.F.);
#9512=ORIENTED_EDGE('',*,*,#9506,.T.);
#9513=ORIENTED_EDGE('',*,*,#9510,.T.);
#9514=DIRECTION('',(-0.0,0.7071067811865476,0.7071067811865476));
#9515=AXIS2_PLACEMENT_3D('',#5877,#9514,#12);
#9516=PLANE('',#9515);
#9517=EDGE_LOOP('',(#9511,#9512,#9513));
#9518=FACE_BOUND('',#9517,.T.);
#9519=ADVANCED_FACE('',(#9518),#9516,.T.);
#9520=LINE('',#5773,#741);
#9521=EDGE_CURVE('',#5774,#5880,#9520,.T.);
#9522=ORIENTED_EDGE('',*,*,#9506,.F.);
#9523=ORIENTED_EDGE('',*,*,#7822,.F.);
#9524=ORIENTED_EDGE('',*,*,#9521,.T.);
#9525=DIRECTION('',(0.9963107695389736,-0.06068298979391996,0.06068298979391996));
#9526=AXIS2_PLACEMENT_3D('',#5879,#1443,#9525);
#9527=PLANE('',#9526);
#9528=EDGE_LOOP('',(#9522,#9523,#9524));
#9529=FACE_BOUND('',#9528,.T.);
#9530=ADVANCED_FACE('',(#9529),#9527,.T.);
#9531=DIRECTION('',(-0.9963120894988163,0.07265414314191353,-0.04564642157734564));
#9532=VECTOR('',#9531,1000.0);
#9533=LINE('',#5773,#9532);
#9534=EDGE_CURVE('',#5774,#5882,#9533,.T.);
#9535=LINE('',#5881,#7686);
#9536=EDGE_CURVE('',#5882,#5880,#9535,.T.);
#9537=ORIENTED_EDGE('',*,*,#9521,.F.);
#9538=ORIENTED_EDGE('',*,*,#9534,.T.);
#9539=ORIENTED_EDGE('',*,*,#9536,.T.);
#9540=DIRECTION('',(-0.0,0.5319886075605698,0.8467515110265622));
#9541=AXIS2_PLACEMENT_3D('',#5879,#9540,#12);
#9542=PLANE('',#9541);
#9543=EDGE_LOOP('',(#9537,#9538,#9539));
#9544=FACE_BOUND('',#9543,.T.);
#9545=ADVANCED_FACE('',(#9544),#9542,.T.);
#9546=LINE('',#5769,#741);
#9547=EDGE_CURVE('',#5770,#5882,#9546,.T.);
#9548=ORIENTED_EDGE('',*,*,#9534,.F.);
#9549=ORIENTED_EDGE('',*,*,#7688,.F.);
#9550=ORIENTED_EDGE('',*,*,#9547,.T.);
#9551=DIRECTION('',(0.0,0.5319886075605698,0.8467515110265622));
#9552=DIRECTION('',(0.9963120894988163,-0.07265414314191353,0.04564642157734564));
#9553=AXIS2_PLACEMENT_3D('',#5881,#9551,#9552);
#9554=PLANE('',#9553);
#9555=EDGE_LOOP('',(#9548,#9549,#9550));
#9556=FACE_BOUND('',#9555,.T.);
#9557=ADVANCED_FACE('',(#9556),#9554,.T.);
#9558=DIRECTION('',(-0.9963116947275139,0.08099247684523368,-0.028341235746941154));
#9559=VECTOR('',#9558,1000.0);
#9560=LINE('',#5769,#9559);
#9561=EDGE_CURVE('',#5770,#5884,#9560,.T.);
#9562=LINE('',#5883,#7666);
#9563=EDGE_CURVE('',#5884,#5882,#9562,.T.);
#9564=ORIENTED_EDGE('',*,*,#9547,.F.);
#9565=ORIENTED_EDGE('',*,*,#9561,.T.);
#9566=ORIENTED_EDGE('',*,*,#9563,.T.);
#9567=DIRECTION('',(-0.0,0.3302867696532065,0.9438806332328521));
#9568=AXIS2_PLACEMENT_3D('',#5881,#9567,#12);
#9569=PLANE('',#9568);
#9570=EDGE_LOOP('',(#9564,#9565,#9566));
#9571=FACE_BOUND('',#9570,.T.);
#9572=ADVANCED_FACE('',(#9571),#9569,.T.);
#9573=LINE('',#5767,#741);
#9574=EDGE_CURVE('',#5768,#5884,#9573,.T.);
#9575=ORIENTED_EDGE('',*,*,#9561,.F.);
#9576=ORIENTED_EDGE('',*,*,#7668,.F.);
#9577=ORIENTED_EDGE('',*,*,#9574,.T.);
#9578=DIRECTION('',(0.0,0.3302867696532065,0.9438806332328521));
#9579=DIRECTION('',(0.9963116947275139,-0.08099247684523368,0.028341235746941154));
#9580=AXIS2_PLACEMENT_3D('',#5883,#9578,#9579);
#9581=PLANE('',#9580);
#9582=EDGE_LOOP('',(#9575,#9576,#9577));
#9583=FACE_BOUND('',#9582,.T.);
#9584=ADVANCED_FACE('',(#9583),#9581,.T.);
#9585=DIRECTION('',(-0.9963116197058044,0.08526894677574436,-0.009610575162392944));
#9586=VECTOR('',#9585,1000.0);
#9587=LINE('',#5767,#9586);
#9588=EDGE_CURVE('',#5768,#5870,#9587,.T.);
#9589=DIRECTION('',(0.0,-0.9937082257627604,0.11199983058659958));
#9590=VECTOR('',#9589,1000.0);
#9591=LINE('',#5869,#9590);
#9592=EDGE_CURVE('',#5870,#5884,#9591,.T.);
#9593=ORIENTED_EDGE('',*,*,#9574,.F.);
#9594=ORIENTED_EDGE('',*,*,#9588,.T.);
#9595=ORIENTED_EDGE('',*,*,#9592,.T.);
#9596=DIRECTION('',(-0.0,0.11199983058659958,0.9937082257627603));
#9597=AXIS2_PLACEMENT_3D('',#5883,#9596,#12);
#9598=PLANE('',#9597);
#9599=EDGE_LOOP('',(#9593,#9594,#9595));
#9600=FACE_BOUND('',#9599,.T.);
#9601=ADVANCED_FACE('',(#9600),#9598,.T.);
#9602=ORIENTED_EDGE('',*,*,#9588,.F.);
#9603=ORIENTED_EDGE('',*,*,#7970,.F.);
#9604=ORIENTED_EDGE('',*,*,#9403,.F.);
#9605=DIRECTION('',(0.0,0.11199983058659958,0.9937082257627603));
#9606=DIRECTION('',(0.9963116197058044,-0.08526894677574436,0.009610575162392944));
#9607=AXIS2_PLACEMENT_3D('',#5869,#9605,#9606);
#9608=PLANE('',#9607);
#9609=EDGE_LOOP('',(#9602,#9603,#9604));
#9610=FACE_BOUND('',#9609,.T.);
#9611=ADVANCED_FACE('',(#9610),#9608,.T.);
#9612=LINE('',#5851,#9118);
#9613=EDGE_CURVE('',#5852,#5872,#9612,.T.);
#9614=VECTOR('',#9151,1000.0);
#9615=LINE('',#5871,#9614);
#9616=EDGE_CURVE('',#5872,#5850,#9615,.T.);
#9617=ORIENTED_EDGE('',*,*,#9072,.F.);
#9618=ORIENTED_EDGE('',*,*,#9613,.T.);
#9619=ORIENTED_EDGE('',*,*,#9616,.T.);
#9620=DIRECTION('',(0.3826770934464053,0.0,-0.9238821581518996));
#9621=AXIS2_PLACEMENT_3D('',#5849,#503,#9620);
#9622=PLANE('',#9621);
#9623=EDGE_LOOP('',(#9617,#9618,#9619));
#9624=FACE_BOUND('',#9623,.T.);
#9625=ADVANCED_FACE('',(#9624),#9622,.T.);
#9626=LINE('',#5763,#9106);
#9627=EDGE_CURVE('',#5764,#5872,#9626,.T.);
#9628=ORIENTED_EDGE('',*,*,#9613,.F.);
#9629=ORIENTED_EDGE('',*,*,#9094,.F.);
#9630=ORIENTED_EDGE('',*,*,#9627,.T.);
#9631=AXIS2_PLACEMENT_3D('',#5871,#730,#9138);
#9632=PLANE('',#9631);
#9633=EDGE_LOOP('',(#9628,#9629,#9630));
#9634=FACE_BOUND('',#9633,.T.);
#9635=ADVANCED_FACE('',(#9634),#9632,.T.);
#9636=ORIENTED_EDGE('',*,*,#9627,.F.);
#9637=ORIENTED_EDGE('',*,*,#7649,.F.);
#9638=ORIENTED_EDGE('',*,*,#9415,.F.);
#9639=DIRECTION('',(0.9333456062030597,0.0,0.35897907930886874));
#9640=AXIS2_PLACEMENT_3D('',#5871,#730,#9639);
#9641=PLANE('',#9640);
#9642=EDGE_LOOP('',(#9636,#9637,#9638));
#9643=FACE_BOUND('',#9642,.T.);
#9644=ADVANCED_FACE('',(#9643),#9641,.T.);
#9645=LINE('',#5871,#691);
#9646=EDGE_CURVE('',#5872,#5636,#9645,.T.);
#9647=LINE('',#5843,#9171);
#9648=EDGE_CURVE('',#5844,#5872,#9647,.T.);
#9649=ORIENTED_EDGE('',*,*,#9646,.T.);
#9650=ORIENTED_EDGE('',*,*,#8980,.F.);
#9651=ORIENTED_EDGE('',*,*,#9648,.T.);
#9652=AXIS2_PLACEMENT_3D('',#5871,#730,#11);
#9653=PLANE('',#9652);
#9654=EDGE_LOOP('',(#9649,#9650,#9651));
#9655=FACE_BOUND('',#9654,.T.);
#9656=ADVANCED_FACE('',(#9655),#9653,.T.);
#9657=LINE('',#5845,#9158);
#9658=EDGE_CURVE('',#5846,#5872,#9657,.T.);
#9659=ORIENTED_EDGE('',*,*,#9002,.F.);
#9660=ORIENTED_EDGE('',*,*,#9658,.T.);
#9661=ORIENTED_EDGE('',*,*,#9648,.F.);
#9662=DIRECTION('',(0.9238821581518976,0.0,-0.38267709344640993));
#9663=AXIS2_PLACEMENT_3D('',#5843,#503,#9662);
#9664=PLANE('',#9663);
#9665=EDGE_LOOP('',(#9659,#9660,#9661));
#9666=FACE_BOUND('',#9665,.T.);
#9667=ADVANCED_FACE('',(#9666),#9664,.T.);
#9668=LINE('',#5847,#9145);
#9669=EDGE_CURVE('',#5848,#5872,#9668,.T.);
#9670=ORIENTED_EDGE('',*,*,#9658,.F.);
#9671=ORIENTED_EDGE('',*,*,#9024,.F.);
#9672=ORIENTED_EDGE('',*,*,#9669,.T.);
#9673=AXIS2_PLACEMENT_3D('',#5871,#730,#9177);
#9674=PLANE('',#9673);
#9675=EDGE_LOOP('',(#9670,#9671,#9672));
#9676=FACE_BOUND('',#9675,.T.);
#9677=ADVANCED_FACE('',(#9676),#9674,.T.);
#9678=ORIENTED_EDGE('',*,*,#9669,.F.);
#9679=ORIENTED_EDGE('',*,*,#9048,.F.);
#9680=ORIENTED_EDGE('',*,*,#9616,.F.);
#9681=DIRECTION('',(0.543629828250955,0.0,0.8393250918659809));
#9682=AXIS2_PLACEMENT_3D('',#5871,#730,#9681);
#9683=PLANE('',#9682);
#9684=EDGE_LOOP('',(#9678,#9679,#9680));
#9685=FACE_BOUND('',#9684,.T.);
#9686=ADVANCED_FACE('',(#9685),#9683,.T.);
#9687=CLOSED_SHELL('',(#5902,#5917,#5933,#5948,#5964,#5979,#5995,#6011,#6027,#6043,#6059,#6075,#6092,#6106,#6126,#6139,#6155,#6167,#6184,#6200,#6217,#6233,#6250,#6266,#6283,#6299,#6316,#6332,#6349,#6365,#6382,#6398,#6418,#6429,#6448,#6461,#6478,#6492,#6509,#6523,#6540,#6554,#6569,#6583,#6598,#6612,#6627,#6641,#6656,#6668,#6684,#6699,#6712,#6725,#6738,#6751,#6767,#6780,#6794,#6804,#6822,#6837,#6851,#6864,#6878,#6891,#6905,#6918,#6932,#6943,#6956,#6970,#6986,#7000,#7016,#7028,#7041,#7056,#7068,#7080,#7094,#7107,#7123,#7132,#7143,#7155,#7168,#7180,#7193,#7205,#7218,#7230,#7242,#7253,#7265,#7277,#7298,#7315,#7333,#7346,#7358,#7369,#7386,#7400,#7417,#7433,#7450,#7466,#7483,#7499,#7515,#7530,#7545,#7560,#7575,#7590,#7605,#7620,#7637,#7647,#7664,#7684,#7702,#7723,#7738,#7756,#7770,#7786,#7801,#7818,#7835,#7853,#7871,#7889,#7903,#7920,#7937,#7952,#7966,#7979,#7993,#8008,#8022,#8037,#8051,#8066,#8082,#8097,#8113,#8128,#8144,#8159,#8175,#8190,#8204,#8215,#8229,#8242,#8254,#8270,#8284,#8298,#8315,#8329,#8347,#8357,#8374,#8387,#8400,#8413,#8426,#8440,#8454,#8468,#8482,#8496,#8510,#8524,#8538,#8550,#8563,#8577,#8591,#8601,#8619,#8634,#8648,#8661,#8674,#8687,#8706,#8724,#8738,#8751,#8760,#8781,#8794,#8807,#8820,#8833,#8846,#8859,#8872,#8883,#8895,#8908,#8921,#8938,#8953,#8964,#8976,#8988,#8998,#9010,#9020,#9032,#9042,#9056,#9066,#9080,#9090,#9102,#9116,#9130,#9143,#9156,#9169,#9182,#9195,#9214,#9226,#9243,#9255,#9272,#9284,#9299,#9311,#9325,#9336,#9350,#9361,#9376,#9386,#9401,#9413,#9432,#9444,#9461,#9473,#9490,#9502,#9519,#9530,#9545,#9557,#9572,#9584,#9601,#9611,#9625,#9635,#9644,#9656,#9667,#9677,#9686));
#9688=MANIFOLD_SOLID_BREP('',#9687);
#9689=COLOUR_RGB('',0.6666666666666666,0.6666666666666666,0.6666666666666666);
#9690=FILL_AREA_STYLE_COLOUR('',#9689);
#9691=FILL_AREA_STYLE('',(#9690));
#9692=SURFACE_STYLE_FILL_AREA(#9691);
#9693=SURFACE_SIDE_STYLE('',(#9692));
#9694=SURFACE_STYLE_USAGE(.BOTH.,#9693);
#9695=PRESENTATION_STYLE_ASSIGNMENT((#9694));
#9696=STYLED_ITEM('',(#9695),#9688);
#9697=ADVANCED_BREP_SHAPE_REPRESENTATION('',(#9688),*);
#9698=PRODUCT_DEFINITION('','',*,*);
#9699=PRODUCT_DEFINITION_SHAPE('','',#9698);
#9700=SHAPE_REPRESENTATION('',(#13),*);
#9701=SHAPE_DEFINITION_REPRESENTATION(#9699,#9700);
#9702=SHAPE_REPRESENTATION_RELATIONSHIP('','',#9700,#9697);
#9703=CARTESIAN_POINT('',(-0.020732,0.65,-0.8));
#9704=VERTEX_POINT('',#9703);
#9705=CARTESIAN_POINT('',(-0.010976,-0.046714,-0.8));
#9706=VERTEX_POINT('',#9705);
#9707=CARTESIAN_POINT('',(-0.020732,-0.0583,-0.8));
#9708=VERTEX_POINT('',#9707);
#9709=CARTESIAN_POINT('',(-0.010976,-0.05769,-0.8));
#9710=VERTEX_POINT('',#9709);
#9711=CARTESIAN_POINT('',(0.042683,-0.05769,-0.8));
#9712=VERTEX_POINT('',#9711);
#9713=CARTESIAN_POINT('',(-0.008537,0.031335,-0.8));
#9714=VERTEX_POINT('',#9713);
#9715=CARTESIAN_POINT('',(0.029268,0.031335,-0.8));
#9716=VERTEX_POINT('',#9715);
#9717=CARTESIAN_POINT('',(0.029268,-0.001592,-0.8));
#9718=VERTEX_POINT('',#9717);
#9719=CARTESIAN_POINT('',(0.062195,-0.052507,-0.8));
#9720=VERTEX_POINT('',#9719);
#9721=CARTESIAN_POINT('',(0.062195,-0.041531,-0.8));
#9722=VERTEX_POINT('',#9721);
#9723=CARTESIAN_POINT('',(0.042683,0.04231,-0.8));
#9724=VERTEX_POINT('',#9723);
#9725=CARTESIAN_POINT('',(0.029268,-0.012568,-0.8));
#9726=VERTEX_POINT('',#9725);
#9727=CARTESIAN_POINT('',(0.029268,-0.046714,-0.8));
#9728=VERTEX_POINT('',#9727);
#9729=CARTESIAN_POINT('',(-0.006098,-0.012568,-0.8));
#9730=VERTEX_POINT('',#9729);
#9731=CARTESIAN_POINT('',(-0.006098,-0.001592,-0.8));
#9732=VERTEX_POINT('',#9731);
#9733=CARTESIAN_POINT('',(0.111726,-0.054295,-0.8));
#9734=VERTEX_POINT('',#9733);
#9735=CARTESIAN_POINT('',(0.145122,-0.05769,-0.8));
#9736=VERTEX_POINT('',#9735);
#9737=CARTESIAN_POINT('',(0.102034,-0.057631,-0.8));
#9738=VERTEX_POINT('',#9737);
#9739=CARTESIAN_POINT('',(0.095591,-0.0583,-0.8));
#9740=VERTEX_POINT('',#9739);
#9741=CARTESIAN_POINT('',(-0.008537,0.04231,-0.8));
#9742=VERTEX_POINT('',#9741);
#9743=CARTESIAN_POINT('',(0.131308,0.015972,-0.8));
#9744=VERTEX_POINT('',#9743);
#9745=CARTESIAN_POINT('',(0.125447,0.025321,-0.8));
#9746=VERTEX_POINT('',#9745);
#9747=CARTESIAN_POINT('',(0.182927,0.04231,-0.8));
#9748=VERTEX_POINT('',#9747);
#9749=CARTESIAN_POINT('',(0.09546,0.031448,-0.8));
#9750=VERTEX_POINT('',#9749);
#9751=CARTESIAN_POINT('',(0.102945,0.028747,-0.8));
#9752=VERTEX_POINT('',#9751);
#9753=CARTESIAN_POINT('',(0.063987,-0.042524,-0.8));
#9754=VERTEX_POINT('',#9753);
#9755=CARTESIAN_POINT('',(0.109867,0.024117,-0.8));
#9756=VERTEX_POINT('',#9755);
#9757=CARTESIAN_POINT('',(0.115905,0.01745,-0.8));
#9758=VERTEX_POINT('',#9757);
#9759=CARTESIAN_POINT('',(0.123171,-0.008757,-0.8));
#9760=VERTEX_POINT('',#9759);
#9761=CARTESIAN_POINT('',(0.122158,-0.019582,-0.8));
#9762=VERTEX_POINT('',#9761);
#9763=CARTESIAN_POINT('',(0.119441,-0.028184,-0.8));
#9764=VERTEX_POINT('',#9763);
#9765=CARTESIAN_POINT('',(0.097189,-0.046887,-0.8));
#9766=VERTEX_POINT('',#9765);
#9767=CARTESIAN_POINT('',(0.087862,-0.047934,-0.8));
#9768=VERTEX_POINT('',#9767);
#9769=CARTESIAN_POINT('',(0.104476,-0.044205,-0.8));
#9770=VERTEX_POINT('',#9769);
#9771=CARTESIAN_POINT('',(0.110613,-0.040068,-0.8));
#9772=VERTEX_POINT('',#9771);
#9773=CARTESIAN_POINT('',(0.115306,-0.035118,-0.8));
#9774=VERTEX_POINT('',#9773);
#9775=CARTESIAN_POINT('',(0.074588,-0.04646,-0.8));
#9776=VERTEX_POINT('',#9775);
#9777=CARTESIAN_POINT('',(0.120028,0.009729,-0.8));
#9778=VERTEX_POINT('',#9777);
#9779=CARTESIAN_POINT('',(0.122694,-0.000976,-0.8));
#9780=VERTEX_POINT('',#9779);
#9781=CARTESIAN_POINT('',(0.116418,0.034004,-0.8));
#9782=VERTEX_POINT('',#9781);
#9783=CARTESIAN_POINT('',(0.196341,0.04231,-0.8));
#9784=VERTEX_POINT('',#9783);
#9785=CARTESIAN_POINT('',(0.55,0.65,-0.8));
#9786=VERTEX_POINT('',#9785);
#9787=CARTESIAN_POINT('',(0.196341,-0.05769,-0.8));
#9788=VERTEX_POINT('',#9787);
#9789=CARTESIAN_POINT('',(0.55,-0.0583,-0.8));
#9790=VERTEX_POINT('',#9789);
#9791=CARTESIAN_POINT('',(0.11977,-0.049159,-0.8));
#9792=VERTEX_POINT('',#9791);
#9793=CARTESIAN_POINT('',(0.127281,-0.041251,-0.8));
#9794=VERTEX_POINT('',#9793);
#9795=CARTESIAN_POINT('',(0.145122,-0.046714,-0.8));
#9796=VERTEX_POINT('',#9795);
#9797=CARTESIAN_POINT('',(0.132609,-0.031742,-0.8));
#9798=VERTEX_POINT('',#9797);
#9799=CARTESIAN_POINT('',(0.182927,-0.046714,-0.8));
#9800=VERTEX_POINT('',#9799);
#9801=CARTESIAN_POINT('',(0.135618,-0.021157,-0.8));
#9802=VERTEX_POINT('',#9801);
#9803=CARTESIAN_POINT('',(0.136585,-0.009576,-0.8));
#9804=VERTEX_POINT('',#9803);
#9805=CARTESIAN_POINT('',(0.135147,0.004641,-0.8));
#9806=VERTEX_POINT('',#9805);
#9807=CARTESIAN_POINT('',(0.10692,0.039471,-0.8));
#9808=VERTEX_POINT('',#9807);
#9809=CARTESIAN_POINT('',(0.095772,0.04271,-0.8));
#9810=VERTEX_POINT('',#9809);
#9811=CARTESIAN_POINT('',(0.085728,0.04353,-0.8));
#9812=VERTEX_POINT('',#9811);
#9813=CARTESIAN_POINT('',(0.073757,0.042704,-0.8));
#9814=VERTEX_POINT('',#9813);
#9815=CARTESIAN_POINT('',(0.062195,0.039566,-0.8));
#9816=VERTEX_POINT('',#9815);
#9817=CARTESIAN_POINT('',(0.062195,0.026152,-0.8));
#9818=VERTEX_POINT('',#9817);
#9819=CARTESIAN_POINT('',(0.073459,0.030975,-0.8));
#9820=VERTEX_POINT('',#9819);
#9821=CARTESIAN_POINT('',(0.085614,0.032554,-0.8));
#9822=VERTEX_POINT('',#9821);
#9823=CARTESIAN_POINT('',(0.08971,-0.058909,-0.8));
#9824=VERTEX_POINT('',#9823);
#9825=CARTESIAN_POINT('',(0.55,-0.65,-0.8));
#9826=VERTEX_POINT('',#9825);
#9827=CARTESIAN_POINT('',(0.086976,-0.058862,-0.8));
#9828=VERTEX_POINT('',#9827);
#9829=CARTESIAN_POINT('',(-0.020732,-0.65,-0.8));
#9830=VERTEX_POINT('',#9829);
#9831=CARTESIAN_POINT('',(0.082959,-0.0583,-0.8));
#9832=VERTEX_POINT('',#9831);
#9833=CARTESIAN_POINT('',(-0.55,-0.65,-0.8));
#9834=VERTEX_POINT('',#9833);
#9835=CARTESIAN_POINT('',(-0.55,-0.0583,-0.8));
#9836=VERTEX_POINT('',#9835);
#9837=CARTESIAN_POINT('',(0.072855,-0.056884,-0.8));
#9838=VERTEX_POINT('',#9837);
#9839=CARTESIAN_POINT('',(-0.118293,-0.05769,-0.8));
#9840=VERTEX_POINT('',#9839);
#9841=CARTESIAN_POINT('',(-0.105982,-0.030282,-0.8));
#9842=VERTEX_POINT('',#9841);
#9843=CARTESIAN_POINT('',(-0.100247,-0.039226,-0.8));
#9844=VERTEX_POINT('',#9843);
#9845=CARTESIAN_POINT('',(-0.193902,-0.05769,-0.8));
#9846=VERTEX_POINT('',#9845);
#9847=CARTESIAN_POINT('',(-0.208537,-0.05769,-0.8));
#9848=VERTEX_POINT('',#9847);
#9849=CARTESIAN_POINT('',(-0.169512,0.04231,-0.8));
#9850=VERTEX_POINT('',#9849);
#9851=CARTESIAN_POINT('',(-0.55,0.65,-0.8));
#9852=VERTEX_POINT('',#9851);
#9853=CARTESIAN_POINT('',(-0.156098,0.04231,-0.8));
#9854=VERTEX_POINT('',#9853);
#9855=CARTESIAN_POINT('',(-0.092016,-0.047107,-0.8));
#9856=VERTEX_POINT('',#9855);
#9857=CARTESIAN_POINT('',(-0.081575,-0.053175,-0.8));
#9858=VERTEX_POINT('',#9857);
#9859=CARTESIAN_POINT('',(-0.070052,-0.05661,-0.8));
#9860=VERTEX_POINT('',#9859);
#9861=CARTESIAN_POINT('',(-0.057679,-0.05769,-0.8));
#9862=VERTEX_POINT('',#9861);
#9863=CARTESIAN_POINT('',(-0.030488,-0.05769,-0.8));
#9864=VERTEX_POINT('',#9863);
#9865=CARTESIAN_POINT('',(-0.030488,0.04231,-0.8));
#9866=VERTEX_POINT('',#9865);
#9867=CARTESIAN_POINT('',(-0.058708,0.04231,-0.8));
#9868=VERTEX_POINT('',#9867);
#9869=CARTESIAN_POINT('',(-0.095844,0.029271,-0.8));
#9870=VERTEX_POINT('',#9869);
#9871=CARTESIAN_POINT('',(-0.102916,0.02143,-0.8));
#9872=VERTEX_POINT('',#9871);
#9873=CARTESIAN_POINT('',(-0.107563,0.01283,-0.8));
#9874=VERTEX_POINT('',#9873);
#9875=CARTESIAN_POINT('',(-0.073155,0.040766,-0.8));
#9876=VERTEX_POINT('',#9875);
#9877=CARTESIAN_POINT('',(-0.084855,0.036657,-0.8));
#9878=VERTEX_POINT('',#9877);
#9879=CARTESIAN_POINT('',(-0.09574,0.029363,-0.8));
#9880=VERTEX_POINT('',#9879);
#9881=CARTESIAN_POINT('',(-0.132927,-0.05769,-0.8));
#9882=VERTEX_POINT('',#9881);
#9883=CARTESIAN_POINT('',(-0.142473,-0.029641,-0.8));
#9884=VERTEX_POINT('',#9883);
#9885=CARTESIAN_POINT('',(-0.183784,-0.029641,-0.8));
#9886=VERTEX_POINT('',#9885);
#9887=CARTESIAN_POINT('',(-0.110249,0.002977,-0.8));
#9888=VERTEX_POINT('',#9887);
#9889=CARTESIAN_POINT('',(-0.110976,-0.006432,-0.8));
#9890=VERTEX_POINT('',#9889);
#9891=CARTESIAN_POINT('',(-0.109572,-0.019815,-0.8));
#9892=VERTEX_POINT('',#9891);
#9893=CARTESIAN_POINT('',(1.47,0.6,0.0));
#9894=VERTEX_POINT('',#9893);
#9895=CARTESIAN_POINT('',(1.47,0.2,0.0));
#9896=VERTEX_POINT('',#9895);
#9897=CARTESIAN_POINT('',(1.428074,-0.758074,0.8));
#9898=VERTEX_POINT('',#9897);
#9899=CARTESIAN_POINT('',(1.428074,0.758074,0.8));
#9900=VERTEX_POINT('',#9899);
#9901=CARTESIAN_POINT('',(-0.605372,-0.758074,0.8));
#9902=VERTEX_POINT('',#9901);
#9903=CARTESIAN_POINT('',(-0.605372,0.758074,0.8));
#9904=VERTEX_POINT('',#9903);
#9905=CARTESIAN_POINT('',(-1.005372,0.758074,0.8));
#9906=VERTEX_POINT('',#9905);
#9907=CARTESIAN_POINT('',(-1.005372,-0.758074,0.8));
#9908=VERTEX_POINT('',#9907);
#9909=CARTESIAN_POINT('',(-0.905372,0.758074,0.8));
#9910=VERTEX_POINT('',#9909);
#9911=CARTESIAN_POINT('',(-0.905372,-0.758074,0.8));
#9912=VERTEX_POINT('',#9911);
#9913=CARTESIAN_POINT('',(1.469,-0.6,-0.019081));
#9914=VERTEX_POINT('',#9913);
#9915=CARTESIAN_POINT('',(1.47,-0.6,0.0));
#9916=VERTEX_POINT('',#9915);
#9917=CARTESIAN_POINT('',(1.47,-0.8,0.0));
#9918=VERTEX_POINT('',#9917);
#9919=CARTESIAN_POINT('',(1.433367,0.6,-0.699));
#9920=VERTEX_POINT('',#9919);
#9921=CARTESIAN_POINT('',(1.433315,0.6,-0.7));
#9922=VERTEX_POINT('',#9921);
#9923=CARTESIAN_POINT('',(1.433315,0.763315,-0.7));
#9924=VERTEX_POINT('',#9923);
#9925=CARTESIAN_POINT('',(1.47,0.8,0.0));
#9926=VERTEX_POINT('',#9925);
#9927=CARTESIAN_POINT('',(1.469,0.6,-0.019081));
#9928=VERTEX_POINT('',#9927);
#9929=CARTESIAN_POINT('',(1.433315,-0.763315,-0.7));
#9930=VERTEX_POINT('',#9929);
#9931=CARTESIAN_POINT('',(1.433315,-0.6,-0.7));
#9932=VERTEX_POINT('',#9931);
#9933=CARTESIAN_POINT('',(1.433367,-0.6,-0.699));
#9934=VERTEX_POINT('',#9933);
#9935=CARTESIAN_POINT('',(-1.433315,-0.763315,-0.7));
#9936=VERTEX_POINT('',#9935);
#9937=CARTESIAN_POINT('',(-1.47,-0.8,0.0));
#9938=VERTEX_POINT('',#9937);
#9939=CARTESIAN_POINT('',(-1.433367,-0.6,-0.699));
#9940=VERTEX_POINT('',#9939);
#9941=CARTESIAN_POINT('',(-1.433315,-0.6,-0.7));
#9942=VERTEX_POINT('',#9941);
#9943=CARTESIAN_POINT('',(-1.47,0.8,0.0));
#9944=VERTEX_POINT('',#9943);
#9945=CARTESIAN_POINT('',(-1.433315,0.763315,-0.7));
#9946=VERTEX_POINT('',#9945);
#9947=CARTESIAN_POINT('',(-1.433367,0.6,-0.699));
#9948=VERTEX_POINT('',#9947);
#9949=CARTESIAN_POINT('',(-1.433315,0.6,-0.7));
#9950=VERTEX_POINT('',#9949);
#9951=CARTESIAN_POINT('',(-1.47,-0.6,0.0));
#9952=VERTEX_POINT('',#9951);
#9953=CARTESIAN_POINT('',(-1.469,-0.6,-0.019081));
#9954=VERTEX_POINT('',#9953);
#9955=CARTESIAN_POINT('',(-1.47,0.6,0.0));
#9956=VERTEX_POINT('',#9955);
#9957=CARTESIAN_POINT('',(-1.469,0.6,-0.019081));
#9958=VERTEX_POINT('',#9957);
#9959=CARTESIAN_POINT('',(0.55,0.65,-0.7));
#9960=VERTEX_POINT('',#9959);
#9961=CARTESIAN_POINT('',(0.8,0.6,-0.7));
#9962=VERTEX_POINT('',#9961);
#9963=CARTESIAN_POINT('',(0.55,-0.65,-0.7));
#9964=VERTEX_POINT('',#9963);
#9965=CARTESIAN_POINT('',(0.8,-0.6,-0.7));
#9966=VERTEX_POINT('',#9965);
#9967=CARTESIAN_POINT('',(-0.55,0.65,-0.7));
#9968=VERTEX_POINT('',#9967);
#9969=CARTESIAN_POINT('',(-0.8,-0.6,-0.7));
#9970=VERTEX_POINT('',#9969);
#9971=CARTESIAN_POINT('',(-0.8,0.6,-0.7));
#9972=VERTEX_POINT('',#9971);
#9973=CARTESIAN_POINT('',(-0.55,-0.65,-0.7));
#9974=VERTEX_POINT('',#9973);
#9975=CARTESIAN_POINT('',(1.47,-0.2,0.0));
#9976=VERTEX_POINT('',#9975);
#9977=CARTESIAN_POINT('',(-1.449008,0.779008,0.400548));
#9978=VERTEX_POINT('',#9977);
#9979=CARTESIAN_POINT('',(-1.449008,-0.779008,0.400548));
#9980=VERTEX_POINT('',#9979);
#9981=CARTESIAN_POINT('',(1.47,0.2,-0.18));
#9982=VERTEX_POINT('',#9981);
#9983=CARTESIAN_POINT('',(1.47,0.15,-0.23));
#9984=VERTEX_POINT('',#9983);
#9985=CARTESIAN_POINT('',(1.47,0.161126,-0.228746));
#9986=VERTEX_POINT('',#9985);
#9987=CARTESIAN_POINT('',(1.47,0.171694,-0.225048));
#9988=VERTEX_POINT('',#9987);
#9989=CARTESIAN_POINT('',(1.47,0.181174,-0.219092));
#9990=VERTEX_POINT('',#9989);
#9991=CARTESIAN_POINT('',(1.47,0.189092,-0.211174));
#9992=VERTEX_POINT('',#9991);
#9993=CARTESIAN_POINT('',(1.47,0.195048,-0.201694));
#9994=VERTEX_POINT('',#9993);
#9995=CARTESIAN_POINT('',(1.47,0.198746,-0.191126));
#9996=VERTEX_POINT('',#9995);
#9997=CARTESIAN_POINT('',(1.47,-0.15,-0.23));
#9998=VERTEX_POINT('',#9997);
#9999=CARTESIAN_POINT('',(1.47,-0.2,-0.18));
#10000=VERTEX_POINT('',#9999);
#10001=CARTESIAN_POINT('',(1.47,-0.198746,-0.191126));
#10002=VERTEX_POINT('',#10001);
#10003=CARTESIAN_POINT('',(1.47,-0.195048,-0.201694));
#10004=VERTEX_POINT('',#10003);
#10005=CARTESIAN_POINT('',(1.47,-0.189092,-0.211174));
#10006=VERTEX_POINT('',#10005);
#10007=CARTESIAN_POINT('',(1.47,-0.181174,-0.219092));
#10008=VERTEX_POINT('',#10007);
#10009=CARTESIAN_POINT('',(1.47,-0.171694,-0.225048));
#10010=VERTEX_POINT('',#10009);
#10011=CARTESIAN_POINT('',(1.47,-0.161126,-0.228746));
#10012=VERTEX_POINT('',#10011);
#10013=CARTESIAN_POINT('',(-0.145846,-0.018665,-0.8));
#10014=VERTEX_POINT('',#10013);
#10015=CARTESIAN_POINT('',(-0.179287,-0.018665,-0.8));
#10016=VERTEX_POINT('',#10015);
#10017=CARTESIAN_POINT('',(-0.160766,0.023103,-0.8));
#10018=VERTEX_POINT('',#10017);
#10019=CARTESIAN_POINT('',(-0.161728,0.026571,-0.8));
#10020=VERTEX_POINT('',#10019);
#10021=CARTESIAN_POINT('',(-0.162367,0.030115,-0.8));
#10022=VERTEX_POINT('',#10021);
#10023=CARTESIAN_POINT('',(-0.162691,0.030115,-0.8));
#10024=VERTEX_POINT('',#10023);
#10025=CARTESIAN_POINT('',(-0.163343,0.026582,-0.8));
#10026=VERTEX_POINT('',#10025);
#10027=CARTESIAN_POINT('',(-0.164234,0.023103,-0.8));
#10028=VERTEX_POINT('',#10027);
#10029=CARTESIAN_POINT('',(-0.058651,0.031335,-0.8));
#10030=VERTEX_POINT('',#10029);
#10031=CARTESIAN_POINT('',(-0.043902,0.031335,-0.8));
#10032=VERTEX_POINT('',#10031);
#10033=CARTESIAN_POINT('',(-0.070487,0.030076,-0.8));
#10034=VERTEX_POINT('',#10033);
#10035=CARTESIAN_POINT('',(-0.078741,0.027188,-0.8));
#10036=VERTEX_POINT('',#10035);
#10037=CARTESIAN_POINT('',(-0.086046,0.022469,-0.8));
#10038=VERTEX_POINT('',#10037);
#10039=CARTESIAN_POINT('',(-0.090903,0.017312,-0.8));
#10040=VERTEX_POINT('',#10039);
#10041=CARTESIAN_POINT('',(-0.094377,0.011144,-0.8));
#10042=VERTEX_POINT('',#10041);
#10043=CARTESIAN_POINT('',(-0.096711,0.003235,-0.8));
#10044=VERTEX_POINT('',#10043);
#10045=CARTESIAN_POINT('',(-0.097561,-0.006718,-0.8));
#10046=VERTEX_POINT('',#10045);
#10047=CARTESIAN_POINT('',(-0.096643,-0.017221,-0.8));
#10048=VERTEX_POINT('',#10047);
#10049=CARTESIAN_POINT('',(-0.09371,-0.026621,-0.8));
#10050=VERTEX_POINT('',#10049);
#10051=CARTESIAN_POINT('',(-0.089492,-0.033516,-0.8));
#10052=VERTEX_POINT('',#10051);
#10053=CARTESIAN_POINT('',(-0.083883,-0.039056,-0.8));
#10054=VERTEX_POINT('',#10053);
#10055=CARTESIAN_POINT('',(-0.077064,-0.043105,-0.8));
#10056=VERTEX_POINT('',#10055);
#10057=CARTESIAN_POINT('',(-0.068648,-0.045732,-0.8));
#10058=VERTEX_POINT('',#10057);
#10059=CARTESIAN_POINT('',(-0.058098,-0.046714,-0.8));
#10060=VERTEX_POINT('',#10059);
#10061=CARTESIAN_POINT('',(-0.043902,-0.046714,-0.8));
#10062=VERTEX_POINT('',#10061);
#10063=DIRECTION('',(0.014001503715631431,-0.9999019741423162,0.0));
#10064=VECTOR('',#10063,1000.0);
#10065=LINE('',#9703,#10064);
#10066=EDGE_CURVE('',#9704,#9706,#10065,.T.);
#10067=DIRECTION('',(-0.644111348319413,-0.7649317426843704,0.0));
#10068=VECTOR('',#10067,1000.0);
#10069=LINE('',#9705,#10068);
#10070=EDGE_CURVE('',#9706,#9708,#10069,.T.);
#10071=LINE('',#9707,#504);
#10072=EDGE_CURVE('',#9708,#9704,#10071,.T.);
#10073=ORIENTED_EDGE('',*,*,#10066,.T.);
#10074=ORIENTED_EDGE('',*,*,#10070,.T.);
#10075=ORIENTED_EDGE('',*,*,#10072,.T.);
#10076=AXIS2_PLACEMENT_3D('',#9703,#1100,#10063);
#10077=PLANE('',#10076);
#10078=EDGE_LOOP('',(#10073,#10074,#10075));
#10079=FACE_BOUND('',#10078,.T.);
#10080=ADVANCED_FACE('',(#10079),#10077,.T.);
#10081=LINE('',#9705,#483);
#10082=EDGE_CURVE('',#9706,#9710,#10081,.T.);
#10083=DIRECTION('',(-0.9980509859204076,-0.06240376193229275,0.0));
#10084=VECTOR('',#10083,1000.0);
#10085=LINE('',#9709,#10084);
#10086=EDGE_CURVE('',#9710,#9708,#10085,.T.);
#10087=ORIENTED_EDGE('',*,*,#10070,.F.);
#10088=ORIENTED_EDGE('',*,*,#10082,.T.);
#10089=ORIENTED_EDGE('',*,*,#10086,.T.);
#10090=DIRECTION('',(0.0,0.0,-1.0));
#10091=DIRECTION('',(0.644111348319413,0.7649317426843704,0.0));
#10092=AXIS2_PLACEMENT_3D('',#9707,#10090,#10091);
#10093=PLANE('',#10092);
#10094=EDGE_LOOP('',(#10087,#10088,#10089));
#10095=FACE_BOUND('',#10094,.T.);
#10096=ADVANCED_FACE('',(#10095),#10093,.T.);
#10097=LINE('',#9709,#720);
#10098=EDGE_CURVE('',#9710,#9712,#10097,.T.);
#10099=DIRECTION('',(-0.9999537389438502,-0.00961873028078133,0.0));
#10100=VECTOR('',#10099,1000.0);
#10101=LINE('',#9711,#10100);
#10102=EDGE_CURVE('',#9712,#9708,#10101,.T.);
#10103=ORIENTED_EDGE('',*,*,#10086,.F.);
#10104=ORIENTED_EDGE('',*,*,#10098,.T.);
#10105=ORIENTED_EDGE('',*,*,#10102,.T.);
#10106=DIRECTION('',(0.0,0.0,-1.0));
#10107=DIRECTION('',(0.9980509859204076,0.06240376193229275,0.0));
#10108=AXIS2_PLACEMENT_3D('',#9707,#10106,#10107);
#10109=PLANE('',#10108);
#10110=EDGE_LOOP('',(#10103,#10104,#10105));
#10111=FACE_BOUND('',#10110,.T.);
#10112=ADVANCED_FACE('',(#10111),#10109,.T.);
#10113=LINE('',#9713,#720);
#10114=EDGE_CURVE('',#9714,#9716,#10113,.T.);
#10115=LINE('',#9715,#483);
#10116=EDGE_CURVE('',#9716,#9718,#10115,.T.);
#10117=DIRECTION('',(-0.7540809585391836,0.6567814765724032,0.0));
#10118=VECTOR('',#10117,1000.0);
#10119=LINE('',#9717,#10118);
#10120=EDGE_CURVE('',#9718,#9714,#10119,.T.);
#10121=ORIENTED_EDGE('',*,*,#10114,.T.);
#10122=ORIENTED_EDGE('',*,*,#10116,.T.);
#10123=ORIENTED_EDGE('',*,*,#10120,.T.);
#10124=DIRECTION('',(0.0,0.0,-1.0));
#10125=AXIS2_PLACEMENT_3D('',#9713,#10124,#12);
#10126=PLANE('',#10125);
#10127=EDGE_LOOP('',(#10121,#10122,#10123));
#10128=FACE_BOUND('',#10127,.T.);
#10129=ADVANCED_FACE('',(#10128),#10126,.T.);
#10130=DIRECTION('',(-0.9664835906587944,-0.2567283953661609,0.0));
#10131=VECTOR('',#10130,1000.0);
#10132=LINE('',#9719,#10131);
#10133=EDGE_CURVE('',#9720,#9712,#10132,.T.);
#10134=DIRECTION('',(0.7701783367741813,0.6378286051626688,0.0));
#10135=VECTOR('',#10134,1000.0);
#10136=LINE('',#9711,#10135);
#10137=EDGE_CURVE('',#9712,#9722,#10136,.T.);
#10138=LINE('',#9721,#483);
#10139=EDGE_CURVE('',#9722,#9720,#10138,.T.);
#10140=ORIENTED_EDGE('',*,*,#10133,.T.);
#10141=ORIENTED_EDGE('',*,*,#10137,.T.);
#10142=ORIENTED_EDGE('',*,*,#10139,.T.);
#10143=AXIS2_PLACEMENT_3D('',#9719,#1054,#10130);
#10144=PLANE('',#10143);
#10145=EDGE_LOOP('',(#10140,#10141,#10142));
#10146=FACE_BOUND('',#10145,.T.);
#10147=ADVANCED_FACE('',(#10146),#10144,.T.);
#10148=LINE('',#9711,#504);
#10149=EDGE_CURVE('',#9712,#9724,#10148,.T.);
#10150=DIRECTION('',(0.2266688088598906,-0.9739718944045759,0.0));
#10151=VECTOR('',#10150,1000.0);
#10152=LINE('',#9723,#10151);
#10153=EDGE_CURVE('',#9724,#9722,#10152,.T.);
#10154=ORIENTED_EDGE('',*,*,#10137,.F.);
#10155=ORIENTED_EDGE('',*,*,#10149,.T.);
#10156=ORIENTED_EDGE('',*,*,#10153,.T.);
#10157=DIRECTION('',(-0.7701783367741813,-0.6378286051626688,0.0));
#10158=AXIS2_PLACEMENT_3D('',#9721,#1054,#10157);
#10159=PLANE('',#10158);
#10160=EDGE_LOOP('',(#10154,#10155,#10156));
#10161=FACE_BOUND('',#10160,.T.);
#10162=ADVANCED_FACE('',(#10161),#10159,.T.);
#10163=LINE('',#9725,#483);
#10164=EDGE_CURVE('',#9726,#9728,#10163,.T.);
#10165=DIRECTION('',(-0.7194063676557102,0.6945894313739716,0.0));
#10166=VECTOR('',#10165,1000.0);
#10167=LINE('',#9727,#10166);
#10168=EDGE_CURVE('',#9728,#9730,#10167,.T.);
#10169=LINE('',#9729,#720);
#10170=EDGE_CURVE('',#9730,#9726,#10169,.T.);
#10171=ORIENTED_EDGE('',*,*,#10164,.T.);
#10172=ORIENTED_EDGE('',*,*,#10168,.T.);
#10173=ORIENTED_EDGE('',*,*,#10170,.T.);
#10174=AXIS2_PLACEMENT_3D('',#9725,#950,#482);
#10175=PLANE('',#10174);
#10176=EDGE_LOOP('',(#10171,#10172,#10173));
#10177=FACE_BOUND('',#10176,.T.);
#10178=ADVANCED_FACE('',(#10177),#10175,.T.);
#10179=LINE('',#9727,#741);
#10180=EDGE_CURVE('',#9728,#9706,#10179,.T.);
#10181=DIRECTION('',(0.1414213562373095,0.9899494936611664,0.0));
#10182=VECTOR('',#10181,1000.0);
#10183=LINE('',#9705,#10182);
#10184=EDGE_CURVE('',#9706,#9730,#10183,.T.);
#10185=ORIENTED_EDGE('',*,*,#10168,.F.);
#10186=ORIENTED_EDGE('',*,*,#10180,.T.);
#10187=ORIENTED_EDGE('',*,*,#10184,.T.);
#10188=DIRECTION('',(0.7194063676557102,-0.6945894313739716,0.0));
#10189=AXIS2_PLACEMENT_3D('',#9729,#950,#10188);
#10190=PLANE('',#10189);
#10191=EDGE_LOOP('',(#10185,#10186,#10187));
#10192=FACE_BOUND('',#10191,.T.);
#10193=ADVANCED_FACE('',(#10192),#10190,.T.);
#10194=DIRECTION('',(0.1074806657251399,0.9942071748359497,0.0));
#10195=VECTOR('',#10194,1000.0);
#10196=LINE('',#9705,#10195);
#10197=EDGE_CURVE('',#9706,#9732,#10196,.T.);
#10198=LINE('',#9731,#483);
#10199=EDGE_CURVE('',#9732,#9730,#10198,.T.);
#10200=ORIENTED_EDGE('',*,*,#10184,.F.);
#10201=ORIENTED_EDGE('',*,*,#10197,.T.);
#10202=ORIENTED_EDGE('',*,*,#10199,.T.);
#10203=DIRECTION('',(-0.1414213562373095,-0.9899494936611664,0.0));
#10204=AXIS2_PLACEMENT_3D('',#9729,#1054,#10203);
#10205=PLANE('',#10204);
#10206=EDGE_LOOP('',(#10200,#10201,#10202));
#10207=FACE_BOUND('',#10206,.T.);
#10208=ADVANCED_FACE('',(#10207),#10205,.T.);
#10209=DIRECTION('',(0.9948724450205497,-0.10113761980011864,0.0));
#10210=VECTOR('',#10209,1000.0);
#10211=LINE('',#9733,#10210);
#10212=EDGE_CURVE('',#9734,#9736,#10211,.T.);
#10213=DIRECTION('',(-0.9999990625227342,0.0013692894701271322,0.0));
#10214=VECTOR('',#10213,1000.0);
#10215=LINE('',#9735,#10214);
#10216=EDGE_CURVE('',#9736,#9738,#10215,.T.);
#10217=LINE('',#9737,#3621);
#10218=EDGE_CURVE('',#9738,#9734,#10217,.T.);
#10219=ORIENTED_EDGE('',*,*,#10212,.T.);
#10220=ORIENTED_EDGE('',*,*,#10216,.T.);
#10221=ORIENTED_EDGE('',*,*,#10218,.T.);
#10222=AXIS2_PLACEMENT_3D('',#9733,#950,#10209);
#10223=PLANE('',#10222);
#10224=EDGE_LOOP('',(#10219,#10220,#10221));
#10225=FACE_BOUND('',#10224,.T.);
#10226=ADVANCED_FACE('',(#10225),#10223,.T.);
#10227=DIRECTION('',(-0.9999241726143768,-0.012314585719948501,0.0));
#10228=VECTOR('',#10227,1000.0);
#10229=LINE('',#9735,#10228);
#10230=EDGE_CURVE('',#9736,#9740,#10229,.T.);
#10231=LINE('',#9739,#3588);
#10232=EDGE_CURVE('',#9740,#9738,#10231,.T.);
#10233=ORIENTED_EDGE('',*,*,#10216,.F.);
#10234=ORIENTED_EDGE('',*,*,#10230,.T.);
#10235=ORIENTED_EDGE('',*,*,#10232,.T.);
#10236=DIRECTION('',(0.9999990625227342,-0.0013692894701271322,0.0));
#10237=AXIS2_PLACEMENT_3D('',#9737,#1100,#10236);
#10238=PLANE('',#10237);
#10239=EDGE_LOOP('',(#10233,#10234,#10235));
#10240=FACE_BOUND('',#10239,.T.);
#10241=ADVANCED_FACE('',(#10240),#10238,.T.);
#10242=LINE('',#9717,#741);
#10243=EDGE_CURVE('',#9718,#9732,#10242,.T.);
#10244=DIRECTION('',(-0.07387056988718066,0.9972678370952025,0.0));
#10245=VECTOR('',#10244,1000.0);
#10246=LINE('',#9731,#10245);
#10247=EDGE_CURVE('',#9732,#9714,#10246,.T.);
#10248=ORIENTED_EDGE('',*,*,#10243,.T.);
#10249=ORIENTED_EDGE('',*,*,#10247,.T.);
#10250=ORIENTED_EDGE('',*,*,#10120,.F.);
#10251=DIRECTION('',(0.0,0.0,-1.0));
#10252=AXIS2_PLACEMENT_3D('',#9717,#10251,#740);
#10253=PLANE('',#10252);
#10254=EDGE_LOOP('',(#10248,#10249,#10250));
#10255=FACE_BOUND('',#10254,.T.);
#10256=ADVANCED_FACE('',(#10255),#10253,.T.);
#10257=DIRECTION('',(0.03123435257400773,0.9995120885808649,0.0));
#10258=VECTOR('',#10257,1000.0);
#10259=LINE('',#9705,#10258);
#10260=EDGE_CURVE('',#9706,#9714,#10259,.T.);
#10261=ORIENTED_EDGE('',*,*,#10247,.F.);
#10262=ORIENTED_EDGE('',*,*,#10197,.F.);
#10263=ORIENTED_EDGE('',*,*,#10260,.T.);
#10264=DIRECTION('',(0.07387056988718066,-0.9972678370952025,0.0));
#10265=AXIS2_PLACEMENT_3D('',#9713,#1100,#10264);
#10266=PLANE('',#10265);
#10267=EDGE_LOOP('',(#10261,#10262,#10263));
#10268=FACE_BOUND('',#10267,.T.);
#10269=ADVANCED_FACE('',(#10268),#10266,.T.);
#10270=DIRECTION('',(0.027386830029262465,0.9996249104243793,0.0));
#10271=VECTOR('',#10270,1000.0);
#10272=LINE('',#9705,#10271);
#10273=EDGE_CURVE('',#9706,#9742,#10272,.T.);
#10274=LINE('',#9741,#483);
#10275=EDGE_CURVE('',#9742,#9714,#10274,.T.);
#10276=ORIENTED_EDGE('',*,*,#10260,.F.);
#10277=ORIENTED_EDGE('',*,*,#10273,.T.);
#10278=ORIENTED_EDGE('',*,*,#10275,.T.);
#10279=DIRECTION('',(-0.03123435257400773,-0.9995120885808649,0.0));
#10280=AXIS2_PLACEMENT_3D('',#9713,#1054,#10279);
#10281=PLANE('',#10280);
#10282=EDGE_LOOP('',(#10276,#10277,#10278));
#10283=FACE_BOUND('',#10282,.T.);
#10284=ADVANCED_FACE('',(#10283),#10281,.T.);
#10285=DIRECTION('',(0.02006375812919513,-0.9997987025445337,0.0));
#10286=VECTOR('',#10285,1000.0);
#10287=LINE('',#9703,#10286);
#10288=EDGE_CURVE('',#9704,#9742,#10287,.T.);
#10289=ORIENTED_EDGE('',*,*,#10273,.F.);
#10290=ORIENTED_EDGE('',*,*,#10066,.F.);
#10291=ORIENTED_EDGE('',*,*,#10288,.T.);
#10292=DIRECTION('',(-0.027386830029262465,-0.9996249104243793,0.0));
#10293=AXIS2_PLACEMENT_3D('',#9741,#1054,#10292);
#10294=PLANE('',#10293);
#10295=EDGE_LOOP('',(#10289,#10290,#10291));
#10296=FACE_BOUND('',#10295,.T.);
#10297=ADVANCED_FACE('',(#10296),#10294,.T.);
#10298=LINE('',#9703,#1964);
#10299=EDGE_CURVE('',#9704,#9724,#10298,.T.);
#10300=LINE('',#9723,#741);
#10301=EDGE_CURVE('',#9724,#9742,#10300,.T.);
#10302=ORIENTED_EDGE('',*,*,#10288,.F.);
#10303=ORIENTED_EDGE('',*,*,#10299,.T.);
#10304=ORIENTED_EDGE('',*,*,#10301,.T.);
#10305=DIRECTION('',(0.0,0.0,-1.0));
#10306=DIRECTION('',(-0.02006375812919513,0.9997987025445337,0.0));
#10307=AXIS2_PLACEMENT_3D('',#9741,#10305,#10306);
#10308=PLANE('',#10307);
#10309=EDGE_LOOP('',(#10302,#10303,#10304));
#10310=FACE_BOUND('',#10309,.T.);
#10311=ADVANCED_FACE('',(#10310),#10308,.T.);
#10312=LINE('',#9743,#3982);
#10313=EDGE_CURVE('',#9744,#9746,#10312,.T.);
#10314=DIRECTION('',(0.9589892653420313,0.2834423908993697,0.0));
#10315=VECTOR('',#10314,1000.0);
#10316=LINE('',#9745,#10315);
#10317=EDGE_CURVE('',#9746,#9748,#10316,.T.);
#10318=DIRECTION('',(-0.8907494661029617,-0.45449465193474897,0.0));
#10319=VECTOR('',#10318,1000.0);
#10320=LINE('',#9747,#10319);
#10321=EDGE_CURVE('',#9748,#9744,#10320,.T.);
#10322=ORIENTED_EDGE('',*,*,#10313,.T.);
#10323=ORIENTED_EDGE('',*,*,#10317,.T.);
#10324=ORIENTED_EDGE('',*,*,#10321,.T.);
#10325=DIRECTION('',(0.0,0.0,-1.0));
#10326=AXIS2_PLACEMENT_3D('',#9743,#10325,#3981);
#10327=PLANE('',#10326);
#10328=EDGE_LOOP('',(#10322,#10323,#10324));
#10329=FACE_BOUND('',#10328,.T.);
#10330=ADVANCED_FACE('',(#10329),#10327,.T.);
#10331=LINE('',#9749,#4416);
#10332=EDGE_CURVE('',#9750,#9752,#10331,.T.);
#10333=DIRECTION('',(-0.47963863157524084,-0.8774661150726165,0.0));
#10334=VECTOR('',#10333,1000.0);
#10335=LINE('',#9751,#10334);
#10336=EDGE_CURVE('',#9752,#9754,#10335,.T.);
#10337=DIRECTION('',(0.39150832833084726,0.9201745643341732,0.0));
#10338=VECTOR('',#10337,1000.0);
#10339=LINE('',#9753,#10338);
#10340=EDGE_CURVE('',#9754,#9750,#10339,.T.);
#10341=ORIENTED_EDGE('',*,*,#10332,.T.);
#10342=ORIENTED_EDGE('',*,*,#10336,.T.);
#10343=ORIENTED_EDGE('',*,*,#10340,.T.);
#10344=AXIS2_PLACEMENT_3D('',#9749,#1100,#4415);
#10345=PLANE('',#10344);
#10346=EDGE_LOOP('',(#10341,#10342,#10343));
#10347=FACE_BOUND('',#10346,.T.);
#10348=ADVANCED_FACE('',(#10347),#10345,.T.);
#10349=LINE('',#9751,#4384);
#10350=EDGE_CURVE('',#9752,#9756,#10349,.T.);
#10351=DIRECTION('',(-0.5670684680619856,-0.8236706578055533,0.0));
#10352=VECTOR('',#10351,1000.0);
#10353=LINE('',#9755,#10352);
#10354=EDGE_CURVE('',#9756,#9754,#10353,.T.);
#10355=ORIENTED_EDGE('',*,*,#10336,.F.);
#10356=ORIENTED_EDGE('',*,*,#10350,.T.);
#10357=ORIENTED_EDGE('',*,*,#10354,.T.);
#10358=DIRECTION('',(0.0,0.0,-1.0));
#10359=DIRECTION('',(0.47963863157524084,0.8774661150726165,0.0));
#10360=AXIS2_PLACEMENT_3D('',#9753,#10358,#10359);
#10361=PLANE('',#10360);
#10362=EDGE_LOOP('',(#10355,#10356,#10357));
#10363=FACE_BOUND('',#10362,.T.);
#10364=ADVANCED_FACE('',(#10363),#10361,.T.);
#10365=LINE('',#9755,#4350);
#10366=EDGE_CURVE('',#9756,#9758,#10365,.T.);
#10367=DIRECTION('',(-0.6545023255310639,-0.7560599882776692,0.0));
#10368=VECTOR('',#10367,1000.0);
#10369=LINE('',#9757,#10368);
#10370=EDGE_CURVE('',#9758,#9754,#10369,.T.);
#10371=ORIENTED_EDGE('',*,*,#10354,.F.);
#10372=ORIENTED_EDGE('',*,*,#10366,.T.);
#10373=ORIENTED_EDGE('',*,*,#10370,.T.);
#10374=DIRECTION('',(0.0,0.0,-1.0));
#10375=DIRECTION('',(0.5670684680619856,0.8236706578055533,0.0));
#10376=AXIS2_PLACEMENT_3D('',#9753,#10374,#10375);
#10377=PLANE('',#10376);
#10378=EDGE_LOOP('',(#10371,#10372,#10373));
#10379=FACE_BOUND('',#10378,.T.);
#10380=ADVANCED_FACE('',(#10379),#10377,.T.);
#10381=LINE('',#9759,#4682);
#10382=EDGE_CURVE('',#9760,#9762,#10381,.T.);
#10383=DIRECTION('',(-0.9302657044988921,-0.36688652064797894,0.0));
#10384=VECTOR('',#10383,1000.0);
#10385=LINE('',#9761,#10384);
#10386=EDGE_CURVE('',#9762,#9754,#10385,.T.);
#10387=DIRECTION('',(0.8685743963812926,0.4955587936369138,0.0));
#10388=VECTOR('',#10387,1000.0);
#10389=LINE('',#9753,#10388);
#10390=EDGE_CURVE('',#9754,#9760,#10389,.T.);
#10391=ORIENTED_EDGE('',*,*,#10382,.T.);
#10392=ORIENTED_EDGE('',*,*,#10386,.T.);
#10393=ORIENTED_EDGE('',*,*,#10390,.T.);
#10394=DIRECTION('',(0.0,0.0,-1.0));
#10395=AXIS2_PLACEMENT_3D('',#9759,#10394,#4681);
#10396=PLANE('',#10395);
#10397=EDGE_LOOP('',(#10391,#10392,#10393));
#10398=FACE_BOUND('',#10397,.T.);
#10399=ADVANCED_FACE('',(#10398),#10396,.T.);
#10400=LINE('',#9761,#4651);
#10401=EDGE_CURVE('',#9762,#9764,#10400,.T.);
#10402=DIRECTION('',(-0.9681534783485494,-0.25035742921192694,0.0));
#10403=VECTOR('',#10402,1000.0);
#10404=LINE('',#9763,#10403);
#10405=EDGE_CURVE('',#9764,#9754,#10404,.T.);
#10406=ORIENTED_EDGE('',*,*,#10386,.F.);
#10407=ORIENTED_EDGE('',*,*,#10401,.T.);
#10408=ORIENTED_EDGE('',*,*,#10405,.T.);
#10409=DIRECTION('',(0.9302657044988921,0.36688652064797894,0.0));
#10410=AXIS2_PLACEMENT_3D('',#9753,#1100,#10409);
#10411=PLANE('',#10410);
#10412=EDGE_LOOP('',(#10406,#10407,#10408));
#10413=FACE_BOUND('',#10412,.T.);
#10414=ADVANCED_FACE('',(#10413),#10411,.T.);
#10415=LINE('',#9765,#4486);
#10416=EDGE_CURVE('',#9766,#9768,#10415,.T.);
#10417=DIRECTION('',(0.9757247044403466,0.2190006875441223,0.0));
#10418=VECTOR('',#10417,1000.0);
#10419=LINE('',#9767,#10418);
#10420=EDGE_CURVE('',#9768,#9770,#10419,.T.);
#10421=LINE('',#9769,#4519);
#10422=EDGE_CURVE('',#9770,#9766,#10421,.T.);
#10423=ORIENTED_EDGE('',*,*,#10416,.T.);
#10424=ORIENTED_EDGE('',*,*,#10420,.T.);
#10425=ORIENTED_EDGE('',*,*,#10422,.T.);
#10426=AXIS2_PLACEMENT_3D('',#9765,#1054,#4485);
#10427=PLANE('',#10426);
#10428=EDGE_LOOP('',(#10423,#10424,#10425));
#10429=FACE_BOUND('',#10428,.T.);
#10430=ADVANCED_FACE('',(#10429),#10427,.T.);
#10431=DIRECTION('',(0.9451060241237056,0.32676383393068714,0.0));
#10432=VECTOR('',#10431,1000.0);
#10433=LINE('',#9767,#10432);
#10434=EDGE_CURVE('',#9768,#9772,#10433,.T.);
#10435=LINE('',#9771,#4552);
#10436=EDGE_CURVE('',#9772,#9770,#10435,.T.);
#10437=ORIENTED_EDGE('',*,*,#10420,.F.);
#10438=ORIENTED_EDGE('',*,*,#10434,.T.);
#10439=ORIENTED_EDGE('',*,*,#10436,.T.);
#10440=DIRECTION('',(-0.9757247044403466,-0.2190006875441223,0.0));
#10441=AXIS2_PLACEMENT_3D('',#9769,#1054,#10440);
#10442=PLANE('',#10441);
#10443=EDGE_LOOP('',(#10437,#10438,#10439));
#10444=FACE_BOUND('',#10443,.T.);
#10445=ADVANCED_FACE('',(#10444),#10442,.T.);
#10446=LINE('',#9763,#4618);
#10447=EDGE_CURVE('',#9764,#9774,#10446,.T.);
#10448=DIRECTION('',(-0.9897467531816421,-0.14283334542885162,0.0));
#10449=VECTOR('',#10448,1000.0);
#10450=LINE('',#9773,#10449);
#10451=EDGE_CURVE('',#9774,#9754,#10450,.T.);
#10452=ORIENTED_EDGE('',*,*,#10447,.T.);
#10453=ORIENTED_EDGE('',*,*,#10451,.T.);
#10454=ORIENTED_EDGE('',*,*,#10405,.F.);
#10455=DIRECTION('',(0.0,0.0,-1.0));
#10456=AXIS2_PLACEMENT_3D('',#9763,#10455,#4617);
#10457=PLANE('',#10456);
#10458=EDGE_LOOP('',(#10452,#10453,#10454));
#10459=FACE_BOUND('',#10458,.T.);
#10460=ADVANCED_FACE('',(#10459),#10457,.T.);
#10461=LINE('',#9773,#4585);
#10462=EDGE_CURVE('',#9774,#9772,#10461,.T.);
#10463=DIRECTION('',(-0.9986155801657667,-0.05260154988390861,0.0));
#10464=VECTOR('',#10463,1000.0);
#10465=LINE('',#9771,#10464);
#10466=EDGE_CURVE('',#9772,#9754,#10465,.T.);
#10467=ORIENTED_EDGE('',*,*,#10451,.F.);
#10468=ORIENTED_EDGE('',*,*,#10462,.T.);
#10469=ORIENTED_EDGE('',*,*,#10466,.T.);
#10470=DIRECTION('',(0.9897467531816421,0.14283334542885162,0.0));
#10471=AXIS2_PLACEMENT_3D('',#9753,#1100,#10470);
#10472=PLANE('',#10471);
#10473=EDGE_LOOP('',(#10467,#10468,#10469));
#10474=FACE_BOUND('',#10473,.T.);
#10475=ADVANCED_FACE('',(#10474),#10472,.T.);
#10476=DIRECTION('',(-0.9846210670324518,-0.17470361861128197,0.0));
#10477=VECTOR('',#10476,1000.0);
#10478=LINE('',#9771,#10477);
#10479=EDGE_CURVE('',#9772,#9776,#10478,.T.);
#10480=LINE('',#9775,#4749);
#10481=EDGE_CURVE('',#9776,#9754,#10480,.T.);
#10482=ORIENTED_EDGE('',*,*,#10466,.F.);
#10483=ORIENTED_EDGE('',*,*,#10479,.T.);
#10484=ORIENTED_EDGE('',*,*,#10481,.T.);
#10485=DIRECTION('',(0.9986155801657667,0.05260154988390861,0.0));
#10486=AXIS2_PLACEMENT_3D('',#9753,#1100,#10485);
#10487=PLANE('',#10486);
#10488=EDGE_LOOP('',(#10482,#10483,#10484));
#10489=FACE_BOUND('',#10488,.T.);
#10490=ADVANCED_FACE('',(#10489),#10487,.T.);
#10491=LINE('',#9767,#4781);
#10492=EDGE_CURVE('',#9768,#9776,#10491,.T.);
#10493=ORIENTED_EDGE('',*,*,#10479,.F.);
#10494=ORIENTED_EDGE('',*,*,#10434,.F.);
#10495=ORIENTED_EDGE('',*,*,#10492,.T.);
#10496=DIRECTION('',(0.9846210670324518,0.17470361861128197,0.0));
#10497=AXIS2_PLACEMENT_3D('',#9775,#1100,#10496);
#10498=PLANE('',#10497);
#10499=EDGE_LOOP('',(#10493,#10494,#10495));
#10500=FACE_BOUND('',#10499,.T.);
#10501=ADVANCED_FACE('',(#10500),#10498,.T.);
#10502=LINE('',#9757,#4316);
#10503=EDGE_CURVE('',#9758,#9778,#10502,.T.);
#10504=DIRECTION('',(-0.7313932655044896,-0.681955930522405,0.0));
#10505=VECTOR('',#10504,1000.0);
#10506=LINE('',#9777,#10505);
#10507=EDGE_CURVE('',#9778,#9754,#10506,.T.);
#10508=ORIENTED_EDGE('',*,*,#10503,.T.);
#10509=ORIENTED_EDGE('',*,*,#10507,.T.);
#10510=ORIENTED_EDGE('',*,*,#10370,.F.);
#10511=AXIS2_PLACEMENT_3D('',#9757,#1100,#4315);
#10512=PLANE('',#10511);
#10513=EDGE_LOOP('',(#10508,#10509,#10510));
#10514=FACE_BOUND('',#10513,.T.);
#10515=ADVANCED_FACE('',(#10514),#10512,.T.);
#10516=LINE('',#9777,#2091);
#10517=EDGE_CURVE('',#9778,#9780,#10516,.T.);
#10518=DIRECTION('',(-0.8162613268400175,-0.5776828250046682,0.0));
#10519=VECTOR('',#10518,1000.0);
#10520=LINE('',#9779,#10519);
#10521=EDGE_CURVE('',#9780,#9754,#10520,.T.);
#10522=ORIENTED_EDGE('',*,*,#10507,.F.);
#10523=ORIENTED_EDGE('',*,*,#10517,.T.);
#10524=ORIENTED_EDGE('',*,*,#10521,.T.);
#10525=DIRECTION('',(0.0,0.0,-1.0));
#10526=DIRECTION('',(0.7313932655044896,0.681955930522405,0.0));
#10527=AXIS2_PLACEMENT_3D('',#9753,#10525,#10526);
#10528=PLANE('',#10527);
#10529=EDGE_LOOP('',(#10522,#10523,#10524));
#10530=FACE_BOUND('',#10529,.T.);
#10531=ADVANCED_FACE('',(#10530),#10528,.T.);
#10532=LINE('',#9779,#4251);
#10533=EDGE_CURVE('',#9780,#9760,#10532,.T.);
#10534=ORIENTED_EDGE('',*,*,#10521,.F.);
#10535=ORIENTED_EDGE('',*,*,#10533,.T.);
#10536=ORIENTED_EDGE('',*,*,#10390,.F.);
#10537=DIRECTION('',(0.0,0.0,-1.0));
#10538=DIRECTION('',(0.8162613268400175,0.5776828250046682,0.0));
#10539=AXIS2_PLACEMENT_3D('',#9753,#10537,#10538);
#10540=PLANE('',#10539);
#10541=EDGE_LOOP('',(#10534,#10535,#10536));
#10542=FACE_BOUND('',#10541,.T.);
#10543=ADVANCED_FACE('',(#10542),#10540,.T.);
#10544=LINE('',#9745,#3948);
#10545=EDGE_CURVE('',#9746,#9782,#10544,.T.);
#10546=DIRECTION('',(0.9922918719214453,0.12392272155918031,0.0));
#10547=VECTOR('',#10546,1000.0);
#10548=LINE('',#9781,#10547);
#10549=EDGE_CURVE('',#9782,#9748,#10548,.T.);
#10550=ORIENTED_EDGE('',*,*,#10545,.T.);
#10551=ORIENTED_EDGE('',*,*,#10549,.T.);
#10552=ORIENTED_EDGE('',*,*,#10317,.F.);
#10553=DIRECTION('',(0.0,0.0,-1.0));
#10554=AXIS2_PLACEMENT_3D('',#9745,#10553,#3947);
#10555=PLANE('',#10554);
#10556=EDGE_LOOP('',(#10550,#10551,#10552));
#10557=FACE_BOUND('',#10556,.T.);
#10558=ADVANCED_FACE('',(#10557),#10555,.T.);
#10559=DIRECTION('',(-0.2173260646947298,0.9760990634173881,0.0));
#10560=VECTOR('',#10559,1000.0);
#10561=LINE('',#9781,#10560);
#10562=EDGE_CURVE('',#9782,#9704,#10561,.T.);
#10563=DIRECTION('',(0.317765946506575,-0.9481691849247055,0.0));
#10564=VECTOR('',#10563,1000.0);
#10565=LINE('',#9703,#10564);
#10566=EDGE_CURVE('',#9704,#9748,#10565,.T.);
#10567=ORIENTED_EDGE('',*,*,#10549,.F.);
#10568=ORIENTED_EDGE('',*,*,#10562,.T.);
#10569=ORIENTED_EDGE('',*,*,#10566,.T.);
#10570=DIRECTION('',(-0.9922918719214453,-0.12392272155918031,0.0));
#10571=AXIS2_PLACEMENT_3D('',#9747,#1054,#10570);
#10572=PLANE('',#10571);
#10573=EDGE_LOOP('',(#10567,#10568,#10569));
#10574=FACE_BOUND('',#10573,.T.);
#10575=ADVANCED_FACE('',(#10574),#10572,.T.);
#10576=VECTOR('',#1213,1000.0);
#10577=LINE('',#9703,#10576);
#10578=EDGE_CURVE('',#9704,#9784,#10577,.T.);
#10579=LINE('',#9783,#741);
#10580=EDGE_CURVE('',#9784,#9748,#10579,.T.);
#10581=ORIENTED_EDGE('',*,*,#10566,.F.);
#10582=ORIENTED_EDGE('',*,*,#10578,.T.);
#10583=ORIENTED_EDGE('',*,*,#10580,.T.);
#10584=DIRECTION('',(0.0,0.0,-1.0));
#10585=DIRECTION('',(-0.317765946506575,0.9481691849247055,0.0));
#10586=AXIS2_PLACEMENT_3D('',#9747,#10584,#10585);
#10587=PLANE('',#10586);
#10588=EDGE_LOOP('',(#10581,#10582,#10583));
#10589=FACE_BOUND('',#10588,.T.);
#10590=ADVANCED_FACE('',(#10589),#10587,.T.);
#10591=LINE('',#9703,#720);
#10592=EDGE_CURVE('',#9704,#9786,#10591,.T.);
#10593=DIRECTION('',(-0.5029933593812459,-0.8642902755546708,0.0));
#10594=VECTOR('',#10593,1000.0);
#10595=LINE('',#9785,#10594);
#10596=EDGE_CURVE('',#9786,#9784,#10595,.T.);
#10597=ORIENTED_EDGE('',*,*,#10578,.F.);
#10598=ORIENTED_EDGE('',*,*,#10592,.T.);
#10599=ORIENTED_EDGE('',*,*,#10596,.T.);
#10600=DIRECTION('',(0.0,0.0,-1.0));
#10601=AXIS2_PLACEMENT_3D('',#9783,#10600,#977);
#10602=PLANE('',#10601);
#10603=EDGE_LOOP('',(#10597,#10598,#10599));
#10604=FACE_BOUND('',#10603,.T.);
#10605=ADVANCED_FACE('',(#10604),#10602,.T.);
#10606=DIRECTION('',(-0.4470255021908486,-0.8945212129351765,0.0));
#10607=VECTOR('',#10606,1000.0);
#10608=LINE('',#9785,#10607);
#10609=EDGE_CURVE('',#9786,#9788,#10608,.T.);
#10610=LINE('',#9787,#504);
#10611=EDGE_CURVE('',#9788,#9784,#10610,.T.);
#10612=ORIENTED_EDGE('',*,*,#10596,.F.);
#10613=ORIENTED_EDGE('',*,*,#10609,.T.);
#10614=ORIENTED_EDGE('',*,*,#10611,.T.);
#10615=DIRECTION('',(0.5029933593812459,0.8642902755546708,0.0));
#10616=AXIS2_PLACEMENT_3D('',#9783,#1100,#10615);
#10617=PLANE('',#10616);
#10618=EDGE_LOOP('',(#10612,#10613,#10614));
#10619=FACE_BOUND('',#10618,.T.);
#10620=ADVANCED_FACE('',(#10619),#10617,.T.);
#10621=LINE('',#9785,#483);
#10622=EDGE_CURVE('',#9786,#9790,#10621,.T.);
#10623=DIRECTION('',(-0.9999985124921161,0.0017248227603996794,0.0));
#10624=VECTOR('',#10623,1000.0);
#10625=LINE('',#9789,#10624);
#10626=EDGE_CURVE('',#9790,#9788,#10625,.T.);
#10627=ORIENTED_EDGE('',*,*,#10609,.F.);
#10628=ORIENTED_EDGE('',*,*,#10622,.T.);
#10629=ORIENTED_EDGE('',*,*,#10626,.T.);
#10630=DIRECTION('',(0.0,0.0,-1.0));
#10631=DIRECTION('',(0.4470255021908486,0.8945212129351765,0.0));
#10632=AXIS2_PLACEMENT_3D('',#9787,#10630,#10631);
#10633=PLANE('',#10632);
#10634=EDGE_LOOP('',(#10627,#10628,#10629));
#10635=FACE_BOUND('',#10634,.T.);
#10636=ADVANCED_FACE('',(#10635),#10633,.T.);
#10637=LINE('',#9733,#3655);
#10638=EDGE_CURVE('',#9734,#9792,#10637,.T.);
#10639=DIRECTION('',(0.947778474811989,-0.31892940078183474,0.0));
#10640=VECTOR('',#10639,1000.0);
#10641=LINE('',#9791,#10640);
#10642=EDGE_CURVE('',#9792,#9736,#10641,.T.);
#10643=ORIENTED_EDGE('',*,*,#10638,.T.);
#10644=ORIENTED_EDGE('',*,*,#10642,.T.);
#10645=ORIENTED_EDGE('',*,*,#10212,.F.);
#10646=DIRECTION('',(0.0,0.0,-1.0));
#10647=AXIS2_PLACEMENT_3D('',#9733,#10646,#3654);
#10648=PLANE('',#10647);
#10649=EDGE_LOOP('',(#10643,#10644,#10645));
#10650=FACE_BOUND('',#10649,.T.);
#10651=ADVANCED_FACE('',(#10650),#10648,.T.);
#10652=LINE('',#9791,#3689);
#10653=EDGE_CURVE('',#9792,#9794,#10652,.T.);
#10654=DIRECTION('',(0.735411576602976,-0.6776206999482272,0.0));
#10655=VECTOR('',#10654,1000.0);
#10656=LINE('',#9793,#10655);
#10657=EDGE_CURVE('',#9794,#9736,#10656,.T.);
#10658=ORIENTED_EDGE('',*,*,#10642,.F.);
#10659=ORIENTED_EDGE('',*,*,#10653,.T.);
#10660=ORIENTED_EDGE('',*,*,#10657,.T.);
#10661=DIRECTION('',(0.0,0.0,-1.0));
#10662=DIRECTION('',(-0.947778474811989,0.31892940078183474,0.0));
#10663=AXIS2_PLACEMENT_3D('',#9735,#10661,#10662);
#10664=PLANE('',#10663);
#10665=EDGE_LOOP('',(#10658,#10659,#10660));
#10666=FACE_BOUND('',#10665,.T.);
#10667=ADVANCED_FACE('',(#10666),#10664,.T.);
#10668=DIRECTION('',(0.9561779109208322,-0.29278627472453916,0.0));
#10669=VECTOR('',#10668,1000.0);
#10670=LINE('',#9793,#10669);
#10671=EDGE_CURVE('',#9794,#9796,#10670,.T.);
#10672=LINE('',#9795,#483);
#10673=EDGE_CURVE('',#9796,#9736,#10672,.T.);
#10674=ORIENTED_EDGE('',*,*,#10657,.F.);
#10675=ORIENTED_EDGE('',*,*,#10671,.T.);
#10676=ORIENTED_EDGE('',*,*,#10673,.T.);
#10677=DIRECTION('',(0.0,0.0,-1.0));
#10678=DIRECTION('',(-0.735411576602976,0.6776206999482272,0.0));
#10679=AXIS2_PLACEMENT_3D('',#9735,#10677,#10678);
#10680=PLANE('',#10679);
#10681=EDGE_LOOP('',(#10674,#10675,#10676));
#10682=FACE_BOUND('',#10681,.T.);
#10683=ADVANCED_FACE('',(#10682),#10680,.T.);
#10684=LINE('',#9793,#3723);
#10685=EDGE_CURVE('',#9794,#9798,#10684,.T.);
#10686=DIRECTION('',(0.6412826643883083,-0.7673047271814716,0.0));
#10687=VECTOR('',#10686,1000.0);
#10688=LINE('',#9797,#10687);
#10689=EDGE_CURVE('',#9798,#9796,#10688,.T.);
#10690=ORIENTED_EDGE('',*,*,#10671,.F.);
#10691=ORIENTED_EDGE('',*,*,#10685,.T.);
#10692=ORIENTED_EDGE('',*,*,#10689,.T.);
#10693=DIRECTION('',(0.0,0.0,-1.0));
#10694=DIRECTION('',(-0.9561779109208322,0.29278627472453916,0.0));
#10695=AXIS2_PLACEMENT_3D('',#9795,#10693,#10694);
#10696=PLANE('',#10695);
#10697=EDGE_LOOP('',(#10690,#10691,#10692));
#10698=FACE_BOUND('',#10697,.T.);
#10699=ADVANCED_FACE('',(#10698),#10696,.T.);
#10700=DIRECTION('',(0.9584707997760463,-0.2851906835376399,0.0));
#10701=VECTOR('',#10700,1000.0);
#10702=LINE('',#9797,#10701);
#10703=EDGE_CURVE('',#9798,#9800,#10702,.T.);
#10704=LINE('',#9799,#741);
#10705=EDGE_CURVE('',#9800,#9796,#10704,.T.);
#10706=ORIENTED_EDGE('',*,*,#10689,.F.);
#10707=ORIENTED_EDGE('',*,*,#10703,.T.);
#10708=ORIENTED_EDGE('',*,*,#10705,.T.);
#10709=DIRECTION('',(0.0,0.0,-1.0));
#10710=DIRECTION('',(-0.6412826643883083,0.7673047271814716,0.0));
#10711=AXIS2_PLACEMENT_3D('',#9795,#10709,#10710);
#10712=PLANE('',#10711);
#10713=EDGE_LOOP('',(#10706,#10707,#10708));
#10714=FACE_BOUND('',#10713,.T.);
#10715=ADVANCED_FACE('',(#10714),#10712,.T.);
#10716=LINE('',#9797,#3757);
#10717=EDGE_CURVE('',#9798,#9802,#10716,.T.);
#10718=VECTOR('',#1559,1000.0);
#10719=LINE('',#9801,#10718);
#10720=EDGE_CURVE('',#9802,#9800,#10719,.T.);
#10721=ORIENTED_EDGE('',*,*,#10717,.T.);
#10722=ORIENTED_EDGE('',*,*,#10720,.T.);
#10723=ORIENTED_EDGE('',*,*,#10703,.F.);
#10724=DIRECTION('',(0.0,0.0,-1.0));
#10725=AXIS2_PLACEMENT_3D('',#9797,#10724,#3756);
#10726=PLANE('',#10725);
#10727=EDGE_LOOP('',(#10721,#10722,#10723));
#10728=FACE_BOUND('',#10727,.T.);
#10729=ADVANCED_FACE('',(#10728),#10726,.T.);
#10730=LINE('',#9801,#3791);
#10731=EDGE_CURVE('',#9802,#9804,#10730,.T.);
#10732=DIRECTION('',(0.78033954753731,-0.6253560510215489,0.0));
#10733=VECTOR('',#10732,1000.0);
#10734=LINE('',#9803,#10733);
#10735=EDGE_CURVE('',#9804,#9800,#10734,.T.);
#10736=ORIENTED_EDGE('',*,*,#10720,.F.);
#10737=ORIENTED_EDGE('',*,*,#10731,.T.);
#10738=ORIENTED_EDGE('',*,*,#10735,.T.);
#10739=DIRECTION('',(0.0,0.0,-1.0));
#10740=DIRECTION('',(-0.8798265436641537,0.47529491167483495,0.0));
#10741=AXIS2_PLACEMENT_3D('',#9799,#10739,#10740);
#10742=PLANE('',#10741);
#10743=EDGE_LOOP('',(#10736,#10737,#10738));
#10744=FACE_BOUND('',#10743,.T.);
#10745=ADVANCED_FACE('',(#10744),#10742,.T.);
#10746=VECTOR('',#5123,1000.0);
#10747=LINE('',#9803,#10746);
#10748=EDGE_CURVE('',#9804,#9748,#10747,.T.);
#10749=LINE('',#9747,#483);
#10750=EDGE_CURVE('',#9748,#9800,#10749,.T.);
#10751=ORIENTED_EDGE('',*,*,#10735,.F.);
#10752=ORIENTED_EDGE('',*,*,#10748,.T.);
#10753=ORIENTED_EDGE('',*,*,#10750,.T.);
#10754=DIRECTION('',(0.0,0.0,-1.0));
#10755=DIRECTION('',(-0.78033954753731,0.6253560510215489,0.0));
#10756=AXIS2_PLACEMENT_3D('',#9799,#10754,#10755);
#10757=PLANE('',#10756);
#10758=EDGE_LOOP('',(#10751,#10752,#10753));
#10759=FACE_BOUND('',#10758,.T.);
#10760=ADVANCED_FACE('',(#10759),#10757,.T.);
#10761=LINE('',#9803,#4048);
#10762=EDGE_CURVE('',#9804,#9806,#10761,.T.);
#10763=DIRECTION('',(0.7852986703193999,0.6191171120188671,0.0));
#10764=VECTOR('',#10763,1000.0);
#10765=LINE('',#9805,#10764);
#10766=EDGE_CURVE('',#9806,#9748,#10765,.T.);
#10767=ORIENTED_EDGE('',*,*,#10748,.F.);
#10768=ORIENTED_EDGE('',*,*,#10762,.T.);
#10769=ORIENTED_EDGE('',*,*,#10766,.T.);
#10770=AXIS2_PLACEMENT_3D('',#9747,#1054,#5102);
#10771=PLANE('',#10770);
#10772=EDGE_LOOP('',(#10767,#10768,#10769));
#10773=FACE_BOUND('',#10772,.T.);
#10774=ADVANCED_FACE('',(#10773),#10771,.T.);
#10775=LINE('',#9805,#4016);
#10776=EDGE_CURVE('',#9806,#9744,#10775,.T.);
#10777=ORIENTED_EDGE('',*,*,#10766,.F.);
#10778=ORIENTED_EDGE('',*,*,#10776,.T.);
#10779=ORIENTED_EDGE('',*,*,#10321,.F.);
#10780=DIRECTION('',(-0.7852986703193999,-0.6191171120188671,0.0));
#10781=AXIS2_PLACEMENT_3D('',#9747,#1054,#10780);
#10782=PLANE('',#10781);
#10783=EDGE_LOOP('',(#10777,#10778,#10779));
#10784=FACE_BOUND('',#10783,.T.);
#10785=ADVANCED_FACE('',(#10784),#10782,.T.);
#10786=LINE('',#9781,#3914);
#10787=EDGE_CURVE('',#9782,#9808,#10786,.T.);
#10788=DIRECTION('',(-0.20465865162429162,0.9788334058027068,0.0));
#10789=VECTOR('',#10788,1000.0);
#10790=LINE('',#9807,#10789);
#10791=EDGE_CURVE('',#9808,#9704,#10790,.T.);
#10792=ORIENTED_EDGE('',*,*,#10787,.T.);
#10793=ORIENTED_EDGE('',*,*,#10791,.T.);
#10794=ORIENTED_EDGE('',*,*,#10562,.F.);
#10795=DIRECTION('',(0.0,0.0,-1.0));
#10796=AXIS2_PLACEMENT_3D('',#9781,#10795,#3913);
#10797=PLANE('',#10796);
#10798=EDGE_LOOP('',(#10792,#10793,#10794));
#10799=FACE_BOUND('',#10798,.T.);
#10800=ADVANCED_FACE('',(#10799),#10797,.T.);
#10801=LINE('',#9807,#3880);
#10802=EDGE_CURVE('',#9808,#9810,#10801,.T.);
#10803=VECTOR('',#5015,1000.0);
#10804=LINE('',#9809,#10803);
#10805=EDGE_CURVE('',#9810,#9704,#10804,.T.);
#10806=ORIENTED_EDGE('',*,*,#10791,.F.);
#10807=ORIENTED_EDGE('',*,*,#10802,.T.);
#10808=ORIENTED_EDGE('',*,*,#10805,.T.);
#10809=DIRECTION('',(0.20465865162429162,-0.9788334058027068,0.0));
#10810=AXIS2_PLACEMENT_3D('',#9703,#950,#10809);
#10811=PLANE('',#10810);
#10812=EDGE_LOOP('',(#10806,#10807,#10808));
#10813=FACE_BOUND('',#10812,.T.);
#10814=ADVANCED_FACE('',(#10813),#10811,.T.);
#10815=LINE('',#9809,#3849);
#10816=EDGE_CURVE('',#9810,#9812,#10815,.T.);
#10817=DIRECTION('',(-0.1728967749160822,0.9849399500597068,0.0));
#10818=VECTOR('',#10817,1000.0);
#10819=LINE('',#9811,#10818);
#10820=EDGE_CURVE('',#9812,#9704,#10819,.T.);
#10821=ORIENTED_EDGE('',*,*,#10805,.F.);
#10822=ORIENTED_EDGE('',*,*,#10816,.T.);
#10823=ORIENTED_EDGE('',*,*,#10820,.T.);
#10824=AXIS2_PLACEMENT_3D('',#9703,#950,#4993);
#10825=PLANE('',#10824);
#10826=EDGE_LOOP('',(#10821,#10822,#10823));
#10827=FACE_BOUND('',#10826,.T.);
#10828=ADVANCED_FACE('',(#10827),#10825,.T.);
#10829=LINE('',#9811,#4117);
#10830=EDGE_CURVE('',#9812,#9814,#10829,.T.);
#10831=DIRECTION('',(-0.15373994371451713,0.9881113447920012,0.0));
#10832=VECTOR('',#10831,1000.0);
#10833=LINE('',#9813,#10832);
#10834=EDGE_CURVE('',#9814,#9704,#10833,.T.);
#10835=ORIENTED_EDGE('',*,*,#10830,.T.);
#10836=ORIENTED_EDGE('',*,*,#10834,.T.);
#10837=ORIENTED_EDGE('',*,*,#10820,.F.);
#10838=AXIS2_PLACEMENT_3D('',#9811,#1054,#4116);
#10839=PLANE('',#10838);
#10840=EDGE_LOOP('',(#10835,#10836,#10837));
#10841=FACE_BOUND('',#10840,.T.);
#10842=ADVANCED_FACE('',(#10841),#10839,.T.);
#10843=LINE('',#9813,#4086);
#10844=EDGE_CURVE('',#9814,#9816,#10843,.T.);
#10845=DIRECTION('',(-0.13461278617948524,0.9908982782288989,0.0));
#10846=VECTOR('',#10845,1000.0);
#10847=LINE('',#9815,#10846);
#10848=EDGE_CURVE('',#9816,#9704,#10847,.T.);
#10849=ORIENTED_EDGE('',*,*,#10834,.F.);
#10850=ORIENTED_EDGE('',*,*,#10844,.T.);
#10851=ORIENTED_EDGE('',*,*,#10848,.T.);
#10852=DIRECTION('',(0.15373994371451713,-0.9881113447920012,0.0));
#10853=AXIS2_PLACEMENT_3D('',#9703,#1100,#10852);
#10854=PLANE('',#10853);
#10855=EDGE_LOOP('',(#10849,#10850,#10851));
#10856=FACE_BOUND('',#10855,.T.);
#10857=ADVANCED_FACE('',(#10856),#10854,.T.);
#10858=LINE('',#9815,#3508);
#10859=EDGE_CURVE('',#9816,#9724,#10858,.T.);
#10860=ORIENTED_EDGE('',*,*,#10848,.F.);
#10861=ORIENTED_EDGE('',*,*,#10859,.T.);
#10862=ORIENTED_EDGE('',*,*,#10299,.F.);
#10863=DIRECTION('',(0.13461278617948524,-0.9908982782288989,0.0));
#10864=AXIS2_PLACEMENT_3D('',#9703,#950,#10863);
#10865=PLANE('',#10864);
#10866=EDGE_LOOP('',(#10860,#10861,#10862));
#10867=FACE_BOUND('',#10866,.T.);
#10868=ADVANCED_FACE('',(#10867),#10865,.T.);
#10869=LINE('',#9815,#483);
#10870=EDGE_CURVE('',#9816,#9818,#10869,.T.);
#10871=DIRECTION('',(-0.7701977272187011,0.6378051904673929,0.0));
#10872=VECTOR('',#10871,1000.0);
#10873=LINE('',#9817,#10872);
#10874=EDGE_CURVE('',#9818,#9724,#10873,.T.);
#10875=ORIENTED_EDGE('',*,*,#10859,.F.);
#10876=ORIENTED_EDGE('',*,*,#10870,.T.);
#10877=ORIENTED_EDGE('',*,*,#10874,.T.);
#10878=DIRECTION('',(0.0,0.0,-1.0));
#10879=AXIS2_PLACEMENT_3D('',#9723,#10878,#3529);
#10880=PLANE('',#10879);
#10881=EDGE_LOOP('',(#10875,#10876,#10877));
#10882=FACE_BOUND('',#10881,.T.);
#10883=ADVANCED_FACE('',(#10882),#10880,.T.);
#10884=LINE('',#9817,#483);
#10885=EDGE_CURVE('',#9818,#9722,#10884,.T.);
#10886=ORIENTED_EDGE('',*,*,#10874,.F.);
#10887=ORIENTED_EDGE('',*,*,#10885,.T.);
#10888=ORIENTED_EDGE('',*,*,#10153,.F.);
#10889=DIRECTION('',(0.0,0.0,-1.0));
#10890=DIRECTION('',(0.7701977272187011,-0.6378051904673929,0.0));
#10891=AXIS2_PLACEMENT_3D('',#9723,#10889,#10890);
#10892=PLANE('',#10891);
#10893=EDGE_LOOP('',(#10886,#10887,#10888));
#10894=FACE_BOUND('',#10893,.T.);
#10895=ADVANCED_FACE('',(#10894),#10892,.T.);
#10896=LINE('',#9817,#4214);
#10897=EDGE_CURVE('',#9818,#9820,#10896,.T.);
#10898=DIRECTION('',(-0.1535112498642498,-0.9881469000938654,0.0));
#10899=VECTOR('',#10898,1000.0);
#10900=LINE('',#9819,#10899);
#10901=EDGE_CURVE('',#9820,#9722,#10900,.T.);
#10902=ORIENTED_EDGE('',*,*,#10885,.F.);
#10903=ORIENTED_EDGE('',*,*,#10897,.T.);
#10904=ORIENTED_EDGE('',*,*,#10901,.T.);
#10905=DIRECTION('',(0.0,0.0,-1.0));
#10906=AXIS2_PLACEMENT_3D('',#9721,#10905,#503);
#10907=PLANE('',#10906);
#10908=EDGE_LOOP('',(#10902,#10903,#10904));
#10909=FACE_BOUND('',#10908,.T.);
#10910=ADVANCED_FACE('',(#10909),#10907,.T.);
#10911=VECTOR('',#2262,1000.0);
#10912=LINE('',#9819,#10911);
#10913=EDGE_CURVE('',#9820,#9754,#10912,.T.);
#10914=LINE('',#9753,#4715);
#10915=EDGE_CURVE('',#9754,#9722,#10914,.T.);
#10916=ORIENTED_EDGE('',*,*,#10901,.F.);
#10917=ORIENTED_EDGE('',*,*,#10913,.T.);
#10918=ORIENTED_EDGE('',*,*,#10915,.T.);
#10919=DIRECTION('',(0.1535112498642498,0.9881469000938654,0.0));
#10920=AXIS2_PLACEMENT_3D('',#9721,#1100,#10919);
#10921=PLANE('',#10920);
#10922=EDGE_LOOP('',(#10916,#10917,#10918));
#10923=FACE_BOUND('',#10922,.T.);
#10924=ADVANCED_FACE('',(#10923),#10921,.T.);
#10925=LINE('',#9819,#4183);
#10926=EDGE_CURVE('',#9820,#9822,#10925,.T.);
#10927=DIRECTION('',(-0.27680479369530664,-0.9609261710388051,0.0));
#10928=VECTOR('',#10927,1000.0);
#10929=LINE('',#9821,#10928);
#10930=EDGE_CURVE('',#9822,#9754,#10929,.T.);
#10931=ORIENTED_EDGE('',*,*,#10913,.F.);
#10932=ORIENTED_EDGE('',*,*,#10926,.T.);
#10933=ORIENTED_EDGE('',*,*,#10930,.T.);
#10934=DIRECTION('',(0.0,0.0,-1.0));
#10935=AXIS2_PLACEMENT_3D('',#9753,#10934,#2238);
#10936=PLANE('',#10935);
#10937=EDGE_LOOP('',(#10931,#10932,#10933));
#10938=FACE_BOUND('',#10937,.T.);
#10939=ADVANCED_FACE('',(#10938),#10936,.T.);
#10940=LINE('',#9821,#4448);
#10941=EDGE_CURVE('',#9822,#9750,#10940,.T.);
#10942=ORIENTED_EDGE('',*,*,#10930,.F.);
#10943=ORIENTED_EDGE('',*,*,#10941,.T.);
#10944=ORIENTED_EDGE('',*,*,#10340,.F.);
#10945=DIRECTION('',(0.0,0.0,-1.0));
#10946=DIRECTION('',(0.27680479369530664,0.9609261710388051,0.0));
#10947=AXIS2_PLACEMENT_3D('',#9753,#10945,#10946);
#10948=PLANE('',#10947);
#10949=EDGE_LOOP('',(#10942,#10943,#10944));
#10950=FACE_BOUND('',#10949,.T.);
#10951=ADVANCED_FACE('',(#10950),#10948,.T.);
#10952=LINE('',#9735,#720);
#10953=EDGE_CURVE('',#9736,#9788,#10952,.T.);
#10954=DIRECTION('',(-0.9999816714704253,-0.006054479598977259,0.0));
#10955=VECTOR('',#10954,1000.0);
#10956=LINE('',#9787,#10955);
#10957=EDGE_CURVE('',#9788,#9740,#10956,.T.);
#10958=ORIENTED_EDGE('',*,*,#10953,.T.);
#10959=ORIENTED_EDGE('',*,*,#10957,.T.);
#10960=ORIENTED_EDGE('',*,*,#10230,.F.);
#10961=AXIS2_PLACEMENT_3D('',#9735,#1100,#12);
#10962=PLANE('',#10961);
#10963=EDGE_LOOP('',(#10958,#10959,#10960));
#10964=FACE_BOUND('',#10963,.T.);
#10965=ADVANCED_FACE('',(#10964),#10962,.T.);
#10966=LINE('',#9789,#741);
#10967=EDGE_CURVE('',#9790,#9740,#10966,.T.);
#10968=ORIENTED_EDGE('',*,*,#10957,.F.);
#10969=ORIENTED_EDGE('',*,*,#10626,.F.);
#10970=ORIENTED_EDGE('',*,*,#10967,.T.);
#10971=DIRECTION('',(0.0,0.0,-1.0));
#10972=DIRECTION('',(0.9999816714704253,0.006054479598977259,0.0));
#10973=AXIS2_PLACEMENT_3D('',#9739,#10971,#10972);
#10974=PLANE('',#10973);
#10975=EDGE_LOOP('',(#10968,#10969,#10970));
#10976=FACE_BOUND('',#10975,.T.);
#10977=ADVANCED_FACE('',(#10976),#10974,.T.);
#10978=DIRECTION('',(-0.9999991247322236,-0.0013230777704532567,0.0));
#10979=VECTOR('',#10978,1000.0);
#10980=LINE('',#9789,#10979);
#10981=EDGE_CURVE('',#9790,#9824,#10980,.T.);
#10982=LINE('',#9823,#3588);
#10983=EDGE_CURVE('',#9824,#9740,#10982,.T.);
#10984=ORIENTED_EDGE('',*,*,#10967,.F.);
#10985=ORIENTED_EDGE('',*,*,#10981,.T.);
#10986=ORIENTED_EDGE('',*,*,#10983,.T.);
#10987=AXIS2_PLACEMENT_3D('',#9739,#1100,#12);
#10988=PLANE('',#10987);
#10989=EDGE_LOOP('',(#10984,#10985,#10986));
#10990=FACE_BOUND('',#10989,.T.);
#10991=ADVANCED_FACE('',(#10990),#10988,.T.);
#10992=LINE('',#9789,#483);
#10993=EDGE_CURVE('',#9790,#9826,#10992,.T.);
#10994=DIRECTION('',(-0.6144000642917169,0.7889946520720746,0.0));
#10995=VECTOR('',#10994,1000.0);
#10996=LINE('',#9825,#10995);
#10997=EDGE_CURVE('',#9826,#9824,#10996,.T.);
#10998=ORIENTED_EDGE('',*,*,#10981,.F.);
#10999=ORIENTED_EDGE('',*,*,#10993,.T.);
#11000=ORIENTED_EDGE('',*,*,#10997,.T.);
#11001=DIRECTION('',(0.0,0.0,-1.0));
#11002=DIRECTION('',(0.9999991247322236,0.0013230777704532567,0.0));
#11003=AXIS2_PLACEMENT_3D('',#9823,#11001,#11002);
#11004=PLANE('',#11003);
#11005=EDGE_LOOP('',(#10998,#10999,#11000));
#11006=FACE_BOUND('',#11005,.T.);
#11007=ADVANCED_FACE('',(#11006),#11004,.T.);
#11008=DIRECTION('',(-0.61663383128977,0.7872500988306698,0.0));
#11009=VECTOR('',#11008,1000.0);
#11010=LINE('',#9825,#11009);
#11011=EDGE_CURVE('',#9826,#9828,#11010,.T.);
#11012=LINE('',#9827,#3494);
#11013=EDGE_CURVE('',#9828,#9824,#11012,.T.);
#11014=ORIENTED_EDGE('',*,*,#10997,.F.);
#11015=ORIENTED_EDGE('',*,*,#11011,.T.);
#11016=ORIENTED_EDGE('',*,*,#11013,.T.);
#11017=DIRECTION('',(0.6144000642917169,-0.7889946520720746,0.0));
#11018=AXIS2_PLACEMENT_3D('',#9823,#950,#11017);
#11019=PLANE('',#11018);
#11020=EDGE_LOOP('',(#11014,#11015,#11016));
#11021=FACE_BOUND('',#11020,.T.);
#11022=ADVANCED_FACE('',(#11021),#11019,.T.);
#11023=LINE('',#9825,#741);
#11024=EDGE_CURVE('',#9826,#9830,#11023,.T.);
#11025=DIRECTION('',(0.17925331871622596,0.9838029516774277,0.0));
#11026=VECTOR('',#11025,1000.0);
#11027=LINE('',#9829,#11026);
#11028=EDGE_CURVE('',#9830,#9828,#11027,.T.);
#11029=ORIENTED_EDGE('',*,*,#11011,.F.);
#11030=ORIENTED_EDGE('',*,*,#11024,.T.);
#11031=ORIENTED_EDGE('',*,*,#11028,.T.);
#11032=DIRECTION('',(0.61663383128977,-0.7872500988306698,0.0));
#11033=AXIS2_PLACEMENT_3D('',#9827,#950,#11032);
#11034=PLANE('',#11033);
#11035=EDGE_LOOP('',(#11029,#11030,#11031));
#11036=FACE_BOUND('',#11035,.T.);
#11037=ADVANCED_FACE('',(#11036),#11034,.T.);
#11038=DIRECTION('',(0.1726121098981781,0.9849898778751481,0.0));
#11039=VECTOR('',#11038,1000.0);
#11040=LINE('',#9829,#11039);
#11041=EDGE_CURVE('',#9830,#9832,#11040,.T.);
#11042=LINE('',#9831,#3530);
#11043=EDGE_CURVE('',#9832,#9828,#11042,.T.);
#11044=ORIENTED_EDGE('',*,*,#11028,.F.);
#11045=ORIENTED_EDGE('',*,*,#11041,.T.);
#11046=ORIENTED_EDGE('',*,*,#11043,.T.);
#11047=DIRECTION('',(-0.17925331871622596,-0.9838029516774277,0.0));
#11048=AXIS2_PLACEMENT_3D('',#9827,#1054,#11047);
#11049=PLANE('',#11048);
#11050=EDGE_LOOP('',(#11044,#11045,#11046));
#11051=FACE_BOUND('',#11050,.T.);
#11052=ADVANCED_FACE('',(#11051),#11049,.T.);
#11053=LINE('',#9833,#504);
#11054=EDGE_CURVE('',#9834,#9836,#11053,.T.);
#11055=DIRECTION('',(0.6666914611318999,-0.7453338149137019,0.0));
#11056=VECTOR('',#11055,1000.0);
#11057=LINE('',#9835,#11056);
#11058=EDGE_CURVE('',#9836,#9830,#11057,.T.);
#11059=LINE('',#9829,#741);
#11060=EDGE_CURVE('',#9830,#9834,#11059,.T.);
#11061=ORIENTED_EDGE('',*,*,#11054,.T.);
#11062=ORIENTED_EDGE('',*,*,#11058,.T.);
#11063=ORIENTED_EDGE('',*,*,#11060,.T.);
#11064=DIRECTION('',(0.0,0.0,-1.0));
#11065=AXIS2_PLACEMENT_3D('',#9833,#11064,#503);
#11066=PLANE('',#11065);
#11067=EDGE_LOOP('',(#11061,#11062,#11063));
#11068=FACE_BOUND('',#11067,.T.);
#11069=ADVANCED_FACE('',(#11068),#11066,.T.);
#11070=LINE('',#9835,#720);
#11071=EDGE_CURVE('',#9836,#9708,#11070,.T.);
#11072=LINE('',#9707,#483);
#11073=EDGE_CURVE('',#9708,#9830,#11072,.T.);
#11074=ORIENTED_EDGE('',*,*,#11058,.F.);
#11075=ORIENTED_EDGE('',*,*,#11071,.T.);
#11076=ORIENTED_EDGE('',*,*,#11073,.T.);
#11077=DIRECTION('',(0.0,0.0,-1.0));
#11078=DIRECTION('',(-0.6666914611318999,0.7453338149137019,0.0));
#11079=AXIS2_PLACEMENT_3D('',#9829,#11077,#11078);
#11080=PLANE('',#11079);
#11081=EDGE_LOOP('',(#11074,#11075,#11076));
#11082=FACE_BOUND('',#11081,.T.);
#11083=ADVANCED_FACE('',(#11082),#11080,.T.);
#11084=LINE('',#9707,#720);
#11085=EDGE_CURVE('',#9708,#9832,#11084,.T.);
#11086=ORIENTED_EDGE('',*,*,#11073,.F.);
#11087=ORIENTED_EDGE('',*,*,#11085,.T.);
#11088=ORIENTED_EDGE('',*,*,#11041,.F.);
#11089=DIRECTION('',(0.0,0.0,-1.0));
#11090=AXIS2_PLACEMENT_3D('',#9829,#11089,#503);
#11091=PLANE('',#11090);
#11092=EDGE_LOOP('',(#11086,#11087,#11088));
#11093=FACE_BOUND('',#11092,.T.);
#11094=ADVANCED_FACE('',(#11093),#11091,.T.);
#11095=DIRECTION('',(0.9998853267022539,-0.015143759293087056,0.0));
#11096=VECTOR('',#11095,1000.0);
#11097=LINE('',#9711,#11096);
#11098=EDGE_CURVE('',#9712,#9832,#11097,.T.);
#11099=ORIENTED_EDGE('',*,*,#11085,.F.);
#11100=ORIENTED_EDGE('',*,*,#10102,.F.);
#11101=ORIENTED_EDGE('',*,*,#11098,.T.);
#11102=DIRECTION('',(0.0,0.0,-1.0));
#11103=AXIS2_PLACEMENT_3D('',#9831,#11102,#740);
#11104=PLANE('',#11103);
#11105=EDGE_LOOP('',(#11099,#11100,#11101));
#11106=FACE_BOUND('',#11105,.T.);
#11107=ADVANCED_FACE('',(#11106),#11104,.T.);
#11108=DIRECTION('',(0.999643385064804,0.02670398277748353,0.0));
#11109=VECTOR('',#11108,1000.0);
#11110=LINE('',#9711,#11109);
#11111=EDGE_CURVE('',#9712,#9838,#11110,.T.);
#11112=LINE('',#9837,#3530);
#11113=EDGE_CURVE('',#9838,#9832,#11112,.T.);
#11114=ORIENTED_EDGE('',*,*,#11098,.F.);
#11115=ORIENTED_EDGE('',*,*,#11111,.T.);
#11116=ORIENTED_EDGE('',*,*,#11113,.T.);
#11117=DIRECTION('',(0.0,0.0,-1.0));
#11118=DIRECTION('',(-0.9998853267022539,0.015143759293087056,0.0));
#11119=AXIS2_PLACEMENT_3D('',#9831,#11117,#11118);
#11120=PLANE('',#11119);
#11121=EDGE_LOOP('',(#11114,#11115,#11116));
#11122=FACE_BOUND('',#11121,.T.);
#11123=ADVANCED_FACE('',(#11122),#11120,.T.);
#11124=LINE('',#9719,#3453);
#11125=EDGE_CURVE('',#9720,#9838,#11124,.T.);
#11126=ORIENTED_EDGE('',*,*,#11111,.F.);
#11127=ORIENTED_EDGE('',*,*,#10133,.F.);
#11128=ORIENTED_EDGE('',*,*,#11125,.T.);
#11129=DIRECTION('',(-0.999643385064804,-0.02670398277748353,0.0));
#11130=AXIS2_PLACEMENT_3D('',#9837,#1054,#11129);
#11131=PLANE('',#11130);
#11132=EDGE_LOOP('',(#11126,#11127,#11128));
#11133=FACE_BOUND('',#11132,.T.);
#11134=ADVANCED_FACE('',(#11133),#11131,.T.);
#11135=DIRECTION('',(0.409739066269246,0.9122027721799614,0.0));
#11136=VECTOR('',#11135,1000.0);
#11137=LINE('',#9839,#11136);
#11138=EDGE_CURVE('',#9840,#9842,#11137,.T.);
#11139=LINE('',#9841,#1898);
#11140=EDGE_CURVE('',#9842,#9844,#11139,.T.);
#11141=DIRECTION('',(-0.6989653656633039,-0.7151555198718414,0.0));
#11142=VECTOR('',#11141,1000.0);
#11143=LINE('',#9843,#11142);
#11144=EDGE_CURVE('',#9844,#9840,#11143,.T.);
#11145=ORIENTED_EDGE('',*,*,#11138,.T.);
#11146=ORIENTED_EDGE('',*,*,#11140,.T.);
#11147=ORIENTED_EDGE('',*,*,#11144,.T.);
#11148=DIRECTION('',(0.0,0.0,-1.0));
#11149=AXIS2_PLACEMENT_3D('',#9839,#11148,#11135);
#11150=PLANE('',#11149);
#11151=EDGE_LOOP('',(#11145,#11146,#11147));
#11152=FACE_BOUND('',#11151,.T.);
#11153=ADVANCED_FACE('',(#11152),#11150,.T.);
#11154=DIRECTION('',(0.9999937958781503,-0.003522528240952077,0.0));
#11155=VECTOR('',#11154,1000.0);
#11156=LINE('',#9845,#11155);
#11157=EDGE_CURVE('',#9846,#9708,#11156,.T.);
#11158=DIRECTION('',(-0.9999947251278587,0.0032480327058810638,0.0));
#11159=VECTOR('',#11158,1000.0);
#11160=LINE('',#9707,#11159);
#11161=EDGE_CURVE('',#9708,#9848,#11160,.T.);
#11162=LINE('',#9847,#720);
#11163=EDGE_CURVE('',#9848,#9846,#11162,.T.);
#11164=ORIENTED_EDGE('',*,*,#11157,.T.);
#11165=ORIENTED_EDGE('',*,*,#11161,.T.);
#11166=ORIENTED_EDGE('',*,*,#11163,.T.);
#11167=AXIS2_PLACEMENT_3D('',#9845,#950,#11154);
#11168=PLANE('',#11167);
#11169=EDGE_LOOP('',(#11164,#11165,#11166));
#11170=FACE_BOUND('',#11169,.T.);
#11171=ADVANCED_FACE('',(#11170),#11168,.T.);
#11172=DIRECTION('',(0.9999984043364236,0.0017864278901234328,0.0));
#11173=VECTOR('',#11172,1000.0);
#11174=LINE('',#9835,#11173);
#11175=EDGE_CURVE('',#9836,#9848,#11174,.T.);
#11176=ORIENTED_EDGE('',*,*,#11161,.F.);
#11177=ORIENTED_EDGE('',*,*,#11071,.F.);
#11178=ORIENTED_EDGE('',*,*,#11175,.T.);
#11179=DIRECTION('',(0.9999947251278587,-0.0032480327058810638,0.0));
#11180=AXIS2_PLACEMENT_3D('',#9847,#950,#11179);
#11181=PLANE('',#11180);
#11182=EDGE_LOOP('',(#11176,#11177,#11178));
#11183=FACE_BOUND('',#11182,.T.);
#11184=ADVANCED_FACE('',(#11183),#11181,.T.);
#11185=DIRECTION('',(0.966772707152454,0.2556375025404438,0.0));
#11186=VECTOR('',#11185,1000.0);
#11187=LINE('',#9835,#11186);
#11188=EDGE_CURVE('',#9836,#9850,#11187,.T.);
#11189=LINE('',#9849,#684);
#11190=EDGE_CURVE('',#9850,#9848,#11189,.T.);
#11191=ORIENTED_EDGE('',*,*,#11175,.F.);
#11192=ORIENTED_EDGE('',*,*,#11188,.T.);
#11193=ORIENTED_EDGE('',*,*,#11190,.T.);
#11194=DIRECTION('',(-0.9999984043364236,-0.0017864278901234328,0.0));
#11195=AXIS2_PLACEMENT_3D('',#9847,#1054,#11194);
#11196=PLANE('',#11195);
#11197=EDGE_LOOP('',(#11191,#11192,#11193));
#11198=FACE_BOUND('',#11197,.T.);
#11199=ADVANCED_FACE('',(#11198),#11196,.T.);
#11200=LINE('',#9835,#504);
#11201=EDGE_CURVE('',#9836,#9852,#11200,.T.);
#11202=DIRECTION('',(0.5306825359808568,-0.847570673162378,0.0));
#11203=VECTOR('',#11202,1000.0);
#11204=LINE('',#9851,#11203);
#11205=EDGE_CURVE('',#9852,#9850,#11204,.T.);
#11206=ORIENTED_EDGE('',*,*,#11188,.F.);
#11207=ORIENTED_EDGE('',*,*,#11201,.T.);
#11208=ORIENTED_EDGE('',*,*,#11205,.T.);
#11209=DIRECTION('',(-0.966772707152454,-0.2556375025404438,0.0));
#11210=AXIS2_PLACEMENT_3D('',#9849,#1054,#11209);
#11211=PLANE('',#11210);
#11212=EDGE_LOOP('',(#11206,#11207,#11208));
#11213=FACE_BOUND('',#11212,.T.);
#11214=ADVANCED_FACE('',(#11213),#11211,.T.);
#11215=DIRECTION('',(0.5439235086454433,-0.839134802485769,0.0));
#11216=VECTOR('',#11215,1000.0);
#11217=LINE('',#9851,#11216);
#11218=EDGE_CURVE('',#9852,#9854,#11217,.T.);
#11219=LINE('',#9853,#741);
#11220=EDGE_CURVE('',#9854,#9850,#11219,.T.);
#11221=ORIENTED_EDGE('',*,*,#11205,.F.);
#11222=ORIENTED_EDGE('',*,*,#11218,.T.);
#11223=ORIENTED_EDGE('',*,*,#11220,.T.);
#11224=DIRECTION('',(0.0,0.0,-1.0));
#11225=DIRECTION('',(-0.5306825359808568,0.847570673162378,0.0));
#11226=AXIS2_PLACEMENT_3D('',#9849,#11224,#11225);
#11227=PLANE('',#11226);
#11228=EDGE_LOOP('',(#11221,#11222,#11223));
#11229=FACE_BOUND('',#11228,.T.);
#11230=ADVANCED_FACE('',(#11229),#11227,.T.);
#11231=LINE('',#9851,#720);
#11232=EDGE_CURVE('',#9852,#9704,#11231,.T.);
#11233=DIRECTION('',(-0.21742601130483405,-0.9760768051788087,0.0));
#11234=VECTOR('',#11233,1000.0);
#11235=LINE('',#9703,#11234);
#11236=EDGE_CURVE('',#9704,#9854,#11235,.T.);
#11237=ORIENTED_EDGE('',*,*,#11218,.F.);
#11238=ORIENTED_EDGE('',*,*,#11232,.T.);
#11239=ORIENTED_EDGE('',*,*,#11236,.T.);
#11240=DIRECTION('',(0.0,0.0,-1.0));
#11241=DIRECTION('',(-0.5439235086454433,0.839134802485769,0.0));
#11242=AXIS2_PLACEMENT_3D('',#9853,#11240,#11241);
#11243=PLANE('',#11242);
#11244=EDGE_LOOP('',(#11237,#11238,#11239));
#11245=FACE_BOUND('',#11244,.T.);
#11246=ADVANCED_FACE('',(#11245),#11243,.T.);
#11247=LINE('',#9843,#1864);
#11248=EDGE_CURVE('',#9844,#9856,#11247,.T.);
#11249=DIRECTION('',(-0.9275952266810351,-0.3735867977305397,0.0));
#11250=VECTOR('',#11249,1000.0);
#11251=LINE('',#9855,#11250);
#11252=EDGE_CURVE('',#9856,#9840,#11251,.T.);
#11253=ORIENTED_EDGE('',*,*,#11248,.T.);
#11254=ORIENTED_EDGE('',*,*,#11252,.T.);
#11255=ORIENTED_EDGE('',*,*,#11144,.F.);
#11256=AXIS2_PLACEMENT_3D('',#9843,#1100,#1863);
#11257=PLANE('',#11256);
#11258=EDGE_LOOP('',(#11253,#11254,#11255));
#11259=FACE_BOUND('',#11258,.T.);
#11260=ADVANCED_FACE('',(#11259),#11257,.T.);
#11261=LINE('',#9855,#1830);
#11262=EDGE_CURVE('',#9856,#9858,#11261,.T.);
#11263=DIRECTION('',(-0.9925245675683112,-0.12204500306582394,0.0));
#11264=VECTOR('',#11263,1000.0);
#11265=LINE('',#9857,#11264);
#11266=EDGE_CURVE('',#9858,#9840,#11265,.T.);
#11267=ORIENTED_EDGE('',*,*,#11252,.F.);
#11268=ORIENTED_EDGE('',*,*,#11262,.T.);
#11269=ORIENTED_EDGE('',*,*,#11266,.T.);
#11270=DIRECTION('',(0.0,0.0,-1.0));
#11271=DIRECTION('',(0.9275952266810351,0.3735867977305397,0.0));
#11272=AXIS2_PLACEMENT_3D('',#9839,#11270,#11271);
#11273=PLANE('',#11272);
#11274=EDGE_LOOP('',(#11267,#11268,#11269));
#11275=FACE_BOUND('',#11274,.T.);
#11276=ADVANCED_FACE('',(#11275),#11273,.T.);
#11277=LINE('',#9857,#1796);
#11278=EDGE_CURVE('',#9858,#9860,#11277,.T.);
#11279=DIRECTION('',(-0.9997494919441987,-0.022381987340638305,0.0));
#11280=VECTOR('',#11279,1000.0);
#11281=LINE('',#9859,#11280);
#11282=EDGE_CURVE('',#9860,#9840,#11281,.T.);
#11283=ORIENTED_EDGE('',*,*,#11266,.F.);
#11284=ORIENTED_EDGE('',*,*,#11278,.T.);
#11285=ORIENTED_EDGE('',*,*,#11282,.T.);
#11286=DIRECTION('',(0.0,0.0,-1.0));
#11287=DIRECTION('',(0.9925245675683112,0.12204500306582394,0.0));
#11288=AXIS2_PLACEMENT_3D('',#9839,#11286,#11287);
#11289=PLANE('',#11288);
#11290=EDGE_LOOP('',(#11283,#11284,#11285));
#11291=FACE_BOUND('',#11290,.T.);
#11292=ADVANCED_FACE('',(#11291),#11289,.T.);
#11293=LINE('',#9861,#720);
#11294=EDGE_CURVE('',#9862,#9864,#11293,.T.);
#11295=DIRECTION('',(0.9980509859204076,-0.06240376193229275,0.0));
#11296=VECTOR('',#11295,1000.0);
#11297=LINE('',#9863,#11296);
#11298=EDGE_CURVE('',#9864,#9708,#11297,.T.);
#11299=DIRECTION('',(-0.9998637355593613,0.016507886396492536,0.0));
#11300=VECTOR('',#11299,1000.0);
#11301=LINE('',#9707,#11300);
#11302=EDGE_CURVE('',#9708,#9862,#11301,.T.);
#11303=ORIENTED_EDGE('',*,*,#11294,.T.);
#11304=ORIENTED_EDGE('',*,*,#11298,.T.);
#11305=ORIENTED_EDGE('',*,*,#11302,.T.);
#11306=DIRECTION('',(0.0,0.0,-1.0));
#11307=AXIS2_PLACEMENT_3D('',#9861,#11306,#12);
#11308=PLANE('',#11307);
#11309=EDGE_LOOP('',(#11303,#11304,#11305));
#11310=FACE_BOUND('',#11309,.T.);
#11311=ADVANCED_FACE('',(#11310),#11308,.T.);
#11312=LINE('',#9863,#504);
#11313=EDGE_CURVE('',#9864,#9866,#11312,.T.);
#11314=DIRECTION('',(0.0965157902778939,-0.9953314534500723,0.0));
#11315=VECTOR('',#11314,1000.0);
#11316=LINE('',#9865,#11315);
#11317=EDGE_CURVE('',#9866,#9708,#11316,.T.);
#11318=ORIENTED_EDGE('',*,*,#11298,.F.);
#11319=ORIENTED_EDGE('',*,*,#11313,.T.);
#11320=ORIENTED_EDGE('',*,*,#11317,.T.);
#11321=DIRECTION('',(0.0,0.0,-1.0));
#11322=DIRECTION('',(-0.9980509859204076,0.06240376193229275,0.0));
#11323=AXIS2_PLACEMENT_3D('',#9707,#11321,#11322);
#11324=PLANE('',#11323);
#11325=EDGE_LOOP('',(#11318,#11319,#11320));
#11326=FACE_BOUND('',#11325,.T.);
#11327=ADVANCED_FACE('',(#11326),#11324,.T.);
#11328=DIRECTION('',(0.016052169682347694,0.9998711556238079,0.0));
#11329=VECTOR('',#11328,1000.0);
#11330=LINE('',#9865,#11329);
#11331=EDGE_CURVE('',#9866,#9704,#11330,.T.);
#11332=ORIENTED_EDGE('',*,*,#11317,.F.);
#11333=ORIENTED_EDGE('',*,*,#11331,.T.);
#11334=ORIENTED_EDGE('',*,*,#10072,.F.);
#11335=DIRECTION('',(0.0,0.0,-1.0));
#11336=DIRECTION('',(-0.0965157902778939,0.9953314534500723,0.0));
#11337=AXIS2_PLACEMENT_3D('',#9707,#11335,#11336);
#11338=PLANE('',#11337);
#11339=EDGE_LOOP('',(#11332,#11333,#11334));
#11340=FACE_BOUND('',#11339,.T.);
#11341=ADVANCED_FACE('',(#11340),#11338,.T.);
#11342=LINE('',#9865,#741);
#11343=EDGE_CURVE('',#9866,#9868,#11342,.T.);
#11344=DIRECTION('',(0.06237071973911248,0.9980530513550996,0.0));
#11345=VECTOR('',#11344,1000.0);
#11346=LINE('',#9867,#11345);
#11347=EDGE_CURVE('',#9868,#9704,#11346,.T.);
#11348=ORIENTED_EDGE('',*,*,#11331,.F.);
#11349=ORIENTED_EDGE('',*,*,#11343,.T.);
#11350=ORIENTED_EDGE('',*,*,#11347,.T.);
#11351=DIRECTION('',(-0.016052169682347694,-0.9998711556238079,0.0));
#11352=AXIS2_PLACEMENT_3D('',#9703,#1054,#11351);
#11353=PLANE('',#11352);
#11354=EDGE_LOOP('',(#11348,#11349,#11350));
#11355=FACE_BOUND('',#11354,.T.);
#11356=ADVANCED_FACE('',(#11355),#11353,.T.);
#11357=LINE('',#9869,#1602);
#11358=EDGE_CURVE('',#9870,#9872,#11357,.T.);
#11359=DIRECTION('',(-0.9308284846680651,0.3654563340955436,0.0));
#11360=VECTOR('',#11359,1000.0);
#11361=LINE('',#9871,#11360);
#11362=EDGE_CURVE('',#9872,#9854,#11361,.T.);
#11363=DIRECTION('',(0.97737693152885,-0.21150492598341486,0.0));
#11364=VECTOR('',#11363,1000.0);
#11365=LINE('',#9853,#11364);
#11366=EDGE_CURVE('',#9854,#9870,#11365,.T.);
#11367=ORIENTED_EDGE('',*,*,#11358,.T.);
#11368=ORIENTED_EDGE('',*,*,#11362,.T.);
#11369=ORIENTED_EDGE('',*,*,#11366,.T.);
#11370=AXIS2_PLACEMENT_3D('',#9869,#1054,#1601);
#11371=PLANE('',#11370);
#11372=EDGE_LOOP('',(#11367,#11368,#11369));
#11373=FACE_BOUND('',#11372,.T.);
#11374=ADVANCED_FACE('',(#11373),#11371,.T.);
#11375=LINE('',#9871,#1569);
#11376=EDGE_CURVE('',#9872,#9874,#11375,.T.);
#11377=DIRECTION('',(-0.8546912456931297,0.5191366626771088,0.0));
#11378=VECTOR('',#11377,1000.0);
#11379=LINE('',#9873,#11378);
#11380=EDGE_CURVE('',#9874,#9854,#11379,.T.);
#11381=ORIENTED_EDGE('',*,*,#11362,.F.);
#11382=ORIENTED_EDGE('',*,*,#11376,.T.);
#11383=ORIENTED_EDGE('',*,*,#11380,.T.);
#11384=DIRECTION('',(0.9308284846680651,-0.3654563340955436,0.0));
#11385=AXIS2_PLACEMENT_3D('',#9853,#1100,#11384);
#11386=PLANE('',#11385);
#11387=EDGE_LOOP('',(#11381,#11382,#11383));
#11388=FACE_BOUND('',#11387,.T.);
#11389=ADVANCED_FACE('',(#11388),#11386,.T.);
#11390=LINE('',#9867,#1732);
#11391=EDGE_CURVE('',#9868,#9876,#11390,.T.);
#11392=DIRECTION('',(0.08573060123216315,0.9963183547503137,0.0));
#11393=VECTOR('',#11392,1000.0);
#11394=LINE('',#9875,#11393);
#11395=EDGE_CURVE('',#9876,#9704,#11394,.T.);
#11396=ORIENTED_EDGE('',*,*,#11391,.T.);
#11397=ORIENTED_EDGE('',*,*,#11395,.T.);
#11398=ORIENTED_EDGE('',*,*,#11347,.F.);
#11399=AXIS2_PLACEMENT_3D('',#9867,#1054,#1731);
#11400=PLANE('',#11399);
#11401=EDGE_LOOP('',(#11396,#11397,#11398));
#11402=FACE_BOUND('',#11401,.T.);
#11403=ADVANCED_FACE('',(#11402),#11400,.T.);
#11404=LINE('',#9875,#1701);
#11405=EDGE_CURVE('',#9876,#9878,#11404,.T.);
#11406=DIRECTION('',(0.10398001447464023,0.9945793867710377,0.0));
#11407=VECTOR('',#11406,1000.0);
#11408=LINE('',#9877,#11407);
#11409=EDGE_CURVE('',#9878,#9704,#11408,.T.);
#11410=ORIENTED_EDGE('',*,*,#11395,.F.);
#11411=ORIENTED_EDGE('',*,*,#11405,.T.);
#11412=ORIENTED_EDGE('',*,*,#11409,.T.);
#11413=DIRECTION('',(0.0,0.0,-1.0));
#11414=DIRECTION('',(-0.08573060123216315,-0.9963183547503137,0.0));
#11415=AXIS2_PLACEMENT_3D('',#9703,#11413,#11414);
#11416=PLANE('',#11415);
#11417=EDGE_LOOP('',(#11410,#11411,#11412));
#11418=FACE_BOUND('',#11417,.T.);
#11419=ADVANCED_FACE('',(#11418),#11416,.T.);
#11420=DIRECTION('',(-0.9968667237183612,0.0790995268191948,0.0));
#11421=VECTOR('',#11420,1000.0);
#11422=LINE('',#9877,#11421);
#11423=EDGE_CURVE('',#9878,#9854,#11422,.T.);
#11424=ORIENTED_EDGE('',*,*,#11409,.F.);
#11425=ORIENTED_EDGE('',*,*,#11423,.T.);
#11426=ORIENTED_EDGE('',*,*,#11236,.F.);
#11427=DIRECTION('',(-0.10398001447464023,-0.9945793867710377,0.0));
#11428=AXIS2_PLACEMENT_3D('',#9703,#1054,#11427);
#11429=PLANE('',#11428);
#11430=EDGE_LOOP('',(#11424,#11425,#11426));
#11431=FACE_BOUND('',#11430,.T.);
#11432=ADVANCED_FACE('',(#11431),#11429,.T.);
#11433=LINE('',#9877,#1668);
#11434=EDGE_CURVE('',#9878,#9880,#11433,.T.);
#11435=LINE('',#9879,#5480);
#11436=EDGE_CURVE('',#9880,#9854,#11435,.T.);
#11437=ORIENTED_EDGE('',*,*,#11423,.F.);
#11438=ORIENTED_EDGE('',*,*,#11434,.T.);
#11439=ORIENTED_EDGE('',*,*,#11436,.T.);
#11440=DIRECTION('',(0.9968667237183612,-0.0790995268191948,0.0));
#11441=AXIS2_PLACEMENT_3D('',#9853,#1100,#11440);
#11442=PLANE('',#11441);
#11443=EDGE_LOOP('',(#11437,#11438,#11439));
#11444=FACE_BOUND('',#11443,.T.);
#11445=ADVANCED_FACE('',(#11444),#11442,.T.);
#11446=LINE('',#9879,#1635);
#11447=EDGE_CURVE('',#9880,#9870,#11446,.T.);
#11448=ORIENTED_EDGE('',*,*,#11436,.F.);
#11449=ORIENTED_EDGE('',*,*,#11447,.T.);
#11450=ORIENTED_EDGE('',*,*,#11366,.F.);
#11451=AXIS2_PLACEMENT_3D('',#9853,#1100,#5494);
#11452=PLANE('',#11451);
#11453=EDGE_LOOP('',(#11448,#11449,#11450));
#11454=FACE_BOUND('',#11453,.T.);
#11455=ADVANCED_FACE('',(#11454),#11452,.T.);
#11456=LINE('',#9859,#1765);
#11457=EDGE_CURVE('',#9860,#9862,#11456,.T.);
#11458=LINE('',#9861,#741);
#11459=EDGE_CURVE('',#9862,#9840,#11458,.T.);
#11460=ORIENTED_EDGE('',*,*,#11457,.T.);
#11461=ORIENTED_EDGE('',*,*,#11459,.T.);
#11462=ORIENTED_EDGE('',*,*,#11282,.F.);
#11463=AXIS2_PLACEMENT_3D('',#9859,#950,#1764);
#11464=PLANE('',#11463);
#11465=EDGE_LOOP('',(#11460,#11461,#11462));
#11466=FACE_BOUND('',#11465,.T.);
#11467=ADVANCED_FACE('',(#11466),#11464,.T.);
#11468=DIRECTION('',(-0.9999804537047497,0.006252376223694887,0.0));
#11469=VECTOR('',#11468,1000.0);
#11470=LINE('',#9707,#11469);
#11471=EDGE_CURVE('',#9708,#9840,#11470,.T.);
#11472=ORIENTED_EDGE('',*,*,#11459,.F.);
#11473=ORIENTED_EDGE('',*,*,#11302,.F.);
#11474=ORIENTED_EDGE('',*,*,#11471,.T.);
#11475=DIRECTION('',(0.0,0.0,-1.0));
#11476=AXIS2_PLACEMENT_3D('',#9839,#11475,#12);
#11477=PLANE('',#11476);
#11478=EDGE_LOOP('',(#11472,#11473,#11474));
#11479=FACE_BOUND('',#11478,.T.);
#11480=ADVANCED_FACE('',(#11479),#11477,.T.);
#11481=DIRECTION('',(-0.9999852200474363,0.005436882073434071,0.0));
#11482=VECTOR('',#11481,1000.0);
#11483=LINE('',#9707,#11482);
#11484=EDGE_CURVE('',#9708,#9882,#11483,.T.);
#11485=LINE('',#9881,#720);
#11486=EDGE_CURVE('',#9882,#9840,#11485,.T.);
#11487=ORIENTED_EDGE('',*,*,#11471,.F.);
#11488=ORIENTED_EDGE('',*,*,#11484,.T.);
#11489=ORIENTED_EDGE('',*,*,#11486,.T.);
#11490=DIRECTION('',(0.9999804537047497,-0.006252376223694887,0.0));
#11491=AXIS2_PLACEMENT_3D('',#9839,#950,#11490);
#11492=PLANE('',#11491);
#11493=EDGE_LOOP('',(#11487,#11488,#11489));
#11494=FACE_BOUND('',#11493,.T.);
#11495=ADVANCED_FACE('',(#11494),#11492,.T.);
#11496=LINE('',#9845,#720);
#11497=EDGE_CURVE('',#9846,#9882,#11496,.T.);
#11498=ORIENTED_EDGE('',*,*,#11484,.F.);
#11499=ORIENTED_EDGE('',*,*,#11157,.F.);
#11500=ORIENTED_EDGE('',*,*,#11497,.T.);
#11501=DIRECTION('',(0.9999852200474363,-0.005436882073434071,0.0));
#11502=AXIS2_PLACEMENT_3D('',#9881,#950,#11501);
#11503=PLANE('',#11502);
#11504=EDGE_LOOP('',(#11498,#11499,#11500));
#11505=FACE_BOUND('',#11504,.T.);
#11506=ADVANCED_FACE('',(#11505),#11503,.T.);
#11507=DIRECTION('',(0.8779184050603973,0.47881026937212623,0.0));
#11508=VECTOR('',#11507,1000.0);
#11509=LINE('',#9845,#11508);
#11510=EDGE_CURVE('',#9846,#9884,#11509,.T.);
#11511=LINE('',#9883,#817);
#11512=EDGE_CURVE('',#9884,#9882,#11511,.T.);
#11513=ORIENTED_EDGE('',*,*,#11497,.F.);
#11514=ORIENTED_EDGE('',*,*,#11510,.T.);
#11515=ORIENTED_EDGE('',*,*,#11512,.T.);
#11516=DIRECTION('',(0.0,0.0,-1.0));
#11517=AXIS2_PLACEMENT_3D('',#9881,#11516,#740);
#11518=PLANE('',#11517);
#11519=EDGE_LOOP('',(#11513,#11514,#11515));
#11520=FACE_BOUND('',#11519,.T.);
#11521=ADVANCED_FACE('',(#11520),#11518,.T.);
#11522=LINE('',#9845,#754);
#11523=EDGE_CURVE('',#9846,#9886,#11522,.T.);
#11524=LINE('',#9885,#720);
#11525=EDGE_CURVE('',#9886,#9884,#11524,.T.);
#11526=ORIENTED_EDGE('',*,*,#11510,.F.);
#11527=ORIENTED_EDGE('',*,*,#11523,.T.);
#11528=ORIENTED_EDGE('',*,*,#11525,.T.);
#11529=DIRECTION('',(-0.8779184050603973,-0.47881026937212623,0.0));
#11530=AXIS2_PLACEMENT_3D('',#9883,#1054,#11529);
#11531=PLANE('',#11530);
#11532=EDGE_LOOP('',(#11526,#11527,#11528));
#11533=FACE_BOUND('',#11532,.T.);
#11534=ADVANCED_FACE('',(#11533),#11531,.T.);
#11535=LINE('',#9873,#1536);
#11536=EDGE_CURVE('',#9874,#9888,#11535,.T.);
#11537=DIRECTION('',(-0.7589795966715593,0.6511144076399148,0.0));
#11538=VECTOR('',#11537,1000.0);
#11539=LINE('',#9887,#11538);
#11540=EDGE_CURVE('',#9888,#9854,#11539,.T.);
#11541=ORIENTED_EDGE('',*,*,#11536,.T.);
#11542=ORIENTED_EDGE('',*,*,#11540,.T.);
#11543=ORIENTED_EDGE('',*,*,#11380,.F.);
#11544=AXIS2_PLACEMENT_3D('',#9873,#1054,#1535);
#11545=PLANE('',#11544);
#11546=EDGE_LOOP('',(#11541,#11542,#11543));
#11547=FACE_BOUND('',#11546,.T.);
#11548=ADVANCED_FACE('',(#11547),#11545,.T.);
#11549=LINE('',#9887,#1503);
#11550=EDGE_CURVE('',#9888,#9890,#11549,.T.);
#11551=DIRECTION('',(-0.6793311716848174,0.7338318330362436,0.0));
#11552=VECTOR('',#11551,1000.0);
#11553=LINE('',#9889,#11552);
#11554=EDGE_CURVE('',#9890,#9854,#11553,.T.);
#11555=ORIENTED_EDGE('',*,*,#11540,.F.);
#11556=ORIENTED_EDGE('',*,*,#11550,.T.);
#11557=ORIENTED_EDGE('',*,*,#11554,.T.);
#11558=DIRECTION('',(0.7589795966715593,-0.6511144076399148,0.0));
#11559=AXIS2_PLACEMENT_3D('',#9853,#1100,#11558);
#11560=PLANE('',#11559);
#11561=EDGE_LOOP('',(#11555,#11556,#11557));
#11562=FACE_BOUND('',#11561,.T.);
#11563=ADVANCED_FACE('',(#11562),#11560,.T.);
#11564=VECTOR('',#10203,1000.0);
#11565=LINE('',#9889,#11564);
#11566=EDGE_CURVE('',#9890,#9840,#11565,.T.);
#11567=LINE('',#9839,#877);
#11568=EDGE_CURVE('',#9840,#9854,#11567,.T.);
#11569=ORIENTED_EDGE('',*,*,#11554,.F.);
#11570=ORIENTED_EDGE('',*,*,#11566,.T.);
#11571=ORIENTED_EDGE('',*,*,#11568,.T.);
#11572=DIRECTION('',(0.6793311716848174,-0.7338318330362436,0.0));
#11573=AXIS2_PLACEMENT_3D('',#9853,#1100,#11572);
#11574=PLANE('',#11573);
#11575=EDGE_LOOP('',(#11569,#11570,#11571));
#11576=FACE_BOUND('',#11575,.T.);
#11577=ADVANCED_FACE('',(#11576),#11574,.T.);
#11578=LINE('',#9889,#1964);
#11579=EDGE_CURVE('',#9890,#9892,#11578,.T.);
#11580=DIRECTION('',(-0.22438594387154856,-0.9745003582312703,0.0));
#11581=VECTOR('',#11580,1000.0);
#11582=LINE('',#9891,#11581);
#11583=EDGE_CURVE('',#9892,#9840,#11582,.T.);
#11584=ORIENTED_EDGE('',*,*,#11566,.F.);
#11585=ORIENTED_EDGE('',*,*,#11579,.T.);
#11586=ORIENTED_EDGE('',*,*,#11583,.T.);
#11587=DIRECTION('',(0.0,0.0,-1.0));
#11588=AXIS2_PLACEMENT_3D('',#9839,#11587,#10181);
#11589=PLANE('',#11588);
#11590=EDGE_LOOP('',(#11584,#11585,#11586));
#11591=FACE_BOUND('',#11590,.T.);
#11592=ADVANCED_FACE('',(#11591),#11589,.T.);
#11593=LINE('',#9891,#1932);
#11594=EDGE_CURVE('',#9892,#9842,#11593,.T.);
#11595=ORIENTED_EDGE('',*,*,#11583,.F.);
#11596=ORIENTED_EDGE('',*,*,#11594,.T.);
#11597=ORIENTED_EDGE('',*,*,#11138,.F.);
#11598=DIRECTION('',(0.0,0.0,-1.0));
#11599=DIRECTION('',(0.22438594387154856,0.9745003582312703,0.0));
#11600=AXIS2_PLACEMENT_3D('',#9839,#11598,#11599);
#11601=PLANE('',#11600);
#11602=EDGE_LOOP('',(#11595,#11596,#11597));
#11603=FACE_BOUND('',#11602,.T.);
#11604=ADVANCED_FACE('',(#11603),#11601,.T.);
#11605=LINE('',#9897,#504);
#11606=EDGE_CURVE('',#9898,#9900,#11605,.T.);
#11607=DIRECTION('',(-0.8016879694734902,-0.5977427537005129,0.0));
#11608=VECTOR('',#11607,1000.0);
#11609=LINE('',#9899,#11608);
#11610=EDGE_CURVE('',#9900,#9902,#11609,.T.);
#11611=LINE('',#9901,#720);
#11612=EDGE_CURVE('',#9902,#9898,#11611,.T.);
#11613=ORIENTED_EDGE('',*,*,#11606,.T.);
#11614=ORIENTED_EDGE('',*,*,#11610,.T.);
#11615=ORIENTED_EDGE('',*,*,#11612,.T.);
#11616=DIRECTION('',(0.0,-0.0,1.0));
#11617=AXIS2_PLACEMENT_3D('',#9897,#11616,#503);
#11618=PLANE('',#11617);
#11619=EDGE_LOOP('',(#11613,#11614,#11615));
#11620=FACE_BOUND('',#11619,.T.);
#11621=ADVANCED_FACE('',(#11620),#11618,.T.);
#11622=LINE('',#9899,#741);
#11623=EDGE_CURVE('',#9900,#9904,#11622,.T.);
#11624=LINE('',#9903,#483);
#11625=EDGE_CURVE('',#9904,#9902,#11624,.T.);
#11626=ORIENTED_EDGE('',*,*,#11610,.F.);
#11627=ORIENTED_EDGE('',*,*,#11623,.T.);
#11628=ORIENTED_EDGE('',*,*,#11625,.T.);
#11629=DIRECTION('',(0.0,-0.0,1.0));
#11630=DIRECTION('',(0.8016879694734902,0.5977427537005129,0.0));
#11631=AXIS2_PLACEMENT_3D('',#9901,#11629,#11630);
#11632=PLANE('',#11631);
#11633=EDGE_LOOP('',(#11626,#11627,#11628));
#11634=FACE_BOUND('',#11633,.T.);
#11635=ADVANCED_FACE('',(#11634),#11632,.T.);
#11636=LINE('',#9905,#483);
#11637=EDGE_CURVE('',#9906,#9908,#11636,.T.);
#11638=DIRECTION('',(0.0658136232899415,0.9978319332379826,0.0));
#11639=VECTOR('',#11638,1000.0);
#11640=LINE('',#9907,#11639);
#11641=EDGE_CURVE('',#9908,#9910,#11640,.T.);
#11642=LINE('',#9909,#741);
#11643=EDGE_CURVE('',#9910,#9906,#11642,.T.);
#11644=ORIENTED_EDGE('',*,*,#11637,.T.);
#11645=ORIENTED_EDGE('',*,*,#11641,.T.);
#11646=ORIENTED_EDGE('',*,*,#11643,.T.);
#11647=DIRECTION('',(-0.0,0.0,1.0));
#11648=AXIS2_PLACEMENT_3D('',#9905,#11647,#482);
#11649=PLANE('',#11648);
#11650=EDGE_LOOP('',(#11644,#11645,#11646));
#11651=FACE_BOUND('',#11650,.T.);
#11652=ADVANCED_FACE('',(#11651),#11649,.T.);
#11653=LINE('',#9907,#720);
#11654=EDGE_CURVE('',#9908,#9912,#11653,.T.);
#11655=LINE('',#9911,#504);
#11656=EDGE_CURVE('',#9912,#9910,#11655,.T.);
#11657=ORIENTED_EDGE('',*,*,#11641,.F.);
#11658=ORIENTED_EDGE('',*,*,#11654,.T.);
#11659=ORIENTED_EDGE('',*,*,#11656,.T.);
#11660=DIRECTION('',(-0.0,0.0,1.0));
#11661=DIRECTION('',(-0.0658136232899415,-0.9978319332379826,0.0));
#11662=AXIS2_PLACEMENT_3D('',#9909,#11660,#11661);
#11663=PLANE('',#11662);
#11664=EDGE_LOOP('',(#11657,#11658,#11659));
#11665=FACE_BOUND('',#11664,.T.);
#11666=ADVANCED_FACE('',(#11665),#11663,.T.);
#11667=DIRECTION('',(0.0523363301273488,0.0,0.9986295151600524));
#11668=VECTOR('',#11667,1000.0);
#11669=LINE('',#9913,#11668);
#11670=EDGE_CURVE('',#9914,#9916,#11669,.T.);
#11671=LINE('',#9915,#483);
#11672=EDGE_CURVE('',#9916,#9918,#11671,.T.);
#11673=DIRECTION('',(-0.0049773372317309505,0.9954674463463001,-0.09497257171866873));
#11674=VECTOR('',#11673,1000.0);
#11675=LINE('',#9917,#11674);
#11676=EDGE_CURVE('',#9918,#9914,#11675,.T.);
#11677=ORIENTED_EDGE('',*,*,#11670,.T.);
#11678=ORIENTED_EDGE('',*,*,#11672,.T.);
#11679=ORIENTED_EDGE('',*,*,#11676,.T.);
#11680=DIRECTION('',(0.9986295151600524,0.0,-0.05233633012734879));
#11681=DIRECTION('',(0.0523363301273488,0.0,0.9986295151600524));
#11682=AXIS2_PLACEMENT_3D('',#9913,#11680,#11681);
#11683=PLANE('',#11682);
#11684=EDGE_LOOP('',(#11677,#11678,#11679));
#11685=FACE_BOUND('',#11684,.T.);
#11686=ADVANCED_FACE('',(#11685),#11683,.T.);
#11687=DIRECTION('',(-0.051929838256160196,0.0,-0.9986507356922585));
#11688=VECTOR('',#11687,1000.0);
#11689=LINE('',#9919,#11688);
#11690=EDGE_CURVE('',#9920,#9922,#11689,.T.);
#11691=LINE('',#9921,#504);
#11692=EDGE_CURVE('',#9922,#9924,#11691,.T.);
#11693=DIRECTION('',(0.0003183971011792295,-0.9999812034408238,0.006123021176504453));
#11694=VECTOR('',#11693,1000.0);
#11695=LINE('',#9923,#11694);
#11696=EDGE_CURVE('',#9924,#9920,#11695,.T.);
#11697=ORIENTED_EDGE('',*,*,#11690,.T.);
#11698=ORIENTED_EDGE('',*,*,#11692,.T.);
#11699=ORIENTED_EDGE('',*,*,#11696,.T.);
#11700=DIRECTION('',(0.9986507356922585,0.0,-0.0519298382561602));
#11701=DIRECTION('',(-0.051929838256160196,0.0,-0.9986507356922585));
#11702=AXIS2_PLACEMENT_3D('',#9919,#11700,#11701);
#11703=PLANE('',#11702);
#11704=EDGE_LOOP('',(#11697,#11698,#11699));
#11705=FACE_BOUND('',#11704,.T.);
#11706=ADVANCED_FACE('',(#11705),#11703,.T.);
#11707=LINE('',#9925,#483);
#11708=EDGE_CURVE('',#9926,#9894,#11707,.T.);
#11709=DIRECTION('',(-0.0523363301273488,0.0,-0.9986295151600524));
#11710=VECTOR('',#11709,1000.0);
#11711=LINE('',#9893,#11710);
#11712=EDGE_CURVE('',#9894,#9928,#11711,.T.);
#11713=DIRECTION('',(0.0049773372317309505,0.9954674463463001,0.09497257171866873));
#11714=VECTOR('',#11713,1000.0);
#11715=LINE('',#9927,#11714);
#11716=EDGE_CURVE('',#9928,#9926,#11715,.T.);
#11717=ORIENTED_EDGE('',*,*,#11708,.T.);
#11718=ORIENTED_EDGE('',*,*,#11712,.T.);
#11719=ORIENTED_EDGE('',*,*,#11716,.T.);
#11720=DIRECTION('',(0.9986295151600524,0.0,-0.05233633012734879));
#11721=AXIS2_PLACEMENT_3D('',#9925,#11720,#482);
#11722=PLANE('',#11721);
#11723=EDGE_LOOP('',(#11717,#11718,#11719));
#11724=FACE_BOUND('',#11723,.T.);
#11725=ADVANCED_FACE('',(#11724),#11722,.T.);
#11726=LINE('',#9929,#504);
#11727=EDGE_CURVE('',#9930,#9932,#11726,.T.);
#11728=DIRECTION('',(0.051929838256160196,0.0,0.9986507356922585));
#11729=VECTOR('',#11728,1000.0);
#11730=LINE('',#9931,#11729);
#11731=EDGE_CURVE('',#9932,#9934,#11730,.T.);
#11732=DIRECTION('',(-0.0003183971011792295,-0.9999812034408238,-0.006123021176504453));
#11733=VECTOR('',#11732,1000.0);
#11734=LINE('',#9933,#11733);
#11735=EDGE_CURVE('',#9934,#9930,#11734,.T.);
#11736=ORIENTED_EDGE('',*,*,#11727,.T.);
#11737=ORIENTED_EDGE('',*,*,#11731,.T.);
#11738=ORIENTED_EDGE('',*,*,#11735,.T.);
#11739=DIRECTION('',(0.9986507356922585,0.0,-0.0519298382561602));
#11740=AXIS2_PLACEMENT_3D('',#9929,#11739,#503);
#11741=PLANE('',#11740);
#11742=EDGE_LOOP('',(#11736,#11737,#11738));
#11743=FACE_BOUND('',#11742,.T.);
#11744=ADVANCED_FACE('',(#11743),#11741,.T.);
#11745=DIRECTION('',(0.0522637964709498,0.0522637964709498,0.9972647547952781));
#11746=VECTOR('',#11745,1000.0);
#11747=LINE('',#9923,#11746);
#11748=EDGE_CURVE('',#9924,#9926,#11747,.T.);
#11749=DIRECTION('',(-0.05032200256527645,-0.27473590787146335,-0.960201998010764));
#11750=VECTOR('',#11749,1000.0);
#11751=LINE('',#9925,#11750);
#11752=EDGE_CURVE('',#9926,#9920,#11751,.T.);
#11753=ORIENTED_EDGE('',*,*,#11748,.T.);
#11754=ORIENTED_EDGE('',*,*,#11752,.T.);
#11755=ORIENTED_EDGE('',*,*,#11696,.F.);
#11756=DIRECTION('',(0.9986295747847211,-2.4887760983141257e-06,-0.0523351923574663));
#11757=AXIS2_PLACEMENT_3D('',#9923,#11756,#11745);
#11758=PLANE('',#11757);
#11759=EDGE_LOOP('',(#11753,#11754,#11755));
#11760=FACE_BOUND('',#11759,.T.);
#11761=ADVANCED_FACE('',(#11760),#11758,.T.);
#11762=DIRECTION('',(-0.05233589050265715,0.0,-0.9986295381998742));
#11763=VECTOR('',#11762,1000.0);
#11764=LINE('',#9927,#11763);
#11765=EDGE_CURVE('',#9928,#9920,#11764,.T.);
#11766=ORIENTED_EDGE('',*,*,#11752,.F.);
#11767=ORIENTED_EDGE('',*,*,#11716,.F.);
#11768=ORIENTED_EDGE('',*,*,#11765,.T.);
#11769=DIRECTION('',(0.9986295381998732,-4.2057592815514276e-08,-0.05233589050265709));
#11770=DIRECTION('',(0.05032200256527645,0.27473590787146335,0.960201998010764));
#11771=AXIS2_PLACEMENT_3D('',#9919,#11769,#11770);
#11772=PLANE('',#11771);
#11773=EDGE_LOOP('',(#11766,#11767,#11768));
#11774=FACE_BOUND('',#11773,.T.);
#11775=ADVANCED_FACE('',(#11774),#11772,.T.);
#11776=DIRECTION('',(-0.025826713996495575,-0.8697571575728865,-0.4928036806831662));
#11777=VECTOR('',#11776,1000.0);
#11778=LINE('',#9927,#11777);
#11779=EDGE_CURVE('',#9928,#9934,#11778,.T.);
#11780=LINE('',#9933,#504);
#11781=EDGE_CURVE('',#9934,#9920,#11780,.T.);
#11782=ORIENTED_EDGE('',*,*,#11765,.F.);
#11783=ORIENTED_EDGE('',*,*,#11779,.T.);
#11784=ORIENTED_EDGE('',*,*,#11781,.T.);
#11785=DIRECTION('',(0.9986295381998742,0.0,-0.05233589050265715));
#11786=DIRECTION('',(0.05233589050265715,0.0,0.9986295381998742));
#11787=AXIS2_PLACEMENT_3D('',#9919,#11785,#11786);
#11788=PLANE('',#11787);
#11789=EDGE_LOOP('',(#11782,#11783,#11784));
#11790=FACE_BOUND('',#11789,.T.);
#11791=ADVANCED_FACE('',(#11790),#11788,.T.);
#11792=LINE('',#9927,#483);
#11793=EDGE_CURVE('',#9928,#9914,#11792,.T.);
#11794=DIRECTION('',(-0.05233589050265715,0.0,-0.9986295381998742));
#11795=VECTOR('',#11794,1000.0);
#11796=LINE('',#9913,#11795);
#11797=EDGE_CURVE('',#9914,#9934,#11796,.T.);
#11798=ORIENTED_EDGE('',*,*,#11779,.F.);
#11799=ORIENTED_EDGE('',*,*,#11793,.T.);
#11800=ORIENTED_EDGE('',*,*,#11797,.T.);
#11801=DIRECTION('',(0.9986295381998742,0.0,-0.05233589050265715));
#11802=DIRECTION('',(0.025826713996495575,0.8697571575728865,0.4928036806831662));
#11803=AXIS2_PLACEMENT_3D('',#9933,#11801,#11802);
#11804=PLANE('',#11803);
#11805=EDGE_LOOP('',(#11798,#11799,#11800));
#11806=FACE_BOUND('',#11805,.T.);
#11807=ADVANCED_FACE('',(#11806),#11804,.T.);
#11808=DIRECTION('',(-0.05089575698460915,-0.23292813652631075,-0.9711612148018185));
#11809=VECTOR('',#11808,1000.0);
#11810=LINE('',#9913,#11809);
#11811=EDGE_CURVE('',#9914,#9930,#11810,.T.);
#11812=ORIENTED_EDGE('',*,*,#11797,.F.);
#11813=ORIENTED_EDGE('',*,*,#11811,.T.);
#11814=ORIENTED_EDGE('',*,*,#11735,.F.);
#11815=DIRECTION('',(0.9986295381967708,2.4930625851911944e-06,-0.05233589050249451));
#11816=DIRECTION('',(0.05233589050265715,0.0,0.9986295381998742));
#11817=AXIS2_PLACEMENT_3D('',#9933,#11815,#11816);
#11818=PLANE('',#11817);
#11819=EDGE_LOOP('',(#11812,#11813,#11814));
#11820=FACE_BOUND('',#11819,.T.);
#11821=ADVANCED_FACE('',(#11820),#11818,.T.);
#11822=DIRECTION('',(-0.0522637964709498,0.0522637964709498,-0.9972647547952781));
#11823=VECTOR('',#11822,1000.0);
#11824=LINE('',#9917,#11823);
#11825=EDGE_CURVE('',#9918,#9930,#11824,.T.);
#11826=ORIENTED_EDGE('',*,*,#11811,.F.);
#11827=ORIENTED_EDGE('',*,*,#11676,.F.);
#11828=ORIENTED_EDGE('',*,*,#11825,.T.);
#11829=DIRECTION('',(0.9986295682364693,9.688784800265389e-08,-0.05233531736632037));
#11830=DIRECTION('',(0.05089575698460915,0.23292813652631075,0.9711612148018185));
#11831=AXIS2_PLACEMENT_3D('',#9929,#11829,#11830);
#11832=PLANE('',#11831);
#11833=EDGE_LOOP('',(#11826,#11827,#11828));
#11834=FACE_BOUND('',#11833,.T.);
#11835=ADVANCED_FACE('',(#11834),#11832,.T.);
#11836=LINE('',#9935,#720);
#11837=EDGE_CURVE('',#9936,#9930,#11836,.T.);
#11838=DIRECTION('',(-0.9720699543290215,-0.012282644588878655,0.23436966640902385));
#11839=VECTOR('',#11838,1000.0);
#11840=LINE('',#9929,#11839);
#11841=EDGE_CURVE('',#9930,#9938,#11840,.T.);
#11842=DIRECTION('',(0.0522637964709498,0.0522637964709498,-0.9972647547952781));
#11843=VECTOR('',#11842,1000.0);
#11844=LINE('',#9937,#11843);
#11845=EDGE_CURVE('',#9938,#9936,#11844,.T.);
#11846=ORIENTED_EDGE('',*,*,#11837,.T.);
#11847=ORIENTED_EDGE('',*,*,#11841,.T.);
#11848=ORIENTED_EDGE('',*,*,#11845,.T.);
#11849=DIRECTION('',(0.0,-0.9986295679710997,-0.05233532243002839));
#11850=AXIS2_PLACEMENT_3D('',#9935,#11849,#12);
#11851=PLANE('',#11850);
#11852=EDGE_LOOP('',(#11846,#11847,#11848));
#11853=FACE_BOUND('',#11852,.T.);
#11854=ADVANCED_FACE('',(#11853),#11851,.T.);
#11855=LINE('',#9917,#741);
#11856=EDGE_CURVE('',#9918,#9938,#11855,.T.);
#11857=ORIENTED_EDGE('',*,*,#11841,.F.);
#11858=ORIENTED_EDGE('',*,*,#11825,.F.);
#11859=ORIENTED_EDGE('',*,*,#11856,.T.);
#11860=DIRECTION('',(0.9720699543290215,0.012282644588878655,-0.23436966640902385));
#11861=AXIS2_PLACEMENT_3D('',#9937,#11849,#11860);
#11862=PLANE('',#11861);
#11863=EDGE_LOOP('',(#11857,#11858,#11859));
#11864=FACE_BOUND('',#11863,.T.);
#11865=ADVANCED_FACE('',(#11864),#11862,.T.);
#11866=LINE('',#9939,#6753);
#11867=EDGE_CURVE('',#9940,#9942,#11866,.T.);
#11868=LINE('',#9941,#483);
#11869=EDGE_CURVE('',#9942,#9936,#11868,.T.);
#11870=DIRECTION('',(-0.0003183971011792295,0.9999812034408238,0.006123021176504453));
#11871=VECTOR('',#11870,1000.0);
#11872=LINE('',#9935,#11871);
#11873=EDGE_CURVE('',#9936,#9940,#11872,.T.);
#11874=ORIENTED_EDGE('',*,*,#11867,.T.);
#11875=ORIENTED_EDGE('',*,*,#11869,.T.);
#11876=ORIENTED_EDGE('',*,*,#11873,.T.);
#11877=DIRECTION('',(-0.9986507356922585,-0.0,-0.0519298382561602));
#11878=AXIS2_PLACEMENT_3D('',#9939,#11877,#6752);
#11879=PLANE('',#11878);
#11880=EDGE_LOOP('',(#11874,#11875,#11876));
#11881=FACE_BOUND('',#11880,.T.);
#11882=ADVANCED_FACE('',(#11881),#11879,.T.);
#11883=DIRECTION('',(0.0522637964709498,-0.0522637964709498,-0.9972647547952781));
#11884=VECTOR('',#11883,1000.0);
#11885=LINE('',#9943,#11884);
#11886=EDGE_CURVE('',#9944,#9946,#11885,.T.);
#11887=DIRECTION('',(-0.0003183971011792295,-0.9999812034408238,0.006123021176504453));
#11888=VECTOR('',#11887,1000.0);
#11889=LINE('',#9945,#11888);
#11890=EDGE_CURVE('',#9946,#9948,#11889,.T.);
#11891=DIRECTION('',(-0.05032200256527645,0.27473590787146335,0.960201998010764));
#11892=VECTOR('',#11891,1000.0);
#11893=LINE('',#9947,#11892);
#11894=EDGE_CURVE('',#9948,#9944,#11893,.T.);
#11895=ORIENTED_EDGE('',*,*,#11886,.T.);
#11896=ORIENTED_EDGE('',*,*,#11890,.T.);
#11897=ORIENTED_EDGE('',*,*,#11894,.T.);
#11898=DIRECTION('',(-0.9986295747847211,-2.4887760983256055e-06,-0.0523351923574663));
#11899=AXIS2_PLACEMENT_3D('',#9943,#11898,#11883);
#11900=PLANE('',#11899);
#11901=EDGE_LOOP('',(#11895,#11896,#11897));
#11902=FACE_BOUND('',#11901,.T.);
#11903=ADVANCED_FACE('',(#11902),#11900,.T.);
#11904=LINE('',#9945,#483);
#11905=EDGE_CURVE('',#9946,#9950,#11904,.T.);
#11906=LINE('',#9949,#7109);
#11907=EDGE_CURVE('',#9950,#9948,#11906,.T.);
#11908=ORIENTED_EDGE('',*,*,#11890,.F.);
#11909=ORIENTED_EDGE('',*,*,#11905,.T.);
#11910=ORIENTED_EDGE('',*,*,#11907,.T.);
#11911=DIRECTION('',(0.0003183971011792295,0.9999812034408238,-0.006123021176504453));
#11912=AXIS2_PLACEMENT_3D('',#9947,#11877,#11911);
#11913=PLANE('',#11912);
#11914=EDGE_LOOP('',(#11908,#11909,#11910));
#11915=FACE_BOUND('',#11914,.T.);
#11916=ADVANCED_FACE('',(#11915),#11913,.T.);
#11917=LINE('',#9937,#504);
#11918=EDGE_CURVE('',#9938,#9952,#11917,.T.);
#11919=LINE('',#9951,#6806);
#11920=EDGE_CURVE('',#9952,#9954,#11919,.T.);
#11921=DIRECTION('',(-0.0049773372317309505,-0.9954674463463001,0.09497257171866873));
#11922=VECTOR('',#11921,1000.0);
#11923=LINE('',#9953,#11922);
#11924=EDGE_CURVE('',#9954,#9938,#11923,.T.);
#11925=ORIENTED_EDGE('',*,*,#11918,.T.);
#11926=ORIENTED_EDGE('',*,*,#11920,.T.);
#11927=ORIENTED_EDGE('',*,*,#11924,.T.);
#11928=DIRECTION('',(-0.9986295151600524,0.0,-0.05233633012734879));
#11929=AXIS2_PLACEMENT_3D('',#9937,#11928,#503);
#11930=PLANE('',#11929);
#11931=EDGE_LOOP('',(#11925,#11926,#11927));
#11932=FACE_BOUND('',#11931,.T.);
#11933=ADVANCED_FACE('',(#11932),#11930,.T.);
#11934=LINE('',#9955,#504);
#11935=EDGE_CURVE('',#9956,#9944,#11934,.T.);
#11936=DIRECTION('',(0.0049773372317309505,-0.9954674463463001,-0.09497257171866873));
#11937=VECTOR('',#11936,1000.0);
#11938=LINE('',#9943,#11937);
#11939=EDGE_CURVE('',#9944,#9958,#11938,.T.);
#11940=LINE('',#9957,#7286);
#11941=EDGE_CURVE('',#9958,#9956,#11940,.T.);
#11942=ORIENTED_EDGE('',*,*,#11935,.T.);
#11943=ORIENTED_EDGE('',*,*,#11939,.T.);
#11944=ORIENTED_EDGE('',*,*,#11941,.T.);
#11945=DIRECTION('',(-0.9986295151600524,0.0,-0.05233633012734879));
#11946=AXIS2_PLACEMENT_3D('',#9955,#11945,#503);
#11947=PLANE('',#11946);
#11948=EDGE_LOOP('',(#11942,#11943,#11944));
#11949=FACE_BOUND('',#11948,.T.);
#11950=ADVANCED_FACE('',(#11949),#11947,.T.);
#11951=LINE('',#9947,#7286);
#11952=EDGE_CURVE('',#9948,#9958,#11951,.T.);
#11953=ORIENTED_EDGE('',*,*,#11939,.F.);
#11954=ORIENTED_EDGE('',*,*,#11894,.F.);
#11955=ORIENTED_EDGE('',*,*,#11952,.T.);
#11956=DIRECTION('',(-0.9986295381998732,-4.2057592815514276e-08,-0.05233589050265709));
#11957=DIRECTION('',(-0.0049773372317309505,0.9954674463463001,0.09497257171866873));
#11958=AXIS2_PLACEMENT_3D('',#9957,#11956,#11957);
#11959=PLANE('',#11958);
#11960=EDGE_LOOP('',(#11953,#11954,#11955));
#11961=FACE_BOUND('',#11960,.T.);
#11962=ADVANCED_FACE('',(#11961),#11959,.T.);
#11963=DIRECTION('',(-0.025826713996495575,-0.8697571575728865,0.4928036806831662));
#11964=VECTOR('',#11963,1000.0);
#11965=LINE('',#9947,#11964);
#11966=EDGE_CURVE('',#9948,#9954,#11965,.T.);
#11967=LINE('',#9953,#504);
#11968=EDGE_CURVE('',#9954,#9958,#11967,.T.);
#11969=ORIENTED_EDGE('',*,*,#11952,.F.);
#11970=ORIENTED_EDGE('',*,*,#11966,.T.);
#11971=ORIENTED_EDGE('',*,*,#11968,.T.);
#11972=DIRECTION('',(-0.9986295381998742,0.0,-0.05233589050265715));
#11973=AXIS2_PLACEMENT_3D('',#9957,#11972,#6805);
#11974=PLANE('',#11973);
#11975=EDGE_LOOP('',(#11969,#11970,#11971));
#11976=FACE_BOUND('',#11975,.T.);
#11977=ADVANCED_FACE('',(#11976),#11974,.T.);
#11978=LINE('',#9947,#483);
#11979=EDGE_CURVE('',#9948,#9940,#11978,.T.);
#11980=LINE('',#9939,#7286);
#11981=EDGE_CURVE('',#9940,#9954,#11980,.T.);
#11982=ORIENTED_EDGE('',*,*,#11966,.F.);
#11983=ORIENTED_EDGE('',*,*,#11979,.T.);
#11984=ORIENTED_EDGE('',*,*,#11981,.T.);
#11985=DIRECTION('',(-0.9986295381998742,-0.0,-0.05233589050265715));
#11986=DIRECTION('',(0.025826713996495575,0.8697571575728865,-0.4928036806831662));
#11987=AXIS2_PLACEMENT_3D('',#9953,#11985,#11986);
#11988=PLANE('',#11987);
#11989=EDGE_LOOP('',(#11982,#11983,#11984));
#11990=FACE_BOUND('',#11989,.T.);
#11991=ADVANCED_FACE('',(#11990),#11988,.T.);
#11992=DIRECTION('',(-0.05032200256527645,-0.27473590787146335,0.960201998010764));
#11993=VECTOR('',#11992,1000.0);
#11994=LINE('',#9939,#11993);
#11995=EDGE_CURVE('',#9940,#9938,#11994,.T.);
#11996=ORIENTED_EDGE('',*,*,#11981,.F.);
#11997=ORIENTED_EDGE('',*,*,#11995,.T.);
#11998=ORIENTED_EDGE('',*,*,#11924,.F.);
#11999=DIRECTION('',(-0.9986295381998732,4.2057592803571125e-08,-0.05233589050265709));
#12000=AXIS2_PLACEMENT_3D('',#9953,#11999,#6805);
#12001=PLANE('',#12000);
#12002=EDGE_LOOP('',(#11996,#11997,#11998));
#12003=FACE_BOUND('',#12002,.T.);
#12004=ADVANCED_FACE('',(#12003),#12001,.T.);
#12005=ORIENTED_EDGE('',*,*,#11995,.F.);
#12006=ORIENTED_EDGE('',*,*,#11873,.F.);
#12007=ORIENTED_EDGE('',*,*,#11845,.F.);
#12008=DIRECTION('',(-0.9986295747847211,2.4887760983255462e-06,-0.0523351923574663));
#12009=DIRECTION('',(0.05032200256527645,0.27473590787146335,-0.960201998010764));
#12010=AXIS2_PLACEMENT_3D('',#9937,#12008,#12009);
#12011=PLANE('',#12010);
#12012=EDGE_LOOP('',(#12005,#12006,#12007));
#12013=FACE_BOUND('',#12012,.T.);
#12014=ADVANCED_FACE('',(#12013),#12011,.T.);
#12015=LINE('',#9923,#741);
#12016=EDGE_CURVE('',#9924,#9946,#12015,.T.);
#12017=DIRECTION('',(0.9720699543290215,0.012282644588878655,0.23436966640902385));
#12018=VECTOR('',#12017,1000.0);
#12019=LINE('',#9945,#12018);
#12020=EDGE_CURVE('',#9946,#9926,#12019,.T.);
#12021=ORIENTED_EDGE('',*,*,#12016,.T.);
#12022=ORIENTED_EDGE('',*,*,#12020,.T.);
#12023=ORIENTED_EDGE('',*,*,#11748,.F.);
#12024=DIRECTION('',(0.0,0.9986295679710997,-0.05233532243002839));
#12025=AXIS2_PLACEMENT_3D('',#9923,#12024,#740);
#12026=PLANE('',#12025);
#12027=EDGE_LOOP('',(#12021,#12022,#12023));
#12028=FACE_BOUND('',#12027,.T.);
#12029=ADVANCED_FACE('',(#12028),#12026,.T.);
#12030=LINE('',#9943,#720);
#12031=EDGE_CURVE('',#9944,#9926,#12030,.T.);
#12032=ORIENTED_EDGE('',*,*,#12020,.F.);
#12033=ORIENTED_EDGE('',*,*,#11886,.F.);
#12034=ORIENTED_EDGE('',*,*,#12031,.T.);
#12035=DIRECTION('',(-0.9720699543290215,-0.012282644588878655,-0.23436966640902385));
#12036=AXIS2_PLACEMENT_3D('',#9925,#12024,#12035);
#12037=PLANE('',#12036);
#12038=EDGE_LOOP('',(#12032,#12033,#12034));
#12039=FACE_BOUND('',#12038,.T.);
#12040=ADVANCED_FACE('',(#12039),#12037,.T.);
#12041=DIRECTION('',(0.9805806756909201,-0.19611613513818418,0.0));
#12042=VECTOR('',#12041,1000.0);
#12043=LINE('',#9959,#12042);
#12044=EDGE_CURVE('',#9960,#9962,#12043,.T.);
#12045=DIRECTION('',(-0.19611613513818404,-0.9805806756909202,0.0));
#12046=VECTOR('',#12045,1000.0);
#12047=LINE('',#9961,#12046);
#12048=EDGE_CURVE('',#9962,#9964,#12047,.T.);
#12049=LINE('',#9963,#504);
#12050=EDGE_CURVE('',#9964,#9960,#12049,.T.);
#12051=ORIENTED_EDGE('',*,*,#12044,.T.);
#12052=ORIENTED_EDGE('',*,*,#12048,.T.);
#12053=ORIENTED_EDGE('',*,*,#12050,.T.);
#12054=AXIS2_PLACEMENT_3D('',#9959,#1100,#12041);
#12055=PLANE('',#12054);
#12056=EDGE_LOOP('',(#12051,#12052,#12053));
#12057=FACE_BOUND('',#12056,.T.);
#12058=ADVANCED_FACE('',(#12057),#12055,.T.);
#12059=LINE('',#9961,#483);
#12060=EDGE_CURVE('',#9962,#9966,#12059,.T.);
#12061=DIRECTION('',(-0.9805806756909201,-0.19611613513818418,0.0));
#12062=VECTOR('',#12061,1000.0);
#12063=LINE('',#9965,#12062);
#12064=EDGE_CURVE('',#9966,#9964,#12063,.T.);
#12065=ORIENTED_EDGE('',*,*,#12048,.F.);
#12066=ORIENTED_EDGE('',*,*,#12060,.T.);
#12067=ORIENTED_EDGE('',*,*,#12064,.T.);
#12068=DIRECTION('',(0.0,0.0,-1.0));
#12069=DIRECTION('',(0.19611613513818404,0.9805806756909202,0.0));
#12070=AXIS2_PLACEMENT_3D('',#9963,#12068,#12069);
#12071=PLANE('',#12070);
#12072=EDGE_LOOP('',(#12065,#12066,#12067));
#12073=FACE_BOUND('',#12072,.T.);
#12074=ADVANCED_FACE('',(#12073),#12071,.T.);
#12075=VECTOR('',#2066,1000.0);
#12076=LINE('',#9967,#12075);
#12077=EDGE_CURVE('',#9968,#9946,#12076,.T.);
#12078=DIRECTION('',(0.998371829989513,-0.05704111748020945,0.0));
#12079=VECTOR('',#12078,1000.0);
#12080=LINE('',#9945,#12079);
#12081=EDGE_CURVE('',#9946,#9960,#12080,.T.);
#12082=LINE('',#9959,#741);
#12083=EDGE_CURVE('',#9960,#9968,#12082,.T.);
#12084=ORIENTED_EDGE('',*,*,#12077,.T.);
#12085=ORIENTED_EDGE('',*,*,#12081,.T.);
#12086=ORIENTED_EDGE('',*,*,#12083,.T.);
#12087=DIRECTION('',(0.0,0.0,-1.0));
#12088=AXIS2_PLACEMENT_3D('',#9967,#12087,#2066);
#12089=PLANE('',#12088);
#12090=EDGE_LOOP('',(#12084,#12085,#12086));
#12091=FACE_BOUND('',#12090,.T.);
#12092=ADVANCED_FACE('',(#12091),#12089,.T.);
#12093=DIRECTION('',(-0.9918718200236853,-0.1272410807990172,0.0));
#12094=VECTOR('',#12093,1000.0);
#12095=LINE('',#9923,#12094);
#12096=EDGE_CURVE('',#9924,#9960,#12095,.T.);
#12097=ORIENTED_EDGE('',*,*,#12081,.F.);
#12098=ORIENTED_EDGE('',*,*,#12016,.F.);
#12099=ORIENTED_EDGE('',*,*,#12096,.T.);
#12100=DIRECTION('',(0.0,0.0,-1.0));
#12101=DIRECTION('',(-0.998371829989513,0.05704111748020945,0.0));
#12102=AXIS2_PLACEMENT_3D('',#9959,#12100,#12101);
#12103=PLANE('',#12102);
#12104=EDGE_LOOP('',(#12097,#12098,#12099));
#12105=FACE_BOUND('',#12104,.T.);
#12106=ADVANCED_FACE('',(#12105),#12103,.T.);
#12107=LINE('',#9923,#10403);
#12108=EDGE_CURVE('',#9924,#9962,#12107,.T.);
#12109=ORIENTED_EDGE('',*,*,#12096,.F.);
#12110=ORIENTED_EDGE('',*,*,#12108,.T.);
#12111=ORIENTED_EDGE('',*,*,#12044,.F.);
#12112=DIRECTION('',(0.9918718200236853,0.1272410807990172,0.0));
#12113=AXIS2_PLACEMENT_3D('',#9959,#1100,#12112);
#12114=PLANE('',#12113);
#12115=EDGE_LOOP('',(#12109,#12110,#12111));
#12116=FACE_BOUND('',#12115,.T.);
#12117=ADVANCED_FACE('',(#12116),#12114,.T.);
#12118=LINE('',#9921,#741);
#12119=EDGE_CURVE('',#9922,#9962,#12118,.T.);
#12120=ORIENTED_EDGE('',*,*,#12108,.F.);
#12121=ORIENTED_EDGE('',*,*,#11692,.F.);
#12122=ORIENTED_EDGE('',*,*,#12119,.T.);
#12123=DIRECTION('',(0.0,0.0,-1.0));
#12124=DIRECTION('',(0.9683221182636459,0.2497043757754472,0.0));
#12125=AXIS2_PLACEMENT_3D('',#9961,#12123,#12124);
#12126=PLANE('',#12125);
#12127=EDGE_LOOP('',(#12120,#12121,#12122));
#12128=FACE_BOUND('',#12127,.T.);
#12129=ADVANCED_FACE('',(#12128),#12126,.T.);
#12130=LINE('',#9941,#720);
#12131=EDGE_CURVE('',#9942,#9970,#12130,.T.);
#12132=LINE('',#9969,#10403);
#12133=EDGE_CURVE('',#9970,#9936,#12132,.T.);
#12134=ORIENTED_EDGE('',*,*,#11869,.F.);
#12135=ORIENTED_EDGE('',*,*,#12131,.T.);
#12136=ORIENTED_EDGE('',*,*,#12133,.T.);
#12137=DIRECTION('',(0.0,0.0,-1.0));
#12138=AXIS2_PLACEMENT_3D('',#9935,#12137,#503);
#12139=PLANE('',#12138);
#12140=EDGE_LOOP('',(#12134,#12135,#12136));
#12141=FACE_BOUND('',#12140,.T.);
#12142=ADVANCED_FACE('',(#12141),#12139,.T.);
#12143=DIRECTION('',(0.9683221182636459,-0.2497043757754472,0.0));
#12144=VECTOR('',#12143,1000.0);
#12145=LINE('',#9945,#12144);
#12146=EDGE_CURVE('',#9946,#9972,#12145,.T.);
#12147=LINE('',#9971,#741);
#12148=EDGE_CURVE('',#9972,#9950,#12147,.T.);
#12149=ORIENTED_EDGE('',*,*,#11905,.F.);
#12150=ORIENTED_EDGE('',*,*,#12146,.T.);
#12151=ORIENTED_EDGE('',*,*,#12148,.T.);
#12152=DIRECTION('',(0.0,0.0,-1.0));
#12153=AXIS2_PLACEMENT_3D('',#9949,#12152,#503);
#12154=PLANE('',#12153);
#12155=EDGE_LOOP('',(#12149,#12150,#12151));
#12156=FACE_BOUND('',#12155,.T.);
#12157=ADVANCED_FACE('',(#12156),#12154,.T.);
#12158=LINE('',#9967,#12062);
#12159=EDGE_CURVE('',#9968,#9972,#12158,.T.);
#12160=ORIENTED_EDGE('',*,*,#12146,.F.);
#12161=ORIENTED_EDGE('',*,*,#12077,.F.);
#12162=ORIENTED_EDGE('',*,*,#12159,.T.);
#12163=DIRECTION('',(0.0,0.0,-1.0));
#12164=DIRECTION('',(-0.9683221182636459,0.2497043757754472,0.0));
#12165=AXIS2_PLACEMENT_3D('',#9971,#12163,#12164);
#12166=PLANE('',#12165);
#12167=EDGE_LOOP('',(#12160,#12161,#12162));
#12168=FACE_BOUND('',#12167,.T.);
#12169=ADVANCED_FACE('',(#12168),#12166,.T.);
#12170=LINE('',#9967,#12046);
#12171=EDGE_CURVE('',#9968,#9970,#12170,.T.);
#12172=LINE('',#9969,#504);
#12173=EDGE_CURVE('',#9970,#9972,#12172,.T.);
#12174=ORIENTED_EDGE('',*,*,#12159,.F.);
#12175=ORIENTED_EDGE('',*,*,#12171,.T.);
#12176=ORIENTED_EDGE('',*,*,#12173,.T.);
#12177=DIRECTION('',(0.9805806756909201,0.19611613513818418,0.0));
#12178=AXIS2_PLACEMENT_3D('',#9971,#1100,#12177);
#12179=PLANE('',#12178);
#12180=EDGE_LOOP('',(#12174,#12175,#12176));
#12181=FACE_BOUND('',#12180,.T.);
#12182=ADVANCED_FACE('',(#12181),#12179,.T.);
#12183=LINE('',#9967,#483);
#12184=EDGE_CURVE('',#9968,#9974,#12183,.T.);
#12185=DIRECTION('',(-0.9805806756909201,0.19611613513818418,0.0));
#12186=VECTOR('',#12185,1000.0);
#12187=LINE('',#9973,#12186);
#12188=EDGE_CURVE('',#9974,#9970,#12187,.T.);
#12189=ORIENTED_EDGE('',*,*,#12171,.F.);
#12190=ORIENTED_EDGE('',*,*,#12184,.T.);
#12191=ORIENTED_EDGE('',*,*,#12188,.T.);
#12192=DIRECTION('',(0.0,0.0,-1.0));
#12193=AXIS2_PLACEMENT_3D('',#9969,#12192,#12069);
#12194=PLANE('',#12193);
#12195=EDGE_LOOP('',(#12189,#12190,#12191));
#12196=FACE_BOUND('',#12195,.T.);
#12197=ADVANCED_FACE('',(#12196),#12194,.T.);
#12198=LINE('',#9973,#12094);
#12199=EDGE_CURVE('',#9974,#9936,#12198,.T.);
#12200=ORIENTED_EDGE('',*,*,#12188,.F.);
#12201=ORIENTED_EDGE('',*,*,#12199,.T.);
#12202=ORIENTED_EDGE('',*,*,#12133,.F.);
#12203=AXIS2_PLACEMENT_3D('',#9969,#1100,#12041);
#12204=PLANE('',#12203);
#12205=EDGE_LOOP('',(#12200,#12201,#12202));
#12206=FACE_BOUND('',#12205,.T.);
#12207=ADVANCED_FACE('',(#12206),#12204,.T.);
#12208=LINE('',#9973,#720);
#12209=EDGE_CURVE('',#9974,#9964,#12208,.T.);
#12210=DIRECTION('',(-0.998371829989513,-0.05704111748020945,0.0));
#12211=VECTOR('',#12210,1000.0);
#12212=LINE('',#9963,#12211);
#12213=EDGE_CURVE('',#9964,#9936,#12212,.T.);
#12214=ORIENTED_EDGE('',*,*,#12199,.F.);
#12215=ORIENTED_EDGE('',*,*,#12209,.T.);
#12216=ORIENTED_EDGE('',*,*,#12213,.T.);
#12217=DIRECTION('',(0.0,0.0,-1.0));
#12218=AXIS2_PLACEMENT_3D('',#9935,#12217,#12112);
#12219=PLANE('',#12218);
#12220=EDGE_LOOP('',(#12214,#12215,#12216));
#12221=FACE_BOUND('',#12220,.T.);
#12222=ADVANCED_FACE('',(#12221),#12219,.T.);
#12223=LINE('',#9963,#2041);
#12224=EDGE_CURVE('',#9964,#9930,#12223,.T.);
#12225=ORIENTED_EDGE('',*,*,#12213,.F.);
#12226=ORIENTED_EDGE('',*,*,#12224,.T.);
#12227=ORIENTED_EDGE('',*,*,#11837,.F.);
#12228=DIRECTION('',(0.0,0.0,-1.0));
#12229=DIRECTION('',(0.998371829989513,0.05704111748020945,0.0));
#12230=AXIS2_PLACEMENT_3D('',#9935,#12228,#12229);
#12231=PLANE('',#12230);
#12232=EDGE_LOOP('',(#12225,#12226,#12227));
#12233=FACE_BOUND('',#12232,.T.);
#12234=ADVANCED_FACE('',(#12233),#12231,.T.);
#12235=LINE('',#9965,#12144);
#12236=EDGE_CURVE('',#9966,#9930,#12235,.T.);
#12237=ORIENTED_EDGE('',*,*,#12224,.F.);
#12238=ORIENTED_EDGE('',*,*,#12064,.F.);
#12239=ORIENTED_EDGE('',*,*,#12236,.T.);
#12240=DIRECTION('',(0.0,0.0,-1.0));
#12241=AXIS2_PLACEMENT_3D('',#9929,#12240,#2066);
#12242=PLANE('',#12241);
#12243=EDGE_LOOP('',(#12237,#12238,#12239));
#12244=FACE_BOUND('',#12243,.T.);
#12245=ADVANCED_FACE('',(#12244),#12242,.T.);
#12246=LINE('',#9965,#720);
#12247=EDGE_CURVE('',#9966,#9932,#12246,.T.);
#12248=ORIENTED_EDGE('',*,*,#12236,.F.);
#12249=ORIENTED_EDGE('',*,*,#12247,.T.);
#12250=ORIENTED_EDGE('',*,*,#11727,.F.);
#12251=DIRECTION('',(0.0,0.0,-1.0));
#12252=AXIS2_PLACEMENT_3D('',#9929,#12251,#12164);
#12253=PLANE('',#12252);
#12254=EDGE_LOOP('',(#12248,#12249,#12250));
#12255=FACE_BOUND('',#12254,.T.);
#12256=ADVANCED_FACE('',(#12255),#12253,.T.);
#12257=DIRECTION('',(-0.05226415069117572,-0.05226415069117586,0.9972647176678117));
#12258=VECTOR('',#12257,1000.0);
#12259=LINE('',#9925,#12258);
#12260=EDGE_CURVE('',#9926,#9900,#12259,.T.);
#12261=DIRECTION('',(0.05134563011990311,-0.1935889218044551,-0.9797382076974331));
#12262=VECTOR('',#12261,1000.0);
#12263=LINE('',#9899,#12262);
#12264=EDGE_CURVE('',#9900,#9894,#12263,.T.);
#12265=ORIENTED_EDGE('',*,*,#11708,.F.);
#12266=ORIENTED_EDGE('',*,*,#12260,.T.);
#12267=ORIENTED_EDGE('',*,*,#12264,.T.);
#12268=DIRECTION('',(0.998629549331045,-0.0,0.05233567810656663));
#12269=AXIS2_PLACEMENT_3D('',#9893,#12268,#503);
#12270=PLANE('',#12269);
#12271=EDGE_LOOP('',(#12265,#12266,#12267));
#12272=FACE_BOUND('',#12271,.T.);
#12273=ADVANCED_FACE('',(#12272),#12270,.T.);
#12274=DIRECTION('',(-0.05134563011990311,-0.1935889218044551,0.9797382076974331));
#12275=VECTOR('',#12274,1000.0);
#12276=LINE('',#9915,#12275);
#12277=EDGE_CURVE('',#9916,#9898,#12276,.T.);
#12278=LINE('',#9897,#11884);
#12279=EDGE_CURVE('',#9898,#9918,#12278,.T.);
#12280=ORIENTED_EDGE('',*,*,#11672,.F.);
#12281=ORIENTED_EDGE('',*,*,#12277,.T.);
#12282=ORIENTED_EDGE('',*,*,#12279,.T.);
#12283=AXIS2_PLACEMENT_3D('',#9917,#12268,#503);
#12284=PLANE('',#12283);
#12285=EDGE_LOOP('',(#12280,#12281,#12282));
#12286=FACE_BOUND('',#12285,.T.);
#12287=ADVANCED_FACE('',(#12286),#12284,.T.);
#12288=LINE('',#9915,#504);
#12289=EDGE_CURVE('',#9916,#9976,#12288,.T.);
#12290=DIRECTION('',(-0.04294280566246595,-0.5716086277554518,0.8194019112238907));
#12291=VECTOR('',#12290,1000.0);
#12292=LINE('',#9975,#12291);
#12293=EDGE_CURVE('',#9976,#9898,#12292,.T.);
#12294=ORIENTED_EDGE('',*,*,#12277,.F.);
#12295=ORIENTED_EDGE('',*,*,#12289,.T.);
#12296=ORIENTED_EDGE('',*,*,#12293,.T.);
#12297=DIRECTION('',(0.05134563011990311,0.1935889218044551,-0.9797382076974331));
#12298=AXIS2_PLACEMENT_3D('',#9897,#12268,#12297);
#12299=PLANE('',#12298);
#12300=EDGE_LOOP('',(#12294,#12295,#12296));
#12301=FACE_BOUND('',#12300,.T.);
#12302=ADVANCED_FACE('',(#12301),#12299,.T.);
#12303=DIRECTION('',(-0.03357128497698263,0.7671558289137463,0.6405816911125832));
#12304=VECTOR('',#12303,1000.0);
#12305=LINE('',#9975,#12304);
#12306=EDGE_CURVE('',#9976,#9900,#12305,.T.);
#12307=ORIENTED_EDGE('',*,*,#12293,.F.);
#12308=ORIENTED_EDGE('',*,*,#12306,.T.);
#12309=ORIENTED_EDGE('',*,*,#11606,.F.);
#12310=DIRECTION('',(0.998629549331045,0.0,0.05233567810656661));
#12311=DIRECTION('',(0.04294280566246595,0.5716086277554518,-0.8194019112238907));
#12312=AXIS2_PLACEMENT_3D('',#9897,#12310,#12311);
#12313=PLANE('',#12312);
#12314=EDGE_LOOP('',(#12307,#12308,#12309));
#12315=FACE_BOUND('',#12314,.T.);
#12316=ADVANCED_FACE('',(#12315),#12313,.T.);
#12317=LINE('',#9975,#504);
#12318=EDGE_CURVE('',#9976,#9896,#12317,.T.);
#12319=DIRECTION('',(-0.04294280566246595,0.5716086277554518,0.8194019112238907));
#12320=VECTOR('',#12319,1000.0);
#12321=LINE('',#9895,#12320);
#12322=EDGE_CURVE('',#9896,#9900,#12321,.T.);
#12323=ORIENTED_EDGE('',*,*,#12306,.F.);
#12324=ORIENTED_EDGE('',*,*,#12318,.T.);
#12325=ORIENTED_EDGE('',*,*,#12322,.T.);
#12326=DIRECTION('',(0.03357128497698263,-0.7671558289137463,-0.6405816911125832));
#12327=AXIS2_PLACEMENT_3D('',#9899,#12268,#12326);
#12328=PLANE('',#12327);
#12329=EDGE_LOOP('',(#12323,#12324,#12325));
#12330=FACE_BOUND('',#12329,.T.);
#12331=ADVANCED_FACE('',(#12330),#12328,.T.);
#12332=LINE('',#9895,#504);
#12333=EDGE_CURVE('',#9896,#9894,#12332,.T.);
#12334=ORIENTED_EDGE('',*,*,#12322,.F.);
#12335=ORIENTED_EDGE('',*,*,#12333,.T.);
#12336=ORIENTED_EDGE('',*,*,#12264,.F.);
#12337=DIRECTION('',(0.04294280566246595,-0.5716086277554518,-0.8194019112238907));
#12338=AXIS2_PLACEMENT_3D('',#9899,#12268,#12337);
#12339=PLANE('',#12338);
#12340=EDGE_LOOP('',(#12334,#12335,#12336));
#12341=FACE_BOUND('',#12340,.T.);
#12342=ADVANCED_FACE('',(#12341),#12339,.T.);
#12343=DIRECTION('',(0.05226484572139602,-0.05226484572139629,0.997264644817732));
#12344=VECTOR('',#12343,1000.0);
#12345=LINE('',#9943,#12344);
#12346=EDGE_CURVE('',#9944,#9978,#12345,.T.);
#12347=DIRECTION('',(0.7426880331354586,-0.035045468099202254,0.6687198969696444));
#12348=VECTOR('',#12347,1000.0);
#12349=LINE('',#9977,#12348);
#12350=EDGE_CURVE('',#9978,#9906,#12349,.T.);
#12351=DIRECTION('',(-0.5017110102452319,0.04527220876817927,-0.8638498071493442));
#12352=VECTOR('',#12351,1000.0);
#12353=LINE('',#9905,#12352);
#12354=EDGE_CURVE('',#9906,#9944,#12353,.T.);
#12355=ORIENTED_EDGE('',*,*,#12346,.T.);
#12356=ORIENTED_EDGE('',*,*,#12350,.T.);
#12357=ORIENTED_EDGE('',*,*,#12354,.T.);
#12358=DIRECTION('',(-1.324442256099342e-06,0.9986295091275941,0.052336445215800116));
#12359=DIRECTION('',(0.05226484572139602,-0.05226484572139629,0.997264644817732));
#12360=AXIS2_PLACEMENT_3D('',#9943,#12358,#12359);
#12361=PLANE('',#12360);
#12362=EDGE_LOOP('',(#12355,#12356,#12357));
#12363=FACE_BOUND('',#12362,.T.);
#12364=ADVANCED_FACE('',(#12363),#12361,.T.);
#12365=DIRECTION('',(-0.9329114882955727,-0.018846378894135703,0.359612248135013));
#12366=VECTOR('',#12365,1000.0);
#12367=LINE('',#9925,#12366);
#12368=EDGE_CURVE('',#9926,#9904,#12367,.T.);
#12369=ORIENTED_EDGE('',*,*,#12260,.F.);
#12370=ORIENTED_EDGE('',*,*,#12368,.T.);
#12371=ORIENTED_EDGE('',*,*,#11623,.F.);
#12372=DIRECTION('',(0.0,0.998629549331045,0.05233567810656676));
#12373=DIRECTION('',(0.05226415069117572,0.05226415069117586,-0.9972647176678117));
#12374=AXIS2_PLACEMENT_3D('',#9899,#12372,#12373);
#12375=PLANE('',#12374);
#12376=EDGE_LOOP('',(#12369,#12370,#12371));
#12377=FACE_BOUND('',#12376,.T.);
#12378=ADVANCED_FACE('',(#12377),#12375,.T.);
#12379=DIRECTION('',(0.7335422357224118,-0.03556962274515497,0.6787124504155886));
#12380=VECTOR('',#12379,1000.0);
#12381=LINE('',#9943,#12380);
#12382=EDGE_CURVE('',#9944,#9904,#12381,.T.);
#12383=ORIENTED_EDGE('',*,*,#12368,.F.);
#12384=ORIENTED_EDGE('',*,*,#12031,.F.);
#12385=ORIENTED_EDGE('',*,*,#12382,.T.);
#12386=DIRECTION('',(0.0,0.998629549331045,0.052335678106566766));
#12387=DIRECTION('',(0.9329114882955727,0.018846378894135703,-0.359612248135013));
#12388=AXIS2_PLACEMENT_3D('',#9903,#12386,#12387);
#12389=PLANE('',#12388);
#12390=EDGE_LOOP('',(#12383,#12384,#12385));
#12391=FACE_BOUND('',#12390,.T.);
#12392=ADVANCED_FACE('',(#12391),#12389,.T.);
#12393=DIRECTION('',(0.576102263770721,-0.04277801226799107,0.8162574491817212));
#12394=VECTOR('',#12393,1000.0);
#12395=LINE('',#9943,#12394);
#12396=EDGE_CURVE('',#9944,#9910,#12395,.T.);
#12397=LINE('',#9909,#720);
#12398=EDGE_CURVE('',#9910,#9904,#12397,.T.);
#12399=ORIENTED_EDGE('',*,*,#12382,.F.);
#12400=ORIENTED_EDGE('',*,*,#12396,.T.);
#12401=ORIENTED_EDGE('',*,*,#12398,.T.);
#12402=DIRECTION('',(0.0,0.9986295493310449,0.052335678106566766));
#12403=DIRECTION('',(-0.7335422357224118,0.03556962274515497,-0.6787124504155886));
#12404=AXIS2_PLACEMENT_3D('',#9903,#12402,#12403);
#12405=PLANE('',#12404);
#12406=EDGE_LOOP('',(#12399,#12400,#12401));
#12407=FACE_BOUND('',#12406,.T.);
#12408=ADVANCED_FACE('',(#12407),#12405,.T.);
#12409=ORIENTED_EDGE('',*,*,#12396,.F.);
#12410=ORIENTED_EDGE('',*,*,#12354,.F.);
#12411=ORIENTED_EDGE('',*,*,#11643,.F.);
#12412=DIRECTION('',(0.0,0.9986295493310449,0.05233567810656674));
#12413=DIRECTION('',(-0.576102263770721,0.04277801226799107,-0.8162574491817212));
#12414=AXIS2_PLACEMENT_3D('',#9909,#12412,#12413);
#12415=PLANE('',#12414);
#12416=EDGE_LOOP('',(#12409,#12410,#12411));
#12417=FACE_BOUND('',#12416,.T.);
#12418=ADVANCED_FACE('',(#12417),#12415,.T.);
#12419=LINE('',#9937,#11746);
#12420=EDGE_CURVE('',#9938,#9980,#12419,.T.);
#12421=DIRECTION('',(-0.04779269900931898,0.40754932661300564,-0.9119316883948547));
#12422=VECTOR('',#12421,1000.0);
#12423=LINE('',#9979,#12422);
#12424=EDGE_CURVE('',#9980,#9952,#12423,.T.);
#12425=ORIENTED_EDGE('',*,*,#12420,.T.);
#12426=ORIENTED_EDGE('',*,*,#12424,.T.);
#12427=ORIENTED_EDGE('',*,*,#11918,.F.);
#12428=DIRECTION('',(-0.9986295127562471,0.0,0.05233637599433536));
#12429=AXIS2_PLACEMENT_3D('',#9937,#12428,#11745);
#12430=PLANE('',#12429);
#12431=EDGE_LOOP('',(#12425,#12426,#12427));
#12432=FACE_BOUND('',#12431,.T.);
#12433=ADVANCED_FACE('',(#12432),#12430,.T.);
#12434=LINE('',#9979,#504);
#12435=EDGE_CURVE('',#9980,#9978,#12434,.T.);
#12436=DIRECTION('',(-0.01461680227230327,-0.9602080443942684,-0.2789029590590014));
#12437=VECTOR('',#12436,1000.0);
#12438=LINE('',#9977,#12437);
#12439=EDGE_CURVE('',#9978,#9952,#12438,.T.);
#12440=ORIENTED_EDGE('',*,*,#12424,.F.);
#12441=ORIENTED_EDGE('',*,*,#12435,.T.);
#12442=ORIENTED_EDGE('',*,*,#12439,.T.);
#12443=DIRECTION('',(-0.9986295127562471,0.0,0.052336375994335355));
#12444=DIRECTION('',(0.04779269900931898,-0.40754932661300564,0.9119316883948547));
#12445=AXIS2_PLACEMENT_3D('',#9951,#12443,#12444);
#12446=PLANE('',#12445);
#12447=EDGE_LOOP('',(#12440,#12441,#12442));
#12448=FACE_BOUND('',#12447,.T.);
#12449=ADVANCED_FACE('',(#12448),#12446,.T.);
#12450=DIRECTION('',(-0.04779269900931898,-0.40754932661300564,-0.9119316883948547));
#12451=VECTOR('',#12450,1000.0);
#12452=LINE('',#9977,#12451);
#12453=EDGE_CURVE('',#9978,#9956,#12452,.T.);
#12454=LINE('',#9955,#483);
#12455=EDGE_CURVE('',#9956,#9952,#12454,.T.);
#12456=ORIENTED_EDGE('',*,*,#12439,.F.);
#12457=ORIENTED_EDGE('',*,*,#12453,.T.);
#12458=ORIENTED_EDGE('',*,*,#12455,.T.);
#12459=DIRECTION('',(-0.9986295127562471,0.0,0.05233637599433535));
#12460=DIRECTION('',(0.01461680227230327,0.9602080443942684,0.2789029590590014));
#12461=AXIS2_PLACEMENT_3D('',#9951,#12459,#12460);
#12462=PLANE('',#12461);
#12463=EDGE_LOOP('',(#12456,#12457,#12458));
#12464=FACE_BOUND('',#12463,.T.);
#12465=ADVANCED_FACE('',(#12464),#12462,.T.);
#12466=ORIENTED_EDGE('',*,*,#12453,.F.);
#12467=ORIENTED_EDGE('',*,*,#12346,.F.);
#12468=ORIENTED_EDGE('',*,*,#11935,.F.);
#12469=DIRECTION('',(-0.9986295127562471,0.0,0.05233637599433536));
#12470=DIRECTION('',(0.04779269900931898,0.40754932661300564,0.9119316883948547));
#12471=AXIS2_PLACEMENT_3D('',#9955,#12469,#12470);
#12472=PLANE('',#12471);
#12473=EDGE_LOOP('',(#12466,#12467,#12468));
#12474=FACE_BOUND('',#12473,.T.);
#12475=ADVANCED_FACE('',(#12474),#12472,.T.);
#12476=DIRECTION('',(-0.9638535845896438,-0.013943924615970958,-0.26606734944370464));
#12477=VECTOR('',#12476,1000.0);
#12478=LINE('',#9897,#12477);
#12479=EDGE_CURVE('',#9898,#9938,#12478,.T.);
#12480=ORIENTED_EDGE('',*,*,#11856,.F.);
#12481=ORIENTED_EDGE('',*,*,#12279,.F.);
#12482=ORIENTED_EDGE('',*,*,#12479,.T.);
#12483=DIRECTION('',(0.0,-0.998629549331045,0.052335678106566766));
#12484=AXIS2_PLACEMENT_3D('',#9937,#12483,#12);
#12485=PLANE('',#12484);
#12486=EDGE_LOOP('',(#12480,#12481,#12482));
#12487=FACE_BOUND('',#12486,.T.);
#12488=ADVANCED_FACE('',(#12487),#12485,.T.);
#12489=DIRECTION('',(-0.7426880331354586,-0.035045468099202254,-0.6687198969696444));
#12490=VECTOR('',#12489,1000.0);
#12491=LINE('',#9907,#12490);
#12492=EDGE_CURVE('',#9908,#9980,#12491,.T.);
#12493=DIRECTION('',(0.8054615962835682,0.031016218676835638,0.5918357974061023));
#12494=VECTOR('',#12493,1000.0);
#12495=LINE('',#9979,#12494);
#12496=EDGE_CURVE('',#9980,#9912,#12495,.T.);
#12497=ORIENTED_EDGE('',*,*,#12492,.T.);
#12498=ORIENTED_EDGE('',*,*,#12496,.T.);
#12499=ORIENTED_EDGE('',*,*,#11654,.F.);
#12500=DIRECTION('',(0.0,-0.9986295860057081,0.05233497830388509));
#12501=AXIS2_PLACEMENT_3D('',#9907,#12500,#12489);
#12502=PLANE('',#12501);
#12503=EDGE_LOOP('',(#12497,#12498,#12499));
#12504=FACE_BOUND('',#12503,.T.);
#12505=ADVANCED_FACE('',(#12504),#12502,.T.);
#12506=DIRECTION('',(0.576102263770721,0.04277801226799107,0.8162574491817212));
#12507=VECTOR('',#12506,1000.0);
#12508=LINE('',#9937,#12507);
#12509=EDGE_CURVE('',#9938,#9912,#12508,.T.);
#12510=ORIENTED_EDGE('',*,*,#12496,.F.);
#12511=ORIENTED_EDGE('',*,*,#12420,.F.);
#12512=ORIENTED_EDGE('',*,*,#12509,.T.);
#12513=DIRECTION('',(-1.0710581724898994e-06,-0.9986295098219413,0.05233643197278568));
#12514=DIRECTION('',(-0.8054615962835682,-0.031016218676835638,-0.5918357974061023));
#12515=AXIS2_PLACEMENT_3D('',#9911,#12513,#12514);
#12516=PLANE('',#12515);
#12517=EDGE_LOOP('',(#12510,#12511,#12512));
#12518=FACE_BOUND('',#12517,.T.);
#12519=ADVANCED_FACE('',(#12518),#12516,.T.);
#12520=DIRECTION('',(0.7335422357224118,0.03556962274515497,0.6787124504155886));
#12521=VECTOR('',#12520,1000.0);
#12522=LINE('',#9937,#12521);
#12523=EDGE_CURVE('',#9938,#9902,#12522,.T.);
#12524=LINE('',#9901,#741);
#12525=EDGE_CURVE('',#9902,#9912,#12524,.T.);
#12526=ORIENTED_EDGE('',*,*,#12509,.F.);
#12527=ORIENTED_EDGE('',*,*,#12523,.T.);
#12528=ORIENTED_EDGE('',*,*,#12525,.T.);
#12529=DIRECTION('',(0.0,-0.9986295493310449,0.052335678106566766));
#12530=DIRECTION('',(-0.576102263770721,-0.04277801226799107,-0.8162574491817212));
#12531=AXIS2_PLACEMENT_3D('',#9911,#12529,#12530);
#12532=PLANE('',#12531);
#12533=EDGE_LOOP('',(#12526,#12527,#12528));
#12534=FACE_BOUND('',#12533,.T.);
#12535=ADVANCED_FACE('',(#12534),#12532,.T.);
#12536=ORIENTED_EDGE('',*,*,#12523,.F.);
#12537=ORIENTED_EDGE('',*,*,#12479,.F.);
#12538=ORIENTED_EDGE('',*,*,#11612,.F.);
#12539=DIRECTION('',(0.0,-0.9986295493310449,0.05233567810656676));
#12540=DIRECTION('',(-0.7335422357224118,-0.03556962274515497,-0.6787124504155886));
#12541=AXIS2_PLACEMENT_3D('',#9901,#12539,#12540);
#12542=PLANE('',#12541);
#12543=EDGE_LOOP('',(#12536,#12537,#12538));
#12544=FACE_BOUND('',#12543,.T.);
#12545=ADVANCED_FACE('',(#12544),#12542,.T.);
#12546=LINE('',#9833,#691);
#12547=EDGE_CURVE('',#9834,#9974,#12546,.T.);
#12548=DIRECTION('',(0.0,0.986017556480507,-0.1666414663647977));
#12549=VECTOR('',#12548,1000.0);
#12550=LINE('',#9973,#12549);
#12551=EDGE_CURVE('',#9974,#9836,#12550,.T.);
#12552=ORIENTED_EDGE('',*,*,#12547,.T.);
#12553=ORIENTED_EDGE('',*,*,#12551,.T.);
#12554=ORIENTED_EDGE('',*,*,#11054,.F.);
#12555=AXIS2_PLACEMENT_3D('',#9833,#740,#11);
#12556=PLANE('',#12555);
#12557=EDGE_LOOP('',(#12552,#12553,#12554));
#12558=FACE_BOUND('',#12557,.T.);
#12559=ADVANCED_FACE('',(#12558),#12556,.T.);
#12560=DIRECTION('',(0.0,-0.9901802234338846,-0.13979672786021255));
#12561=VECTOR('',#12560,1000.0);
#12562=LINE('',#9967,#12561);
#12563=EDGE_CURVE('',#9968,#9836,#12562,.T.);
#12564=ORIENTED_EDGE('',*,*,#12551,.F.);
#12565=ORIENTED_EDGE('',*,*,#12184,.F.);
#12566=ORIENTED_EDGE('',*,*,#12563,.T.);
#12567=DIRECTION('',(0.0,-0.986017556480507,0.1666414663647977));
#12568=AXIS2_PLACEMENT_3D('',#9835,#740,#12567);
#12569=PLANE('',#12568);
#12570=EDGE_LOOP('',(#12564,#12565,#12566));
#12571=FACE_BOUND('',#12570,.T.);
#12572=ADVANCED_FACE('',(#12571),#12569,.T.);
#12573=DIRECTION('',(0.0,0.0,-1.0));
#12574=VECTOR('',#12573,1000.0);
#12575=LINE('',#9967,#12574);
#12576=EDGE_CURVE('',#9968,#9852,#12575,.T.);
#12577=ORIENTED_EDGE('',*,*,#12563,.F.);
#12578=ORIENTED_EDGE('',*,*,#12576,.T.);
#12579=ORIENTED_EDGE('',*,*,#11201,.F.);
#12580=DIRECTION('',(0.0,0.9901802234338846,0.13979672786021255));
#12581=AXIS2_PLACEMENT_3D('',#9835,#740,#12580);
#12582=PLANE('',#12581);
#12583=EDGE_LOOP('',(#12577,#12578,#12579));
#12584=FACE_BOUND('',#12583,.T.);
#12585=ADVANCED_FACE('',(#12584),#12582,.T.);
#12586=DIRECTION('',(0.9826149055413103,0.0,-0.1856554534831713));
#12587=VECTOR('',#12586,1000.0);
#12588=LINE('',#9967,#12587);
#12589=EDGE_CURVE('',#9968,#9704,#12588,.T.);
#12590=ORIENTED_EDGE('',*,*,#12576,.F.);
#12591=ORIENTED_EDGE('',*,*,#12589,.T.);
#12592=ORIENTED_EDGE('',*,*,#11232,.F.);
#12593=AXIS2_PLACEMENT_3D('',#9851,#730,#11);
#12594=PLANE('',#12593);
#12595=EDGE_LOOP('',(#12590,#12591,#12592));
#12596=FACE_BOUND('',#12595,.T.);
#12597=ADVANCED_FACE('',(#12596),#12594,.T.);
#12598=DIRECTION('',(-0.9849947234293311,0.0,-0.17258445705328104));
#12599=VECTOR('',#12598,1000.0);
#12600=LINE('',#9959,#12599);
#12601=EDGE_CURVE('',#9960,#9704,#12600,.T.);
#12602=ORIENTED_EDGE('',*,*,#12589,.F.);
#12603=ORIENTED_EDGE('',*,*,#12083,.F.);
#12604=ORIENTED_EDGE('',*,*,#12601,.T.);
#12605=DIRECTION('',(0.0,1.0,-0.0));
#12606=DIRECTION('',(-0.9826149055413103,0.0,0.1856554534831713));
#12607=AXIS2_PLACEMENT_3D('',#9703,#12605,#12606);
#12608=PLANE('',#12607);
#12609=EDGE_LOOP('',(#12602,#12603,#12604));
#12610=FACE_BOUND('',#12609,.T.);
#12611=ADVANCED_FACE('',(#12610),#12608,.T.);
#12612=DIRECTION('',(0.0,0.0,-1.0));
#12613=VECTOR('',#12612,1000.0);
#12614=LINE('',#9959,#12613);
#12615=EDGE_CURVE('',#9960,#9786,#12614,.T.);
#12616=ORIENTED_EDGE('',*,*,#12601,.F.);
#12617=ORIENTED_EDGE('',*,*,#12615,.T.);
#12618=ORIENTED_EDGE('',*,*,#10592,.F.);
#12619=DIRECTION('',(0.9849947234293311,0.0,0.17258445705328104));
#12620=AXIS2_PLACEMENT_3D('',#9703,#730,#12619);
#12621=PLANE('',#12620);
#12622=EDGE_LOOP('',(#12616,#12617,#12618));
#12623=FACE_BOUND('',#12622,.T.);
#12624=ADVANCED_FACE('',(#12623),#12621,.T.);
#12625=LINE('',#9959,#12561);
#12626=EDGE_CURVE('',#9960,#9790,#12625,.T.);
#12627=ORIENTED_EDGE('',*,*,#12615,.F.);
#12628=ORIENTED_EDGE('',*,*,#12626,.T.);
#12629=ORIENTED_EDGE('',*,*,#10622,.F.);
#12630=DIRECTION('',(1.0,0.0,-0.0));
#12631=AXIS2_PLACEMENT_3D('',#9785,#12630,#11);
#12632=PLANE('',#12631);
#12633=EDGE_LOOP('',(#12627,#12628,#12629));
#12634=FACE_BOUND('',#12633,.T.);
#12635=ADVANCED_FACE('',(#12634),#12632,.T.);
#12636=LINE('',#9963,#12549);
#12637=EDGE_CURVE('',#9964,#9790,#12636,.T.);
#12638=ORIENTED_EDGE('',*,*,#12626,.F.);
#12639=ORIENTED_EDGE('',*,*,#12050,.F.);
#12640=ORIENTED_EDGE('',*,*,#12637,.T.);
#12641=DIRECTION('',(1.0,0.0,-0.0));
#12642=AXIS2_PLACEMENT_3D('',#9789,#12641,#12580);
#12643=PLANE('',#12642);
#12644=EDGE_LOOP('',(#12638,#12639,#12640));
#12645=FACE_BOUND('',#12644,.T.);
#12646=ADVANCED_FACE('',(#12645),#12643,.T.);
#12647=DIRECTION('',(0.0,0.0,-1.0));
#12648=VECTOR('',#12647,1000.0);
#12649=LINE('',#9963,#12648);
#12650=EDGE_CURVE('',#9964,#9826,#12649,.T.);
#12651=ORIENTED_EDGE('',*,*,#12637,.F.);
#12652=ORIENTED_EDGE('',*,*,#12650,.T.);
#12653=ORIENTED_EDGE('',*,*,#10993,.F.);
#12654=AXIS2_PLACEMENT_3D('',#9789,#12,#12567);
#12655=PLANE('',#12654);
#12656=EDGE_LOOP('',(#12651,#12652,#12653));
#12657=FACE_BOUND('',#12656,.T.);
#12658=ADVANCED_FACE('',(#12657),#12655,.T.);
#12659=LINE('',#9963,#12599);
#12660=EDGE_CURVE('',#9964,#9830,#12659,.T.);
#12661=ORIENTED_EDGE('',*,*,#12650,.F.);
#12662=ORIENTED_EDGE('',*,*,#12660,.T.);
#12663=ORIENTED_EDGE('',*,*,#11024,.F.);
#12664=DIRECTION('',(-0.0,-1.0,0.0));
#12665=AXIS2_PLACEMENT_3D('',#9825,#12664,#11);
#12666=PLANE('',#12665);
#12667=EDGE_LOOP('',(#12661,#12662,#12663));
#12668=FACE_BOUND('',#12667,.T.);
#12669=ADVANCED_FACE('',(#12668),#12666,.T.);
#12670=LINE('',#9973,#12587);
#12671=EDGE_CURVE('',#9974,#9830,#12670,.T.);
#12672=ORIENTED_EDGE('',*,*,#12660,.F.);
#12673=ORIENTED_EDGE('',*,*,#12209,.F.);
#12674=ORIENTED_EDGE('',*,*,#12671,.T.);
#12675=AXIS2_PLACEMENT_3D('',#9829,#482,#12619);
#12676=PLANE('',#12675);
#12677=EDGE_LOOP('',(#12672,#12673,#12674));
#12678=FACE_BOUND('',#12677,.T.);
#12679=ADVANCED_FACE('',(#12678),#12676,.T.);
#12680=ORIENTED_EDGE('',*,*,#12671,.F.);
#12681=ORIENTED_EDGE('',*,*,#12547,.F.);
#12682=ORIENTED_EDGE('',*,*,#11060,.F.);
#12683=AXIS2_PLACEMENT_3D('',#9829,#920,#12606);
#12684=PLANE('',#12683);
#12685=EDGE_LOOP('',(#12680,#12681,#12682));
#12686=FACE_BOUND('',#12685,.T.);
#12687=ADVANCED_FACE('',(#12686),#12684,.T.);
#12688=DIRECTION('',(-0.26904350146386236,0.9321649354810618,-0.24224806991935444));
#12689=VECTOR('',#12688,1000.0);
#12690=LINE('',#9907,#12689);
#12691=EDGE_CURVE('',#9908,#9978,#12690,.T.);
#12692=ORIENTED_EDGE('',*,*,#12492,.F.);
#12693=ORIENTED_EDGE('',*,*,#12691,.T.);
#12694=ORIENTED_EDGE('',*,*,#12435,.F.);
#12695=DIRECTION('',(-0.6691309314460758,0.0,0.74314453276742));
#12696=DIRECTION('',(0.7426880331354586,0.035045468099202254,0.6687198969696444));
#12697=AXIS2_PLACEMENT_3D('',#9979,#12695,#12696);
#12698=PLANE('',#12697);
#12699=EDGE_LOOP('',(#12692,#12693,#12694));
#12700=FACE_BOUND('',#12699,.T.);
#12701=ADVANCED_FACE('',(#12700),#12698,.T.);
#12702=ORIENTED_EDGE('',*,*,#12691,.F.);
#12703=ORIENTED_EDGE('',*,*,#11637,.F.);
#12704=ORIENTED_EDGE('',*,*,#12350,.F.);
#12705=DIRECTION('',(0.26904350146386236,-0.9321649354810618,0.24224806991935444));
#12706=AXIS2_PLACEMENT_3D('',#9977,#12695,#12705);
#12707=PLANE('',#12706);
#12708=EDGE_LOOP('',(#12702,#12703,#12704));
#12709=FACE_BOUND('',#12708,.T.);
#12710=ADVANCED_FACE('',(#12709),#12707,.T.);
#12711=LINE('',#9997,#504);
#12712=EDGE_CURVE('',#9998,#9984,#12711,.T.);
#12713=VECTOR('',#1443,1000.0);
#12714=LINE('',#9983,#12713);
#12715=EDGE_CURVE('',#9984,#9982,#12714,.T.);
#12716=DIRECTION('',(0.0,-0.9899494936611666,-0.14142135623730956));
#12717=VECTOR('',#12716,1000.0);
#12718=LINE('',#9981,#12717);
#12719=EDGE_CURVE('',#9982,#9998,#12718,.T.);
#12720=ORIENTED_EDGE('',*,*,#12712,.T.);
#12721=ORIENTED_EDGE('',*,*,#12715,.T.);
#12722=ORIENTED_EDGE('',*,*,#12719,.T.);
#12723=AXIS2_PLACEMENT_3D('',#9997,#12,#503);
#12724=PLANE('',#12723);
#12725=EDGE_LOOP('',(#12720,#12721,#12722));
#12726=FACE_BOUND('',#12725,.T.);
#12727=ADVANCED_FACE('',(#12726),#12724,.T.);
#12728=DIRECTION('',(0.0,0.9937082257627604,0.11199983058659958));
#12729=VECTOR('',#12728,1000.0);
#12730=LINE('',#9983,#12729);
#12731=EDGE_CURVE('',#9984,#9986,#12730,.T.);
#12732=DIRECTION('',(0.0,0.6234933526833758,0.7818286507666776));
#12733=VECTOR('',#12732,1000.0);
#12734=LINE('',#9985,#12733);
#12735=EDGE_CURVE('',#9986,#9982,#12734,.T.);
#12736=ORIENTED_EDGE('',*,*,#12731,.T.);
#12737=ORIENTED_EDGE('',*,*,#12735,.T.);
#12738=ORIENTED_EDGE('',*,*,#12715,.F.);
#12739=DIRECTION('',(0.0,0.9937082257627604,0.11199983058659958));
#12740=AXIS2_PLACEMENT_3D('',#9983,#12,#12739);
#12741=PLANE('',#12740);
#12742=EDGE_LOOP('',(#12736,#12737,#12738));
#12743=FACE_BOUND('',#12742,.T.);
#12744=ADVANCED_FACE('',(#12743),#12741,.T.);
#12745=VECTOR('',#9467,1000.0);
#12746=LINE('',#9985,#12745);
#12747=EDGE_CURVE('',#9986,#9988,#12746,.T.);
#12748=VECTOR('',#9551,1000.0);
#12749=LINE('',#9987,#12748);
#12750=EDGE_CURVE('',#9988,#9982,#12749,.T.);
#12751=ORIENTED_EDGE('',*,*,#12735,.F.);
#12752=ORIENTED_EDGE('',*,*,#12747,.T.);
#12753=ORIENTED_EDGE('',*,*,#12750,.T.);
#12754=DIRECTION('',(0.0,-0.6234933526833758,-0.7818286507666776));
#12755=AXIS2_PLACEMENT_3D('',#9981,#6120,#12754);
#12756=PLANE('',#12755);
#12757=EDGE_LOOP('',(#12751,#12752,#12753));
#12758=FACE_BOUND('',#12757,.T.);
#12759=ADVANCED_FACE('',(#12758),#12756,.T.);
#12760=LINE('',#9987,#12733);
#12761=EDGE_CURVE('',#9988,#9996,#12760,.T.);
#12762=VECTOR('',#9605,1000.0);
#12763=LINE('',#9995,#12762);
#12764=EDGE_CURVE('',#9996,#9982,#12763,.T.);
#12765=ORIENTED_EDGE('',*,*,#12750,.F.);
#12766=ORIENTED_EDGE('',*,*,#12761,.T.);
#12767=ORIENTED_EDGE('',*,*,#12764,.T.);
#12768=AXIS2_PLACEMENT_3D('',#9981,#6120,#7771);
#12769=PLANE('',#12768);
#12770=EDGE_LOOP('',(#12765,#12766,#12767));
#12771=FACE_BOUND('',#12770,.T.);
#12772=ADVANCED_FACE('',(#12771),#12769,.T.);
#12773=DIRECTION('',(0.0,0.9119215051751064,-0.41036467732879783));
#12774=VECTOR('',#12773,1000.0);
#12775=LINE('',#9975,#12774);
#12776=EDGE_CURVE('',#9976,#9982,#12775,.T.);
#12777=LINE('',#9981,#691);
#12778=EDGE_CURVE('',#9982,#9896,#12777,.T.);
#12779=ORIENTED_EDGE('',*,*,#12318,.F.);
#12780=ORIENTED_EDGE('',*,*,#12776,.T.);
#12781=ORIENTED_EDGE('',*,*,#12778,.T.);
#12782=AXIS2_PLACEMENT_3D('',#9895,#12,#482);
#12783=PLANE('',#12782);
#12784=EDGE_LOOP('',(#12779,#12780,#12781));
#12785=FACE_BOUND('',#12784,.T.);
#12786=ADVANCED_FACE('',(#12785),#12783,.T.);
#12787=DIRECTION('',(0.0,0.0,-1.0));
#12788=VECTOR('',#12787,1000.0);
#12789=LINE('',#9975,#12788);
#12790=EDGE_CURVE('',#9976,#10000,#12789,.T.);
#12791=LINE('',#9999,#504);
#12792=EDGE_CURVE('',#10000,#9982,#12791,.T.);
#12793=ORIENTED_EDGE('',*,*,#12776,.F.);
#12794=ORIENTED_EDGE('',*,*,#12790,.T.);
#12795=ORIENTED_EDGE('',*,*,#12792,.T.);
#12796=DIRECTION('',(0.0,-0.9119215051751064,0.41036467732879783));
#12797=AXIS2_PLACEMENT_3D('',#9981,#12,#12796);
#12798=PLANE('',#12797);
#12799=EDGE_LOOP('',(#12793,#12794,#12795));
#12800=FACE_BOUND('',#12799,.T.);
#12801=ADVANCED_FACE('',(#12800),#12798,.T.);
#12802=DIRECTION('',(0.0,0.7071067811865475,-0.7071067811865475));
#12803=VECTOR('',#12802,1000.0);
#12804=LINE('',#9999,#12803);
#12805=EDGE_CURVE('',#10000,#9998,#12804,.T.);
#12806=ORIENTED_EDGE('',*,*,#12792,.F.);
#12807=ORIENTED_EDGE('',*,*,#12805,.T.);
#12808=ORIENTED_EDGE('',*,*,#12719,.F.);
#12809=AXIS2_PLACEMENT_3D('',#9981,#12,#482);
#12810=PLANE('',#12809);
#12811=EDGE_LOOP('',(#12806,#12807,#12808));
#12812=FACE_BOUND('',#12811,.T.);
#12813=ADVANCED_FACE('',(#12812),#12810,.T.);
#12814=DIRECTION('',(0.0,0.11199983058659958,-0.9937082257627604));
#12815=VECTOR('',#12814,1000.0);
#12816=LINE('',#9999,#12815);
#12817=EDGE_CURVE('',#10000,#10002,#12816,.T.);
#12818=DIRECTION('',(0.0,0.7818286507666776,-0.6234933526833758));
#12819=VECTOR('',#12818,1000.0);
#12820=LINE('',#10001,#12819);
#12821=EDGE_CURVE('',#10002,#9998,#12820,.T.);
#12822=ORIENTED_EDGE('',*,*,#12805,.F.);
#12823=ORIENTED_EDGE('',*,*,#12817,.T.);
#12824=ORIENTED_EDGE('',*,*,#12821,.T.);
#12825=DIRECTION('',(0.0,-0.7071067811865475,0.7071067811865475));
#12826=AXIS2_PLACEMENT_3D('',#9997,#12,#12825);
#12827=PLANE('',#12826);
#12828=EDGE_LOOP('',(#12822,#12823,#12824));
#12829=FACE_BOUND('',#12828,.T.);
#12830=ADVANCED_FACE('',(#12829),#12827,.T.);
#12831=DIRECTION('',(0.0,0.33028676965320647,-0.943880633232852));
#12832=VECTOR('',#12831,1000.0);
#12833=LINE('',#10001,#12832);
#12834=EDGE_CURVE('',#10002,#10004,#12833,.T.);
#12835=DIRECTION('',(0.0,0.8467202571796656,-0.5320383501981799));
#12836=VECTOR('',#12835,1000.0);
#12837=LINE('',#10003,#12836);
#12838=EDGE_CURVE('',#10004,#9998,#12837,.T.);
#12839=ORIENTED_EDGE('',*,*,#12821,.F.);
#12840=ORIENTED_EDGE('',*,*,#12834,.T.);
#12841=ORIENTED_EDGE('',*,*,#12838,.T.);
#12842=DIRECTION('',(0.0,-0.7818286507666776,0.6234933526833758));
#12843=AXIS2_PLACEMENT_3D('',#9997,#12,#12842);
#12844=PLANE('',#12843);
#12845=EDGE_LOOP('',(#12839,#12840,#12841));
#12846=FACE_BOUND('',#12845,.T.);
#12847=ADVANCED_FACE('',(#12846),#12844,.T.);
#12848=DIRECTION('',(0.0,0.5319886075605698,-0.8467515110265622));
#12849=VECTOR('',#12848,1000.0);
#12850=LINE('',#10003,#12849);
#12851=EDGE_CURVE('',#10004,#10006,#12850,.T.);
#12852=DIRECTION('',(0.0,0.9009663001464601,-0.43388907107738817));
#12853=VECTOR('',#12852,1000.0);
#12854=LINE('',#10005,#12853);
#12855=EDGE_CURVE('',#10006,#9998,#12854,.T.);
#12856=ORIENTED_EDGE('',*,*,#12851,.T.);
#12857=ORIENTED_EDGE('',*,*,#12855,.T.);
#12858=ORIENTED_EDGE('',*,*,#12838,.F.);
#12859=DIRECTION('',(0.0,0.5319886075605698,-0.8467515110265622));
#12860=AXIS2_PLACEMENT_3D('',#10003,#12,#12859);
#12861=PLANE('',#12860);
#12862=EDGE_LOOP('',(#12856,#12857,#12858));
#12863=FACE_BOUND('',#12862,.T.);
#12864=ADVANCED_FACE('',(#12863),#12861,.T.);
#12865=DIRECTION('',(0.0,0.7071067811865475,-0.7071067811865475));
#12866=VECTOR('',#12865,1000.0);
#12867=LINE('',#10005,#12866);
#12868=EDGE_CURVE('',#10006,#10008,#12867,.T.);
#12869=DIRECTION('',(0.0,0.9438857314311471,-0.33027219986049117));
#12870=VECTOR('',#12869,1000.0);
#12871=LINE('',#10007,#12870);
#12872=EDGE_CURVE('',#10008,#9998,#12871,.T.);
#12873=ORIENTED_EDGE('',*,*,#12855,.F.);
#12874=ORIENTED_EDGE('',*,*,#12868,.T.);
#12875=ORIENTED_EDGE('',*,*,#12872,.T.);
#12876=DIRECTION('',(0.0,-0.9009663001464601,0.43388907107738817));
#12877=AXIS2_PLACEMENT_3D('',#9997,#12,#12876);
#12878=PLANE('',#12877);
#12879=EDGE_LOOP('',(#12873,#12874,#12875));
#12880=FACE_BOUND('',#12879,.T.);
#12881=ADVANCED_FACE('',(#12880),#12878,.T.);
#12882=LINE('',#10007,#12853);
#12883=EDGE_CURVE('',#10008,#10012,#12882,.T.);
#12884=DIRECTION('',(0.0,0.9937082257627604,-0.11199983058659958));
#12885=VECTOR('',#12884,1000.0);
#12886=LINE('',#10011,#12885);
#12887=EDGE_CURVE('',#10012,#9998,#12886,.T.);
#12888=ORIENTED_EDGE('',*,*,#12872,.F.);
#12889=ORIENTED_EDGE('',*,*,#12883,.T.);
#12890=ORIENTED_EDGE('',*,*,#12887,.T.);
#12891=AXIS2_PLACEMENT_3D('',#9997,#12,#7665);
#12892=PLANE('',#12891);
#12893=EDGE_LOOP('',(#12888,#12889,#12890));
#12894=FACE_BOUND('',#12893,.T.);
#12895=ADVANCED_FACE('',(#12894),#12892,.T.);
#12896=DIRECTION('',(0.0,0.8467515110265622,-0.5319886075605698));
#12897=VECTOR('',#12896,1000.0);
#12898=LINE('',#10007,#12897);
#12899=EDGE_CURVE('',#10008,#10010,#12898,.T.);
#12900=DIRECTION('',(0.0,0.943880633232852,-0.33028676965320647));
#12901=VECTOR('',#12900,1000.0);
#12902=LINE('',#10009,#12901);
#12903=EDGE_CURVE('',#10010,#10012,#12902,.T.);
#12904=ORIENTED_EDGE('',*,*,#12883,.F.);
#12905=ORIENTED_EDGE('',*,*,#12899,.T.);
#12906=ORIENTED_EDGE('',*,*,#12903,.T.);
#12907=AXIS2_PLACEMENT_3D('',#10011,#12,#12876);
#12908=PLANE('',#12907);
#12909=EDGE_LOOP('',(#12904,#12905,#12906));
#12910=FACE_BOUND('',#12909,.T.);
#12911=ADVANCED_FACE('',(#12910),#12908,.T.);
#12912=LINE('',#9987,#12713);
#12913=EDGE_CURVE('',#9988,#9994,#12912,.T.);
#12914=VECTOR('',#9578,1000.0);
#12915=LINE('',#9993,#12914);
#12916=EDGE_CURVE('',#9994,#9996,#12915,.T.);
#12917=ORIENTED_EDGE('',*,*,#12761,.F.);
#12918=ORIENTED_EDGE('',*,*,#12913,.T.);
#12919=ORIENTED_EDGE('',*,*,#12916,.T.);
#12920=AXIS2_PLACEMENT_3D('',#9995,#6120,#12754);
#12921=PLANE('',#12920);
#12922=EDGE_LOOP('',(#12917,#12918,#12919));
#12923=FACE_BOUND('',#12922,.T.);
#12924=ADVANCED_FACE('',(#12923),#12921,.T.);
#12925=VECTOR('',#9496,1000.0);
#12926=LINE('',#9987,#12925);
#12927=EDGE_CURVE('',#9988,#9990,#12926,.T.);
#12928=LINE('',#9989,#12733);
#12929=EDGE_CURVE('',#9990,#9994,#12928,.T.);
#12930=ORIENTED_EDGE('',*,*,#12913,.F.);
#12931=ORIENTED_EDGE('',*,*,#12927,.T.);
#12932=ORIENTED_EDGE('',*,*,#12929,.T.);
#12933=AXIS2_PLACEMENT_3D('',#9993,#6120,#1421);
#12934=PLANE('',#12933);
#12935=EDGE_LOOP('',(#12930,#12931,#12932));
#12936=FACE_BOUND('',#12935,.T.);
#12937=ADVANCED_FACE('',(#12936),#12934,.T.);
#12938=LINE('',#9989,#12713);
#12939=EDGE_CURVE('',#9990,#9992,#12938,.T.);
#12940=LINE('',#9991,#12748);
#12941=EDGE_CURVE('',#9992,#9994,#12940,.T.);
#12942=ORIENTED_EDGE('',*,*,#12929,.F.);
#12943=ORIENTED_EDGE('',*,*,#12939,.T.);
#12944=ORIENTED_EDGE('',*,*,#12941,.T.);
#12945=AXIS2_PLACEMENT_3D('',#9993,#6120,#12754);
#12946=PLANE('',#12945);
#12947=EDGE_LOOP('',(#12942,#12943,#12944));
#12948=FACE_BOUND('',#12947,.T.);
#12949=ADVANCED_FACE('',(#12948),#12946,.T.);
#12950=LINE('',#10013,#741);
#12951=EDGE_CURVE('',#10014,#10016,#12950,.T.);
#12952=DIRECTION('',(0.40536055715533914,0.9141568895450676,0.0));
#12953=VECTOR('',#12952,1000.0);
#12954=LINE('',#10015,#12953);
#12955=EDGE_CURVE('',#10016,#10018,#12954,.T.);
#12956=LINE('',#10017,#10576);
#12957=EDGE_CURVE('',#10018,#10014,#12956,.T.);
#12958=ORIENTED_EDGE('',*,*,#12951,.T.);
#12959=ORIENTED_EDGE('',*,*,#12955,.T.);
#12960=ORIENTED_EDGE('',*,*,#12957,.T.);
#12961=DIRECTION('',(0.0,0.0,-1.0));
#12962=AXIS2_PLACEMENT_3D('',#10013,#12961,#740);
#12963=PLANE('',#12962);
#12964=EDGE_LOOP('',(#12958,#12959,#12960));
#12965=FACE_BOUND('',#12964,.T.);
#12966=ADVANCED_FACE('',(#12965),#12963,.T.);
#12967=LINE('',#10015,#754);
#12968=EDGE_CURVE('',#10016,#10028,#12967,.T.);
#12969=LINE('',#10027,#720);
#12970=EDGE_CURVE('',#10028,#10018,#12969,.T.);
#12971=ORIENTED_EDGE('',*,*,#12955,.F.);
#12972=ORIENTED_EDGE('',*,*,#12968,.T.);
#12973=ORIENTED_EDGE('',*,*,#12970,.T.);
#12974=DIRECTION('',(-0.40536055715533914,-0.9141568895450676,0.0));
#12975=AXIS2_PLACEMENT_3D('',#10017,#1054,#12974);
#12976=PLANE('',#12975);
#12977=EDGE_LOOP('',(#12971,#12972,#12973));
#12978=FACE_BOUND('',#12977,.T.);
#12979=ADVANCED_FACE('',(#12978),#12976,.T.);
#12980=DIRECTION('',(0.5856953340167448,0.8105312922466433,0.0));
#12981=VECTOR('',#12980,1000.0);
#12982=LINE('',#10027,#12981);
#12983=EDGE_CURVE('',#10028,#10020,#12982,.T.);
#12984=DIRECTION('',(0.2672999072340154,-0.9636133869932935,0.0));
#12985=VECTOR('',#12984,1000.0);
#12986=LINE('',#10019,#12985);
#12987=EDGE_CURVE('',#10020,#10018,#12986,.T.);
#12988=ORIENTED_EDGE('',*,*,#12970,.F.);
#12989=ORIENTED_EDGE('',*,*,#12983,.T.);
#12990=ORIENTED_EDGE('',*,*,#12987,.T.);
#12991=DIRECTION('',(0.0,0.0,-1.0));
#12992=AXIS2_PLACEMENT_3D('',#10017,#12991,#740);
#12993=PLANE('',#12992);
#12994=EDGE_LOOP('',(#12988,#12989,#12990));
#12995=FACE_BOUND('',#12994,.T.);
#12996=ADVANCED_FACE('',(#12995),#12993,.T.);
#12997=DIRECTION('',(0.2481006674679166,0.9687342560279234,0.0));
#12998=VECTOR('',#12997,1000.0);
#12999=LINE('',#10027,#12998);
#13000=EDGE_CURVE('',#10028,#10026,#12999,.T.);
#13001=DIRECTION('',(0.9999768049554552,-0.00681098752601285,0.0));
#13002=VECTOR('',#13001,1000.0);
#13003=LINE('',#10025,#13002);
#13004=EDGE_CURVE('',#10026,#10020,#13003,.T.);
#13005=ORIENTED_EDGE('',*,*,#12983,.F.);
#13006=ORIENTED_EDGE('',*,*,#13000,.T.);
#13007=ORIENTED_EDGE('',*,*,#13004,.T.);
#13008=DIRECTION('',(-0.5856953340167448,-0.8105312922466433,0.0));
#13009=AXIS2_PLACEMENT_3D('',#10019,#1054,#13008);
#13010=PLANE('',#13009);
#13011=EDGE_LOOP('',(#13005,#13006,#13007));
#13012=FACE_BOUND('',#13011,.T.);
#13013=ADVANCED_FACE('',(#13012),#13010,.T.);
#13014=DIRECTION('',(0.2662786809155438,0.9638960857322111,0.0));
#13015=VECTOR('',#13014,1000.0);
#13016=LINE('',#10025,#13015);
#13017=EDGE_CURVE('',#10026,#10022,#13016,.T.);
#13018=DIRECTION('',(0.17744348311931632,-0.9841309924489142,0.0));
#13019=VECTOR('',#13018,1000.0);
#13020=LINE('',#10021,#13019);
#13021=EDGE_CURVE('',#10022,#10020,#13020,.T.);
#13022=ORIENTED_EDGE('',*,*,#13004,.F.);
#13023=ORIENTED_EDGE('',*,*,#13017,.T.);
#13024=ORIENTED_EDGE('',*,*,#13021,.T.);
#13025=DIRECTION('',(0.0,0.0,-1.0));
#13026=DIRECTION('',(-0.9999768049554552,0.00681098752601285,0.0));
#13027=AXIS2_PLACEMENT_3D('',#10019,#13025,#13026);
#13028=PLANE('',#13027);
#13029=EDGE_LOOP('',(#13022,#13023,#13024));
#13030=FACE_BOUND('',#13029,.T.);
#13031=ADVANCED_FACE('',(#13030),#13028,.T.);
#13032=DIRECTION('',(0.18148122149102722,0.9833944103187311,0.0));
#13033=VECTOR('',#13032,1000.0);
#13034=LINE('',#10025,#13033);
#13035=EDGE_CURVE('',#10026,#10024,#13034,.T.);
#13036=LINE('',#10023,#720);
#13037=EDGE_CURVE('',#10024,#10022,#13036,.T.);
#13038=ORIENTED_EDGE('',*,*,#13017,.F.);
#13039=ORIENTED_EDGE('',*,*,#13035,.T.);
#13040=ORIENTED_EDGE('',*,*,#13037,.T.);
#13041=DIRECTION('',(-0.2662786809155438,-0.9638960857322111,0.0));
#13042=AXIS2_PLACEMENT_3D('',#10021,#1054,#13041);
#13043=PLANE('',#13042);
#13044=EDGE_LOOP('',(#13038,#13039,#13040));
#13045=FACE_BOUND('',#13044,.T.);
#13046=ADVANCED_FACE('',(#13045),#13043,.T.);
#13047=LINE('',#10031,#483);
#13048=EDGE_CURVE('',#10032,#10062,#13047,.T.);
#13049=DIRECTION('',(-0.18568470722730052,0.9826093778821327,0.0));
#13050=VECTOR('',#13049,1000.0);
#13051=LINE('',#10061,#13050);
#13052=EDGE_CURVE('',#10062,#10030,#13051,.T.);
#13053=LINE('',#10029,#720);
#13054=EDGE_CURVE('',#10030,#10032,#13053,.T.);
#13055=ORIENTED_EDGE('',*,*,#13048,.T.);
#13056=ORIENTED_EDGE('',*,*,#13052,.T.);
#13057=ORIENTED_EDGE('',*,*,#13054,.T.);
#13058=AXIS2_PLACEMENT_3D('',#10031,#950,#482);
#13059=PLANE('',#13058);
#13060=EDGE_LOOP('',(#13055,#13056,#13057));
#13061=FACE_BOUND('',#13060,.T.);
#13062=ADVANCED_FACE('',(#13061),#13059,.T.);
#13063=LINE('',#10061,#741);
#13064=EDGE_CURVE('',#10062,#10060,#13063,.T.);
#13065=DIRECTION('',(-0.007085114733610523,0.9999749002596073,0.0));
#13066=VECTOR('',#13065,1000.0);
#13067=LINE('',#10059,#13066);
#13068=EDGE_CURVE('',#10060,#10030,#13067,.T.);
#13069=ORIENTED_EDGE('',*,*,#13052,.F.);
#13070=ORIENTED_EDGE('',*,*,#13064,.T.);
#13071=ORIENTED_EDGE('',*,*,#13068,.T.);
#13072=DIRECTION('',(0.18568470722730052,-0.9826093778821327,0.0));
#13073=AXIS2_PLACEMENT_3D('',#10029,#950,#13072);
#13074=PLANE('',#13073);
#13075=EDGE_LOOP('',(#13069,#13070,#13071));
#13076=FACE_BOUND('',#13075,.T.);
#13077=ADVANCED_FACE('',(#13076),#13074,.T.);
#13078=DIRECTION('',(-0.9956959514402992,0.09267994543264173,0.0));
#13079=VECTOR('',#13078,1000.0);
#13080=LINE('',#10059,#13079);
#13081=EDGE_CURVE('',#10060,#10058,#13080,.T.);
#13082=DIRECTION('',(0.12864050572210725,0.991691292836415,0.0));
#13083=VECTOR('',#13082,1000.0);
#13084=LINE('',#10057,#13083);
#13085=EDGE_CURVE('',#10058,#10030,#13084,.T.);
#13086=ORIENTED_EDGE('',*,*,#13068,.F.);
#13087=ORIENTED_EDGE('',*,*,#13081,.T.);
#13088=ORIENTED_EDGE('',*,*,#13085,.T.);
#13089=DIRECTION('',(0.007085114733610523,-0.9999749002596073,0.0));
#13090=AXIS2_PLACEMENT_3D('',#10029,#950,#13089);
#13091=PLANE('',#13090);
#13092=EDGE_LOOP('',(#13086,#13087,#13088));
#13093=FACE_BOUND('',#13092,.T.);
#13094=ADVANCED_FACE('',(#13093),#13091,.T.);
#13095=DIRECTION('',(0.08509164668187001,0.996373128734897,0.0));
#13096=VECTOR('',#13095,1000.0);
#13097=LINE('',#10045,#13096);
#13098=EDGE_CURVE('',#10046,#10044,#13097,.T.);
#13099=DIRECTION('',(0.8044923145330088,0.5939630593372976,0.0));
#13100=VECTOR('',#13099,1000.0);
#13101=LINE('',#10043,#13100);
#13102=EDGE_CURVE('',#10044,#10030,#13101,.T.);
#13103=DIRECTION('',(-0.7149362491163423,-0.6991896450173267,0.0));
#13104=VECTOR('',#13103,1000.0);
#13105=LINE('',#10029,#13104);
#13106=EDGE_CURVE('',#10030,#10046,#13105,.T.);
#13107=ORIENTED_EDGE('',*,*,#13098,.T.);
#13108=ORIENTED_EDGE('',*,*,#13102,.T.);
#13109=ORIENTED_EDGE('',*,*,#13106,.T.);
#13110=DIRECTION('',(0.0,0.0,-1.0));
#13111=AXIS2_PLACEMENT_3D('',#10045,#13110,#13095);
#13112=PLANE('',#13111);
#13113=EDGE_LOOP('',(#13107,#13108,#13109));
#13114=FACE_BOUND('',#13113,.T.);
#13115=ADVANCED_FACE('',(#13114),#13112,.T.);
#13116=DIRECTION('',(0.28303941364866614,0.9591082787263486,0.0));
#13117=VECTOR('',#13116,1000.0);
#13118=LINE('',#10043,#13117);
#13119=EDGE_CURVE('',#10044,#10042,#13118,.T.);
#13120=DIRECTION('',(0.8705832612912047,0.49202112267622217,0.0));
#13121=VECTOR('',#13120,1000.0);
#13122=LINE('',#10041,#13121);
#13123=EDGE_CURVE('',#10042,#10030,#13122,.T.);
#13124=ORIENTED_EDGE('',*,*,#13102,.F.);
#13125=ORIENTED_EDGE('',*,*,#13119,.T.);
#13126=ORIENTED_EDGE('',*,*,#13123,.T.);
#13127=DIRECTION('',(-0.8044923145330088,-0.5939630593372976,0.0));
#13128=AXIS2_PLACEMENT_3D('',#10029,#1054,#13127);
#13129=PLANE('',#13128);
#13130=EDGE_LOOP('',(#13124,#13125,#13126));
#13131=FACE_BOUND('',#13130,.T.);
#13132=ADVANCED_FACE('',(#13131),#13129,.T.);
#13133=DIRECTION('',(0.7837410556289002,0.6210877214385236,0.0));
#13134=VECTOR('',#13133,1000.0);
#13135=LINE('',#10041,#13134);
#13136=EDGE_CURVE('',#10042,#10034,#13135,.T.);
#13137=LINE('',#10033,#1714);
#13138=EDGE_CURVE('',#10034,#10030,#13137,.T.);
#13139=ORIENTED_EDGE('',*,*,#13123,.F.);
#13140=ORIENTED_EDGE('',*,*,#13136,.T.);
#13141=ORIENTED_EDGE('',*,*,#13138,.T.);
#13142=DIRECTION('',(-0.8705832612912047,-0.49202112267622217,0.0));
#13143=AXIS2_PLACEMENT_3D('',#10029,#1054,#13142);
#13144=PLANE('',#13143);
#13145=EDGE_LOOP('',(#13139,#13140,#13141));
#13146=FACE_BOUND('',#13145,.T.);
#13147=ADVANCED_FACE('',(#13146),#13144,.T.);
#13148=DIRECTION('',(-0.954576802327062,0.2979649785780891,0.0));
#13149=VECTOR('',#13148,1000.0);
#13150=LINE('',#10057,#13149);
#13151=EDGE_CURVE('',#10058,#10056,#13150,.T.);
#13152=DIRECTION('',(0.24011698689480404,0.9707439583147354,0.0));
#13153=VECTOR('',#13152,1000.0);
#13154=LINE('',#10055,#13153);
#13155=EDGE_CURVE('',#10056,#10030,#13154,.T.);
#13156=ORIENTED_EDGE('',*,*,#13151,.T.);
#13157=ORIENTED_EDGE('',*,*,#13155,.T.);
#13158=ORIENTED_EDGE('',*,*,#13085,.F.);
#13159=DIRECTION('',(0.0,0.0,-1.0));
#13160=AXIS2_PLACEMENT_3D('',#10057,#13159,#13148);
#13161=PLANE('',#13160);
#13162=EDGE_LOOP('',(#13156,#13157,#13158));
#13163=FACE_BOUND('',#13162,.T.);
#13164=ADVANCED_FACE('',(#13163),#13161,.T.);
#13165=DIRECTION('',(-0.8598426348254705,0.5105591477354927,0.0));
#13166=VECTOR('',#13165,1000.0);
#13167=LINE('',#10055,#13166);
#13168=EDGE_CURVE('',#10056,#10054,#13167,.T.);
#13169=DIRECTION('',(0.3374315583107937,0.9413500642460005,0.0));
#13170=VECTOR('',#13169,1000.0);
#13171=LINE('',#10053,#13170);
#13172=EDGE_CURVE('',#10054,#10030,#13171,.T.);
#13173=ORIENTED_EDGE('',*,*,#13155,.F.);
#13174=ORIENTED_EDGE('',*,*,#13168,.T.);
#13175=ORIENTED_EDGE('',*,*,#13172,.T.);
#13176=DIRECTION('',(-0.24011698689480404,-0.9707439583147354,0.0));
#13177=AXIS2_PLACEMENT_3D('',#10029,#1054,#13176);
#13178=PLANE('',#13177);
#13179=EDGE_LOOP('',(#13173,#13174,#13175));
#13180=FACE_BOUND('',#13179,.T.);
#13181=ADVANCED_FACE('',(#13180),#13178,.T.);
#13182=DIRECTION('',(-0.7114693660477702,0.7027171131939111,0.0));
#13183=VECTOR('',#13182,1000.0);
#13184=LINE('',#10053,#13183);
#13185=EDGE_CURVE('',#10054,#10052,#13184,.T.);
#13186=DIRECTION('',(0.429474602981223,0.9030789364137118,0.0));
#13187=VECTOR('',#13186,1000.0);
#13188=LINE('',#10051,#13187);
#13189=EDGE_CURVE('',#10052,#10030,#13188,.T.);
#13190=ORIENTED_EDGE('',*,*,#13172,.F.);
#13191=ORIENTED_EDGE('',*,*,#13185,.T.);
#13192=ORIENTED_EDGE('',*,*,#13189,.T.);
#13193=DIRECTION('',(-0.3374315583107937,-0.9413500642460005,0.0));
#13194=AXIS2_PLACEMENT_3D('',#10029,#1054,#13193);
#13195=PLANE('',#13194);
#13196=EDGE_LOOP('',(#13190,#13191,#13192));
#13197=FACE_BOUND('',#13196,.T.);
#13198=ADVANCED_FACE('',(#13197),#13195,.T.);
#13199=DIRECTION('',(-0.5218452971499596,0.8530401431600216,0.0));
#13200=VECTOR('',#13199,1000.0);
#13201=LINE('',#10051,#13200);
#13202=EDGE_CURVE('',#10052,#10050,#13201,.T.);
#13203=DIRECTION('',(0.517590543230577,0.8556284412981351,0.0));
#13204=VECTOR('',#13203,1000.0);
#13205=LINE('',#10049,#13204);
#13206=EDGE_CURVE('',#10050,#10030,#13205,.T.);
#13207=ORIENTED_EDGE('',*,*,#13202,.T.);
#13208=ORIENTED_EDGE('',*,*,#13206,.T.);
#13209=ORIENTED_EDGE('',*,*,#13189,.F.);
#13210=DIRECTION('',(0.0,0.0,-1.0));
#13211=AXIS2_PLACEMENT_3D('',#10051,#13210,#13199);
#13212=PLANE('',#13211);
#13213=EDGE_LOOP('',(#13207,#13208,#13209));
#13214=FACE_BOUND('',#13213,.T.);
#13215=ADVANCED_FACE('',(#13214),#13212,.T.);
#13216=DIRECTION('',(-0.29785862845740235,0.9546099923285294,0.0));
#13217=VECTOR('',#13216,1000.0);
#13218=LINE('',#10049,#13217);
#13219=EDGE_CURVE('',#10050,#10048,#13218,.T.);
#13220=DIRECTION('',(0.616224287664321,0.7875707125665606,0.0));
#13221=VECTOR('',#13220,1000.0);
#13222=LINE('',#10047,#13221);
#13223=EDGE_CURVE('',#10048,#10030,#13222,.T.);
#13224=ORIENTED_EDGE('',*,*,#13206,.F.);
#13225=ORIENTED_EDGE('',*,*,#13219,.T.);
#13226=ORIENTED_EDGE('',*,*,#13223,.T.);
#13227=DIRECTION('',(-0.517590543230577,-0.8556284412981351,0.0));
#13228=AXIS2_PLACEMENT_3D('',#10029,#1054,#13227);
#13229=PLANE('',#13228);
#13230=EDGE_LOOP('',(#13224,#13225,#13226));
#13231=FACE_BOUND('',#13230,.T.);
#13232=ADVANCED_FACE('',(#13231),#13229,.T.);
#13233=DIRECTION('',(-0.08707164466040933,0.9962020521441077,0.0));
#13234=VECTOR('',#13233,1000.0);
#13235=LINE('',#10047,#13234);
#13236=EDGE_CURVE('',#10048,#10046,#13235,.T.);
#13237=ORIENTED_EDGE('',*,*,#13223,.F.);
#13238=ORIENTED_EDGE('',*,*,#13236,.T.);
#13239=ORIENTED_EDGE('',*,*,#13106,.F.);
#13240=DIRECTION('',(-0.616224287664321,-0.7875707125665606,0.0));
#13241=AXIS2_PLACEMENT_3D('',#10029,#1054,#13240);
#13242=PLANE('',#13241);
#13243=EDGE_LOOP('',(#13237,#13238,#13239));
#13244=FACE_BOUND('',#13243,.T.);
#13245=ADVANCED_FACE('',(#13244),#13242,.T.);
#13246=DIRECTION('',(0.6856156387437579,0.7279637325512782,0.0));
#13247=VECTOR('',#13246,1000.0);
#13248=LINE('',#10039,#13247);
#13249=EDGE_CURVE('',#10040,#10038,#13248,.T.);
#13250=DIRECTION('',(-0.5925656001354314,-0.8055221967991546,0.0));
#13251=VECTOR('',#13250,1000.0);
#13252=LINE('',#10037,#13251);
#13253=EDGE_CURVE('',#10038,#10042,#13252,.T.);
#13254=DIRECTION('',(0.4907440539401512,0.8713037779800947,0.0));
#13255=VECTOR('',#13254,1000.0);
#13256=LINE('',#10041,#13255);
#13257=EDGE_CURVE('',#10042,#10040,#13256,.T.);
#13258=ORIENTED_EDGE('',*,*,#13249,.T.);
#13259=ORIENTED_EDGE('',*,*,#13253,.T.);
#13260=ORIENTED_EDGE('',*,*,#13257,.T.);
#13261=AXIS2_PLACEMENT_3D('',#10039,#1100,#13246);
#13262=PLANE('',#13261);
#13263=EDGE_LOOP('',(#13258,#13259,#13260));
#13264=FACE_BOUND('',#13263,.T.);
#13265=ADVANCED_FACE('',(#13264),#13262,.T.);
#13266=DIRECTION('',(0.839977142126364,0.5426217842155122,0.0));
#13267=VECTOR('',#13266,1000.0);
#13268=LINE('',#10037,#13267);
#13269=EDGE_CURVE('',#10038,#10036,#13268,.T.);
#13270=DIRECTION('',(-0.6979422238865076,-0.7161540700969002,0.0));
#13271=VECTOR('',#13270,1000.0);
#13272=LINE('',#10035,#13271);
#13273=EDGE_CURVE('',#10036,#10042,#13272,.T.);
#13274=ORIENTED_EDGE('',*,*,#13253,.F.);
#13275=ORIENTED_EDGE('',*,*,#13269,.T.);
#13276=ORIENTED_EDGE('',*,*,#13273,.T.);
#13277=DIRECTION('',(0.0,0.0,-1.0));
#13278=DIRECTION('',(0.5925656001354314,0.8055221967991546,0.0));
#13279=AXIS2_PLACEMENT_3D('',#10041,#13277,#13278);
#13280=PLANE('',#13279);
#13281=EDGE_LOOP('',(#13274,#13275,#13276));
#13282=FACE_BOUND('',#13281,.T.);
#13283=ADVANCED_FACE('',(#13282),#13280,.T.);
#13284=DIRECTION('',(0.9438904427706003,0.3302587350038149,0.0));
#13285=VECTOR('',#13284,1000.0);
#13286=LINE('',#10035,#13285);
#13287=EDGE_CURVE('',#10036,#10034,#13286,.T.);
#13288=ORIENTED_EDGE('',*,*,#13273,.F.);
#13289=ORIENTED_EDGE('',*,*,#13287,.T.);
#13290=ORIENTED_EDGE('',*,*,#13136,.F.);
#13291=DIRECTION('',(0.0,0.0,-1.0));
#13292=DIRECTION('',(0.6979422238865076,0.7161540700969002,0.0));
#13293=AXIS2_PLACEMENT_3D('',#10041,#13291,#13292);
#13294=PLANE('',#13293);
#13295=EDGE_LOOP('',(#13288,#13289,#13290));
#13296=FACE_BOUND('',#13295,.T.);
#13297=ADVANCED_FACE('',(#13296),#13294,.T.);
#13298=CLOSED_SHELL('',(#10080,#10096,#10112,#10129,#10147,#10162,#10178,#10193,#10208,#10226,#10241,#10256,#10269,#10284,#10297,#10311,#10330,#10348,#10364,#10380,#10399,#10414,#10430,#10445,#10460,#10475,#10490,#10501,#10515,#10531,#10543,#10558,#10575,#10590,#10605,#10620,#10636,#10651,#10667,#10683,#10699,#10715,#10729,#10745,#10760,#10774,#10785,#10800,#10814,#10828,#10842,#10857,#10868,#10883,#10895,#10910,#10924,#10939,#10951,#10965,#10977,#10991,#11007,#11022,#11037,#11052,#11069,#11083,#11094,#11107,#11123,#11134,#11153,#11171,#11184,#11199,#11214,#11230,#11246,#11260,#11276,#11292,#11311,#11327,#11341,#11356,#11374,#11389,#11403,#11419,#11432,#11445,#11455,#11467,#11480,#11495,#11506,#11521,#11534,#11548,#11563,#11577,#11592,#11604,#11621,#11635,#11652,#11666,#11686,#11706,#11725,#11744,#11761,#11775,#11791,#11807,#11821,#11835,#11854,#11865,#11882,#11903,#11916,#11933,#11950,#11962,#11977,#11991,#12004,#12014,#12029,#12040,#12058,#12074,#12092,#12106,#12117,#12129,#12142,#12157,#12169,#12182,#12197,#12207,#12222,#12234,#12245,#12256,#12273,#12287,#12302,#12316,#12331,#12342,#12364,#12378,#12392,#12408,#12418,#12433,#12449,#12465,#12475,#12488,#12505,#12519,#12535,#12545,#12559,#12572,#12585,#12597,#12611,#12624,#12635,#12646,#12658,#12669,#12679,#12687,#12701,#12710,#12727,#12744,#12759,#12772,#12786,#12801,#12813,#12830,#12847,#12864,#12881,#12895,#12911,#12924,#12937,#12949,#12966,#12979,#12996,#13013,#13031,#13046,#13062,#13077,#13094,#13115,#13132,#13147,#13164,#13181,#13198,#13215,#13232,#13245,#13265,#13283,#13297));
#13299=MANIFOLD_SOLID_BREP('',#13298);
#13300=COLOUR_RGB('',0.6901960784313725,0.5176470588235295,0.3607843137254902);
#13301=FILL_AREA_STYLE_COLOUR('',#13300);
#13302=FILL_AREA_STYLE('',(#13301));
#13303=SURFACE_STYLE_FILL_AREA(#13302);
#13304=SURFACE_SIDE_STYLE('',(#13303));
#13305=SURFACE_STYLE_USAGE(.BOTH.,#13304);
#13306=PRESENTATION_STYLE_ASSIGNMENT((#13305));
#13307=STYLED_ITEM('',(#13306),#13299);
#13308=ADVANCED_BREP_SHAPE_REPRESENTATION('',(#13299),*);
#13309=PRODUCT_DEFINITION('','',*,*);
#13310=PRODUCT_DEFINITION_SHAPE('','',#13309);
#13311=SHAPE_REPRESENTATION('',(#13),*);
#13312=SHAPE_DEFINITION_REPRESENTATION(#13310,#13311);
#13313=SHAPE_REPRESENTATION_RELATIONSHIP('','',#13311,#13308);
ENDSEC;
END-ISO-10303-21;
